severity,sheet_name,source_row,record_type,title,message
info,Group Head,9,kai,Pelaksanaan inisiatif strategis efisiensi biaya pada Group Pengembangan SSC,KAI period inferred from KPI Output Frequency because the source sheet does not provide a separate KAI period column.
info,Group Head,10,kai,Pelaksanaan perhitungan dan pelaporan Pajak Penghasilan (PPH) secara tepat waktu dan akurat,KAI period inferred from KPI Output Frequency because the source sheet does not provide a separate KAI period column.
info,Group Head,11,kai,Pelaksanaan perhitungan dan pelaporan Pajak Pertambahan Nilai (PPN) secara tepat dan akurat,KAI period inferred from KPI Output Frequency because the source sheet does not provide a separate KAI period column.
info,Group Head,12,output,(blank),Dropped OUTPUT row because output weight is blank.
info,Group Head,13,output,(blank),Dropped OUTPUT row because output weight is blank.
info,Group Head,14,kai,Pelaksanaan monitoring dan evaluasi pemenuhan SLA layanan SSC,KAI period inferred from KPI Output Frequency because the source sheet does not provide a separate KAI period column.
info,Group Head,15,output,(blank),Dropped OUTPUT row because output weight is blank.
info,Group Head,16,output,(blank),Dropped OUTPUT row because output weight is blank.
info,Group Head,17,output,(blank),Dropped OUTPUT row because output weight is blank.
info,Group Head,18,output,(blank),Dropped OUTPUT row because output weight is blank.
info,Group Head,19,kai,"Mengkoordinasikan, menjaga alignment, mengintegrasikan, dan mengkonsolidasikan pelaksanaan roll-out fungsi Shared Service Center",KAI period inferred from KPI Output Frequency because the source sheet does not provide a separate KAI period column.
info,Group Head,20,kai,Pelaksanaan pengembangan sistem untuk memperkuat fungsi SSC,KAI period inferred from KPI Output Frequency because the source sheet does not provide a separate KAI period column.
info,Group Head,21,kai,Pelaksanaan survey layanan SSC,KAI period inferred from KPI Output Frequency because the source sheet does not provide a separate KAI period column.
info,Group Head,22,kai,Pelaksanaan pengembangan dashboard SSC SDM dan Pengadaan,KAI period inferred from KPI Output Frequency because the source sheet does not provide a separate KAI period column.
info,Group Head,23,kai,"Mengkoordinasikan, menjaga alignment, mengintegrasikan, dan mengkonsolidasikan pelaksanaan penyelesaian temuan audit",KAI period inferred from KPI Output Frequency because the source sheet does not provide a separate KAI period column.
info,Group Head,24,kai,"Mengkoordinasikan, menjaga alignment, mengintegrasikan, dan mengkonsolidasikan pelaksanaan verifikasi pembayaran hutang usaha",KAI period inferred from KPI Output Frequency because the source sheet does not provide a separate KAI period column.
info,DH Layanan Keuangan Timur,9,kai,Pelaksanaan inisiatif strategis efisiensi biaya pada Group Pengembangan SSC,KAI period inferred from KPI Output Frequency because the source sheet does not provide a separate KAI period column.
info,DH Layanan Keuangan Timur,10,output,(blank),Dropped OUTPUT row because output weight is blank.
info,DH Layanan Keuangan Timur,11,output,(blank),Dropped OUTPUT row because output weight is blank.
info,DH Layanan Keuangan Timur,12,output,(blank),Dropped OUTPUT row because output weight is blank.
info,DH Layanan Keuangan Timur,13,output,(blank),Dropped OUTPUT row because output weight is blank.
info,DH Layanan Keuangan Timur,14,output,(blank),Dropped OUTPUT row because output weight is blank.
info,DH Layanan Keuangan Timur,15,output,(blank),Dropped OUTPUT row because output weight is blank.
info,DH Layanan Keuangan Timur,16,output,(blank),Dropped OUTPUT row because output weight is blank.
info,DH Layanan Keuangan Timur,17,kai,Pelaksanaan pengembangan sistem untuk memperkuat fungsi SSC,KAI period inferred from KPI Output Frequency because the source sheet does not provide a separate KAI period column.
info,DH Layanan Keuangan Timur,18,kai,Pelaksanaan survey layanan SSC,KAI period inferred from KPI Output Frequency because the source sheet does not provide a separate KAI period column.
info,DH Layanan Keuangan Timur,19,kai,"Mengkoordinasikan, menjaga alignment, mengintegrasikan, dan mengkonsolidasikan pelaksanaan penyelesaian temuan audit",KAI period inferred from KPI Output Frequency because the source sheet does not provide a separate KAI period column.
info,DH Layanan Keuangan Timur,20,kai,"Mengkoordinasikan, menjaga alignment, mengintegrasikan, dan mengkonsolidasikan pelaksanaan verifikasi pembayaran hutang usaha",KAI period inferred from KPI Output Frequency because the source sheet does not provide a separate KAI period column.
info,Manager Layanan Keuangan Timur1,9,kai,Pelaksanaan inisiatif strategis efisiensi biaya pada Group Pengembangan SSC,KAI period inferred from KPI Output Frequency because the source sheet does not provide a separate KAI period column.
info,Manager Layanan Keuangan Timur1,10,output,(blank),Dropped OUTPUT row because output weight is blank.
info,Manager Layanan Keuangan Timur1,11,output,(blank),Dropped OUTPUT row because output weight is blank.
info,Manager Layanan Keuangan Timur1,12,output,(blank),Dropped OUTPUT row because output weight is blank.
info,Manager Layanan Keuangan Timur1,13,output,(blank),Dropped OUTPUT row because output weight is blank.
info,Manager Layanan Keuangan Timur1,14,output,(blank),Dropped OUTPUT row because output weight is blank.
info,Manager Layanan Keuangan Timur1,16,output,(blank),Dropped OUTPUT row because output weight is blank.
info,Manager Layanan Keuangan Timur1,17,kai,Pelaksanaan pengembangan sistem untuk memperkuat fungsi SSC,KAI period inferred from KPI Output Frequency because the source sheet does not provide a separate KAI period column.
info,Manager Layanan Keuangan Timur1,18,kai,Pelaksanaan survey layanan SSC,KAI period inferred from KPI Output Frequency because the source sheet does not provide a separate KAI period column.
info,Manager Layanan Keuangan Timur1,19,kai,"Mengkoordinasikan, menjaga alignment, mengintegrasikan, dan mengkonsolidasikan pelaksanaan penyelesaian temuan audit",KAI period inferred from KPI Output Frequency because the source sheet does not provide a separate KAI period column.
info,Manager Layanan Keuangan Timur1,20,kai,"Mengkoordinasikan, menjaga alignment, mengintegrasikan, dan mengkonsolidasikan pelaksanaan verifikasi pembayaran hutang usaha",KAI period inferred from KPI Output Frequency because the source sheet does not provide a separate KAI period column.
info,Officer Layanan Keuangan Timur1,,sheet,Officer Layanan Keuangan Timur1,Position scope is neglect; sheet output was skipped.
info,Manager Layanan Keuangan Timur2,9,kai,Pelaksanaan inisiatif strategis efisiensi biaya pada Group Pengembangan SSC,KAI period inferred from KPI Output Frequency because the source sheet does not provide a separate KAI period column.
info,Manager Layanan Keuangan Timur2,10,output,(blank),Dropped OUTPUT row because output weight is blank.
info,Manager Layanan Keuangan Timur2,11,output,(blank),Dropped OUTPUT row because output weight is blank.
info,Manager Layanan Keuangan Timur2,12,output,(blank),Dropped OUTPUT row because output weight is blank.
info,Manager Layanan Keuangan Timur2,13,output,(blank),Dropped OUTPUT row because output weight is blank.
info,Manager Layanan Keuangan Timur2,14,output,(blank),Dropped OUTPUT row because output weight is blank.
info,Manager Layanan Keuangan Timur2,15,output,(blank),Dropped OUTPUT row because output weight is blank.
info,Manager Layanan Keuangan Timur2,16,output,(blank),Dropped OUTPUT row because output weight is blank.
info,Manager Layanan Keuangan Timur2,17,kai,Pelaksanaan pengembangan sistem untuk memperkuat fungsi SSC,KAI period inferred from KPI Output Frequency because the source sheet does not provide a separate KAI period column.
info,Manager Layanan Keuangan Timur2,18,kai,Pelaksanaan survey layanan SSC,KAI period inferred from KPI Output Frequency because the source sheet does not provide a separate KAI period column.
info,Manager Layanan Keuangan Timur2,19,kai,"Mengkoordinasikan, menjaga alignment, mengintegrasikan, dan mengkonsolidasikan pelaksanaan penyelesaian temuan audit",KAI period inferred from KPI Output Frequency because the source sheet does not provide a separate KAI period column.
info,Manager Layanan Keuangan Timur2,20,kai,"Mengkoordinasikan, menjaga alignment, mengintegrasikan, dan mengkonsolidasikan pelaksanaan verifikasi pembayaran hutang usaha",KAI period inferred from KPI Output Frequency because the source sheet does not provide a separate KAI period column.
info,Officer Layanan Keuangan Timur2,,sheet,Officer Layanan Keuangan Timur2,Position scope is neglect; sheet output was skipped.
info,Manager Layanan Keuangan Barat1,9,kai,Pelaksanaan inisiatif strategis efisiensi biaya pada Group Pengembangan SSC,KAI period inferred from KPI Output Frequency because the source sheet does not provide a separate KAI period column.
info,Manager Layanan Keuangan Barat1,10,output,(blank),Dropped OUTPUT row because output weight is blank.
info,Manager Layanan Keuangan Barat1,11,output,(blank),Dropped OUTPUT row because output weight is blank.
info,Manager Layanan Keuangan Barat1,12,output,(blank),Dropped OUTPUT row because output weight is blank.
info,Manager Layanan Keuangan Barat1,13,output,(blank),Dropped OUTPUT row because output weight is blank.
info,Manager Layanan Keuangan Barat1,14,output,(blank),Dropped OUTPUT row because output weight is blank.
info,Manager Layanan Keuangan Barat1,15,output,(blank),Dropped OUTPUT row because output weight is blank.
info,Manager Layanan Keuangan Barat1,16,output,(blank),Dropped OUTPUT row because output weight is blank.
info,Manager Layanan Keuangan Barat1,17,kai,Pelaksanaan pengembangan sistem untuk memperkuat fungsi SSC,KAI period inferred from KPI Output Frequency because the source sheet does not provide a separate KAI period column.
info,Manager Layanan Keuangan Barat1,18,kai,Pelaksanaan survey layanan SSC,KAI period inferred from KPI Output Frequency because the source sheet does not provide a separate KAI period column.
info,Manager Layanan Keuangan Barat1,19,kai,"Mengkoordinasikan, menjaga alignment, mengintegrasikan, dan mengkonsolidasikan pelaksanaan penyelesaian temuan audit",KAI period inferred from KPI Output Frequency because the source sheet does not provide a separate KAI period column.
info,Manager Layanan Keuangan Barat1,20,kai,"Mengkoordinasikan, menjaga alignment, mengintegrasikan, dan mengkonsolidasikan pelaksanaan verifikasi pembayaran hutang usaha",KAI period inferred from KPI Output Frequency because the source sheet does not provide a separate KAI period column.
info,Officer Layanan Keuangan Barat1,,sheet,Officer Layanan Keuangan Barat1,Position scope is neglect; sheet output was skipped.
info,Manager Layanan Keuangan Barat2,9,kai,Pelaksanaan inisiatif strategis efisiensi biaya pada Group Pengembangan SSC,KAI period inferred from KPI Output Frequency because the source sheet does not provide a separate KAI period column.
info,Manager Layanan Keuangan Barat2,10,output,(blank),Dropped OUTPUT row because output weight is blank.
info,Manager Layanan Keuangan Barat2,11,output,(blank),Dropped OUTPUT row because output weight is blank.
info,Manager Layanan Keuangan Barat2,12,output,(blank),Dropped OUTPUT row because output weight is blank.
info,Manager Layanan Keuangan Barat2,13,output,(blank),Dropped OUTPUT row because output weight is blank.
info,Manager Layanan Keuangan Barat2,14,output,(blank),Dropped OUTPUT row because output weight is blank.
info,Manager Layanan Keuangan Barat2,15,output,(blank),Dropped OUTPUT row because output weight is blank.
info,Manager Layanan Keuangan Barat2,16,output,(blank),Dropped OUTPUT row because output weight is blank.
info,Manager Layanan Keuangan Barat2,17,kai,Pelaksanaan pengembangan sistem untuk memperkuat fungsi SSC,KAI period inferred from KPI Output Frequency because the source sheet does not provide a separate KAI period column.
info,Manager Layanan Keuangan Barat2,18,kai,Pelaksanaan survey layanan SSC,KAI period inferred from KPI Output Frequency because the source sheet does not provide a separate KAI period column.
info,Manager Layanan Keuangan Barat2,19,kai,"Mengkoordinasikan, menjaga alignment, mengintegrasikan, dan mengkonsolidasikan pelaksanaan penyelesaian temuan audit",KAI period inferred from KPI Output Frequency because the source sheet does not provide a separate KAI period column.
info,Manager Layanan Keuangan Barat2,20,kai,"Mengkoordinasikan, menjaga alignment, mengintegrasikan, dan mengkonsolidasikan pelaksanaan verifikasi pembayaran hutang usaha",KAI period inferred from KPI Output Frequency because the source sheet does not provide a separate KAI period column.
info,Officer Layanan Keuangan Barat2,,sheet,Officer Layanan Keuangan Barat2,Position scope is neglect; sheet output was skipped.
info,DH Layanan Keuangan Barat,9,kai,Pelaksanaan inisiatif strategis efisiensi biaya pada Group Pengembangan SSC,KAI period inferred from KPI Output Frequency because the source sheet does not provide a separate KAI period column.
info,DH Layanan Keuangan Barat,10,output,(blank),Dropped OUTPUT row because output weight is blank.
info,DH Layanan Keuangan Barat,11,output,(blank),Dropped OUTPUT row because output weight is blank.
info,DH Layanan Keuangan Barat,12,output,(blank),Dropped OUTPUT row because output weight is blank.
info,DH Layanan Keuangan Barat,13,output,(blank),Dropped OUTPUT row because output weight is blank.
info,DH Layanan Keuangan Barat,14,output,(blank),Dropped OUTPUT row because output weight is blank.
info,DH Layanan Keuangan Barat,15,output,(blank),Dropped OUTPUT row because output weight is blank.
info,DH Layanan Keuangan Barat,16,output,(blank),Dropped OUTPUT row because output weight is blank.
info,DH Layanan Keuangan Barat,17,kai,Pelaksanaan pengembangan sistem untuk memperkuat fungsi SSC,KAI period inferred from KPI Output Frequency because the source sheet does not provide a separate KAI period column.
info,DH Layanan Keuangan Barat,18,kai,Pelaksanaan survey layanan SSC,KAI period inferred from KPI Output Frequency because the source sheet does not provide a separate KAI period column.
info,DH Layanan Keuangan Barat,19,kai,"Mengkoordinasikan, menjaga alignment, mengintegrasikan, dan mengkonsolidasikan pelaksanaan penyelesaian temuan audit",KAI period inferred from KPI Output Frequency because the source sheet does not provide a separate KAI period column.
info,DH Layanan Keuangan Barat,20,kai,"Mengkoordinasikan, menjaga alignment, mengintegrasikan, dan mengkonsolidasikan pelaksanaan verifikasi pembayaran hutang usaha",KAI period inferred from KPI Output Frequency because the source sheet does not provide a separate KAI period column.
info,DH SSC SDM dan Pengadaan,9,kai,Pelaksanaan inisiatif strategis efisiensi biaya pada Group Pengembangan SSC,KAI period inferred from KPI Output Frequency because the source sheet does not provide a separate KAI period column.
info,DH SSC SDM dan Pengadaan,10,output,(blank),Dropped OUTPUT row because output weight is blank.
info,DH SSC SDM dan Pengadaan,11,kai,"Mengkoordinasikan, menjaga alignment, mengintegrasikan, dan mengkonsolidasikan pelaksanaan peningkatan volume transaksi PaDI UMKM oleh Manager",KAI period inferred from KPI Output Frequency because the source sheet does not provide a separate KAI period column.
info,DH SSC SDM dan Pengadaan,12,kai,Pelaksanaan monitoring dan evaluasi pemenuhan SLA layanan SSC Pengadaan dan SDM,KAI period inferred from KPI Output Frequency because the source sheet does not provide a separate KAI period column.
info,DH SSC SDM dan Pengadaan,13,kai,Pelaksanaan survey layanan SSC,KAI period inferred from KPI Output Frequency because the source sheet does not provide a separate KAI period column.
info,DH SSC SDM dan Pengadaan,14,output,(blank),Dropped OUTPUT row because output weight is blank.
info,DH SSC SDM dan Pengadaan,15,output,(blank),Dropped OUTPUT row because output weight is blank.
info,DH SSC SDM dan Pengadaan,16,output,(blank),Dropped OUTPUT row because output weight is blank.
info,DH SSC SDM dan Pengadaan,17,output,(blank),Dropped OUTPUT row because output weight is blank.
info,DH SSC SDM dan Pengadaan,18,kai,"Mengkoordinasikan, menjaga alignment, mengintegrasikan, dan mengkonsolidasikan pelaksanaan roll-out fungsi SSC SDM dan Pengadaan",KAI period inferred from KPI Output Frequency because the source sheet does not provide a separate KAI period column.
info,DH SSC SDM dan Pengadaan,19,kai,"Mengkoordinasikan, menjaga alignment, mengintegrasikan, dan mengkonsolidasikan pelaksanaan penyelesaian temuan audit",KAI period inferred from KPI Output Frequency because the source sheet does not provide a separate KAI period column.
info,Manager Pelayanan SDM,9,output,(blank),Dropped OUTPUT row because output weight is blank.
info,Manager Pelayanan SDM,10,output,(blank),Dropped OUTPUT row because output weight is blank.
info,Manager Pelayanan SDM,11,output,(blank),Dropped OUTPUT row because output weight is blank.
info,Manager Pelayanan SDM,12,kai,Pelaksanaan proses pembayaran payroll secara tepat waktu sesuai SLA,KAI period inferred from KPI Output Frequency because the source sheet does not provide a separate KAI period column.
info,Manager Pelayanan SDM,13,output,(blank),Dropped OUTPUT row because output weight is blank.
info,Manager Pelayanan SDM,14,output,(blank),Dropped OUTPUT row because output weight is blank.
info,Manager Pelayanan SDM,15,output,(blank),Dropped OUTPUT row because output weight is blank.
info,Manager Pelayanan SDM,16,output,(blank),Dropped OUTPUT row because output weight is blank.
info,Manager Pelayanan SDM,17,kai,"Mengkoordinasikan, menjaga alignment, mengintegrasikan, dan mengkonsolidasikan pelaksanaan roll-out fungsi ssc pelayanan sdm",KAI period inferred from KPI Output Frequency because the source sheet does not provide a separate KAI period column.
info,Manager Pelayanan SDM,18,kai,Pelaksanaan update posisi pekerja sesuai SLA setelah SK Mutasi diterima,KAI period inferred from KPI Output Frequency because the source sheet does not provide a separate KAI period column.
info,Manager Pelayanan SDM,19,kai,Pelaksanaan proses persiapan data kenaikan pangkat/golongan/merit,KAI period inferred from KPI Output Frequency because the source sheet does not provide a separate KAI period column.
info,Manager Pelayanan SDM,20,kai,"Mengkoordinasikan, menjaga alignment, mengintegrasikan, dan mengkonsolidasikan pelaksanaan penyelesaian temuan audit",KAI period inferred from KPI Output Frequency because the source sheet does not provide a separate KAI period column.
info,Manager Pelayanan SDM,21,kai,Pelaksanaan penerbitan SPPD pada sistem P-Travel,KAI period inferred from KPI Output Frequency because the source sheet does not provide a separate KAI period column.
info,TL Employee Service 1,9,output,(blank),Dropped OUTPUT row because output weight is blank.
info,TL Employee Service 1,10,output,(blank),Dropped OUTPUT row because output weight is blank.
info,TL Employee Service 1,11,output,(blank),Dropped OUTPUT row because output weight is blank.
info,TL Employee Service 1,12,kai,"Mengkoordinasikan, menjaga alignment, mengintegrasikan, dan mengkonsolidasikan pelaksanaan verifikasi tagihan vendor travel oleh Officer",KAI period inferred from KPI Output Frequency because the source sheet does not provide a separate KAI period column.
info,TL Employee Service 1,13,output,(blank),Dropped OUTPUT row because output weight is blank.
info,TL Employee Service 1,14,output,(blank),Dropped OUTPUT row because output weight is blank.
info,TL Employee Service 1,15,output,(blank),Dropped OUTPUT row because output weight is blank.
info,TL Employee Service 1,16,output,(blank),Dropped OUTPUT row because output weight is blank.
info,TL Employee Service 1,17,output,(blank),Dropped OUTPUT row because output weight is blank.
info,TL Employee Service 1,18,kai,"Mengkoordinasikan, menjaga alignment, mengintegrasikan, dan mengkonsolidasikan pelaksanaan roll-out fungsi SSC SDM dan Pengadaan",KAI period inferred from KPI Output Frequency because the source sheet does not provide a separate KAI period column.
info,TL Employee Service 1,19,kai,"Mengkoordinasikan, menjaga alignment, mengintegrasikan, dan mengkonsolidasikan pelaksanaan verifikasi, review, dan validasi klaim reimburse SPPD",KAI period inferred from KPI Output Frequency because the source sheet does not provide a separate KAI period column.
info,TL Employee Service 1,20,kai,"Mengkoordinasikan, menjaga alignment, mengintegrasikan, dan mengkonsolidasikan pelaksanaan update data STO jabatan sesuai SLA oleh Officer",KAI period inferred from KPI Output Frequency because the source sheet does not provide a separate KAI period column.
info,TL Employee Service 1,21,kai,Pelaksanaan proses persiapan data kenaikan pangkat/golongan/merit,KAI period inferred from KPI Output Frequency because the source sheet does not provide a separate KAI period column.
info,TL Employee Service 1,22,kai,"Mengkoordinasikan, menjaga alignment, mengintegrasikan, dan mengkonsolidasikan pelaksanaan penerbitan SK bagi pekerja yang masuk masa pensiun oleh Officer",KAI period inferred from KPI Output Frequency because the source sheet does not provide a separate KAI period column.
info,TL Employee Service 1,23,kai,"Mengkoordinasikan, menjaga alignment, mengintegrasikan, dan mengkonsolidasikan pelaksanaan pengkinian data pekerja oleh Officer",KAI period inferred from KPI Output Frequency because the source sheet does not provide a separate KAI period column.
info,TL Employee Service 1,24,kai,"Mengkoordinasikan, menjaga alignment, mengintegrasikan, dan mengkonsolidasikan pelaksanaan penyelesaian temuan audit",KAI period inferred from KPI Output Frequency because the source sheet does not provide a separate KAI period column.
info,TL Employee Service 1,25,kai,Pelaksanaan penerbitan SPPD pada sistem P-Travel,KAI period inferred from KPI Output Frequency because the source sheet does not provide a separate KAI period column.
info,Officer Employee Service 1,,sheet,Officer Employee Service 1,Position scope is neglect; sheet output was skipped.
info,TL Employee Service 2,9,output,(blank),Dropped OUTPUT row because output weight is blank.
info,TL Employee Service 2,10,output,(blank),Dropped OUTPUT row because output weight is blank.
info,TL Employee Service 2,11,output,(blank),Dropped OUTPUT row because output weight is blank.
info,TL Employee Service 2,12,kai,"Mengkoordinasikan, menjaga alignment, mengintegrasikan, dan mengkonsolidasikan pelaksanaan verifikasi tagihan vendor travel oleh Officer",KAI period inferred from KPI Output Frequency because the source sheet does not provide a separate KAI period column.
info,TL Employee Service 2,13,output,(blank),Dropped OUTPUT row because output weight is blank.
info,TL Employee Service 2,14,output,(blank),Dropped OUTPUT row because output weight is blank.
info,TL Employee Service 2,15,output,(blank),Dropped OUTPUT row because output weight is blank.
info,TL Employee Service 2,16,output,(blank),Dropped OUTPUT row because output weight is blank.
info,TL Employee Service 2,17,output,(blank),Dropped OUTPUT row because output weight is blank.
info,TL Employee Service 2,18,kai,"Mengkoordinasikan, menjaga alignment, mengintegrasikan, dan mengkonsolidasikan pelaksanaan roll-out fungsi SSC SDM dan Pengadaan",KAI period inferred from KPI Output Frequency because the source sheet does not provide a separate KAI period column.
info,TL Employee Service 2,19,kai,"Mengkoordinasikan, menjaga alignment, mengintegrasikan, dan mengkonsolidasikan pelaksanaan verifikasi, review, dan validasi klaim reimburse SPPD",KAI period inferred from KPI Output Frequency because the source sheet does not provide a separate KAI period column.
info,TL Employee Service 2,20,kai,"Mengkoordinasikan, menjaga alignment, mengintegrasikan, dan mengkonsolidasikan pelaksanaan update data STO jabatan sesuai SLA oleh Officer",KAI period inferred from KPI Output Frequency because the source sheet does not provide a separate KAI period column.
info,TL Employee Service 2,21,kai,Pelaksanaan proses persiapan data kenaikan pangkat/golongan/merit,KAI period inferred from KPI Output Frequency because the source sheet does not provide a separate KAI period column.
info,TL Employee Service 2,22,kai,"Mengkoordinasikan, menjaga alignment, mengintegrasikan, dan mengkonsolidasikan pelaksanaan penerbitan SK bagi pekerja yang masuk masa pensiun oleh Officer",KAI period inferred from KPI Output Frequency because the source sheet does not provide a separate KAI period column.
info,TL Employee Service 2,23,kai,"Mengkoordinasikan, menjaga alignment, mengintegrasikan, dan mengkonsolidasikan pelaksanaan pengkinian data pekerja oleh Officer",KAI period inferred from KPI Output Frequency because the source sheet does not provide a separate KAI period column.
info,TL Employee Service 2,24,kai,"Mengkoordinasikan, menjaga alignment, mengintegrasikan, dan mengkonsolidasikan pelaksanaan penyelesaian temuan audit",KAI period inferred from KPI Output Frequency because the source sheet does not provide a separate KAI period column.
info,TL Employee Service 2,25,kai,Pelaksanaan penerbitan SPPD pada sistem P-Travel,KAI period inferred from KPI Output Frequency because the source sheet does not provide a separate KAI period column.
info,Officer Employee Service 2,,sheet,Officer Employee Service 2,Position scope is neglect; sheet output was skipped.
info,TL Employee Service 3,9,output,(blank),Dropped OUTPUT row because output weight is blank.
info,TL Employee Service 3,10,output,(blank),Dropped OUTPUT row because output weight is blank.
info,TL Employee Service 3,11,output,(blank),Dropped OUTPUT row because output weight is blank.
info,TL Employee Service 3,12,kai,"Mengkoordinasikan, menjaga alignment, mengintegrasikan, dan mengkonsolidasikan pelaksanaan verifikasi tagihan vendor travel oleh Officer",KAI period inferred from KPI Output Frequency because the source sheet does not provide a separate KAI period column.
info,TL Employee Service 3,13,output,(blank),Dropped OUTPUT row because output weight is blank.
info,TL Employee Service 3,14,output,(blank),Dropped OUTPUT row because output weight is blank.
info,TL Employee Service 3,15,output,(blank),Dropped OUTPUT row because output weight is blank.
info,TL Employee Service 3,16,output,(blank),Dropped OUTPUT row because output weight is blank.
info,TL Employee Service 3,17,output,(blank),Dropped OUTPUT row because output weight is blank.
info,TL Employee Service 3,18,kai,Pelaksanaan penambahan unit kerja yang dilayani fungsi layanan SDM oleh SSC SDM,KAI period inferred from KPI Output Frequency because the source sheet does not provide a separate KAI period column.
info,TL Employee Service 3,19,kai,"Mengkoordinasikan, menjaga alignment, mengintegrasikan, dan mengkonsolidasikan pelaksanaan verifikasi, review, dan validasi klaim reimburse SPPD oleh Officer dan Senior Officer",KAI period inferred from KPI Output Frequency because the source sheet does not provide a separate KAI period column.
info,TL Employee Service 3,20,kai,"Mengkoordinasikan, menjaga alignment, mengintegrasikan, dan mengkonsolidasikan pelaksanaan update data STO jabatan sesuai SLA oleh Officer",KAI period inferred from KPI Output Frequency because the source sheet does not provide a separate KAI period column.
info,TL Employee Service 3,21,kai,"Mengkoordinasikan, menjaga alignment, mengintegrasikan, dan mengkonsolidasikan pelaksanaan penyelesaian temuan audit",KAI period inferred from KPI Output Frequency because the source sheet does not provide a separate KAI period column.
info,TL Employee Service 3,22,kai,"Mengkoordinasikan, menjaga alignment, mengintegrasikan, dan mengkonsolidasikan pelaksanaan pengkinian data pekerja oleh Officer",KAI period inferred from KPI Output Frequency because the source sheet does not provide a separate KAI period column.
info,TL Employee Service 3,23,kai,Pelaksanaan penerbitan SPPD pada sistem P-Travel,KAI period inferred from KPI Output Frequency because the source sheet does not provide a separate KAI period column.
info,Officer Employee Service 3,,sheet,Officer Employee Service 3,Position scope is neglect; sheet output was skipped.
info,TL Payroll Comben 1,9,kai,"Mengkoordinasikan, menjaga alignment, mengintegrasikan, dan mengkonsolidasikan pelaksanaan proses penyusunan surat tagihan potongan pekerja",KAI period inferred from KPI Output Frequency because the source sheet does not provide a separate KAI period column.
info,TL Payroll Comben 1,10,output,(blank),Dropped OUTPUT row because output weight is blank.
info,TL Payroll Comben 1,11,output,(blank),Dropped OUTPUT row because output weight is blank.
info,TL Payroll Comben 1,12,kai,"Pelaksanaan proses pembayaran payroll T25 secara tepat waktu di R1, R2, SH, dan Anper yang dikelola",KAI period inferred from KPI Output Frequency because the source sheet does not provide a separate KAI period column.
info,TL Payroll Comben 1,13,output,(blank),Dropped OUTPUT row because output weight is blank.
info,TL Payroll Comben 1,14,output,(blank),Dropped OUTPUT row because output weight is blank.
info,TL Payroll Comben 1,15,output,(blank),Dropped OUTPUT row because output weight is blank.
info,TL Payroll Comben 1,16,output,(blank),Dropped OUTPUT row because output weight is blank.
info,TL Payroll Comben 1,17,output,(blank),Dropped OUTPUT row because output weight is blank.
info,TL Payroll Comben 1,18,kai,"Mengkoordinasikan, menjaga alignment, mengintegrasikan, dan mengkonsolidasikan pelaksanaan pembayaran BPJS",KAI period inferred from KPI Output Frequency because the source sheet does not provide a separate KAI period column.
info,TL Payroll Comben 1,19,kai,"Mengkoordinasikan, menjaga alignment, mengintegrasikan, dan mengkonsolidasikan pelaksanaan roll-out fungsi SSC SDM",KAI period inferred from KPI Output Frequency because the source sheet does not provide a separate KAI period column.
info,TL Payroll Comben 1,20,kai,"Mengkoordinasikan, menjaga alignment, mengintegrasikan, dan mengkonsolidasikan pelaksanaan penyelesaian temuan audit",KAI period inferred from KPI Output Frequency because the source sheet does not provide a separate KAI period column.
info,TL Payroll Comben 1,21,kai,"Mengkoordinasikan, menjaga alignment, mengintegrasikan, dan mengkonsolidasikan pelaksanaan Pembayaran PMB dan penghasilan non-bulanan pekerja pensiun",KAI period inferred from KPI Output Frequency because the source sheet does not provide a separate KAI period column.
info,Officer Payroll Comben 1,,sheet,Officer Payroll Comben 1,Position scope is neglect; sheet output was skipped.
info,TL Payroll Comben 2,9,kai,"Mengkoordinasikan, menjaga alignment, mengintegrasikan, dan mengkonsolidasikan pelaksanaan proses penyusunan surat tagihan potongan pekerja",KAI period inferred from KPI Output Frequency because the source sheet does not provide a separate KAI period column.
info,TL Payroll Comben 2,10,output,(blank),Dropped OUTPUT row because output weight is blank.
info,TL Payroll Comben 2,11,output,(blank),Dropped OUTPUT row because output weight is blank.
info,TL Payroll Comben 2,12,kai,"Pelaksanaan proses pembayaran payroll T25 secara tepat waktu di R3, R4, SH, dan Anper yang dikelola",KAI period inferred from KPI Output Frequency because the source sheet does not provide a separate KAI period column.
info,TL Payroll Comben 2,13,output,(blank),Dropped OUTPUT row because output weight is blank.
info,TL Payroll Comben 2,14,output,(blank),Dropped OUTPUT row because output weight is blank.
info,TL Payroll Comben 2,15,output,(blank),Dropped OUTPUT row because output weight is blank.
info,TL Payroll Comben 2,16,output,(blank),Dropped OUTPUT row because output weight is blank.
info,TL Payroll Comben 2,17,output,(blank),Dropped OUTPUT row because output weight is blank.
info,TL Payroll Comben 2,18,kai,"Mengkoordinasikan, menjaga alignment, mengintegrasikan, dan mengkonsolidasikan pelaksanaan pembayaran BPJS",KAI period inferred from KPI Output Frequency because the source sheet does not provide a separate KAI period column.
info,TL Payroll Comben 2,19,kai,"Mengkoordinasikan, menjaga alignment, mengintegrasikan, dan mengkonsolidasikan pelaksanaan penyelesaian temuan audit",KAI period inferred from KPI Output Frequency because the source sheet does not provide a separate KAI period column.
info,TL Payroll Comben 2,20,kai,"Mengkoordinasikan, menjaga alignment, mengintegrasikan, dan mengkonsolidasikan pelaksanaan roll-out fungsi SSC SDM",KAI period inferred from KPI Output Frequency because the source sheet does not provide a separate KAI period column.
info,TL Payroll Comben 2,21,kai,"Mengkoordinasikan, menjaga alignment, mengintegrasikan, dan mengkonsolidasikan pelaksanaan Pembayaran PMB dan penghasilan non-bulanan pekerja pensiun",KAI period inferred from KPI Output Frequency because the source sheet does not provide a separate KAI period column.
info,Officer Payroll Comben 2,,sheet,Officer Payroll Comben 2,Position scope is neglect; sheet output was skipped.
info,Manager Pelayanan Pengadaan,9,output,(blank),Dropped OUTPUT row because output weight is blank.
info,Manager Pelayanan Pengadaan,10,output,(blank),Dropped OUTPUT row because output weight is blank.
info,Manager Pelayanan Pengadaan,11,kai,Pelaksanaan peningkatan volume transaksi PaDI UMKM,KAI period inferred from KPI Output Frequency because the source sheet does not provide a separate KAI period column.
info,Manager Pelayanan Pengadaan,12,kai,"Mengkoordinasikan, menjaga alignment, mengintegrasikan, dan mengkonsolidasikan pelaksanaan survei dan pengumpulan data kepuasan vendor",KAI period inferred from KPI Output Frequency because the source sheet does not provide a separate KAI period column.
info,Manager Pelayanan Pengadaan,13,output,(blank),Dropped OUTPUT row because output weight is blank.
info,Manager Pelayanan Pengadaan,14,output,(blank),Dropped OUTPUT row because output weight is blank.
info,Manager Pelayanan Pengadaan,15,output,(blank),Dropped OUTPUT row because output weight is blank.
info,Manager Pelayanan Pengadaan,16,output,(blank),Dropped OUTPUT row because output weight is blank.
info,Manager Pelayanan Pengadaan,17,kai,"Mengkoordinasikan, menjaga alignment, mengintegrasikan, dan mengkonsolidasikan pelaksanaan roll-out fungsi ssc pelayanan pengadaan",KAI period inferred from KPI Output Frequency because the source sheet does not provide a separate KAI period column.
info,Manager Pelayanan Pengadaan,18,kai,"Mengkoordinasikan, menjaga alignment, mengintegrasikan, dan mengkonsolidasikan pelaksanaan register/update master data",KAI period inferred from KPI Output Frequency because the source sheet does not provide a separate KAI period column.
info,Manager Pelayanan Pengadaan,19,kai,"Mengkoordinasikan, menjaga alignment, mengintegrasikan, dan mengkonsolidasikan pelaksanaan pembuatan dashboard SSC Pengadaan",KAI period inferred from KPI Output Frequency because the source sheet does not provide a separate KAI period column.
info,Manager Pelayanan Pengadaan,20,kai,"Mengkoordinasikan, menjaga alignment, mengintegrasikan, dan mengkonsolidasikan pelaksanaan proses pemilihan penyedia sesuai SLA oleh Team Lead",KAI period inferred from KPI Output Frequency because the source sheet does not provide a separate KAI period column.
info,Manager Pelayanan Pengadaan,21,kai,"Mengkoordinasikan, menjaga alignment, mengintegrasikan, dan mengkonsolidasikan pelaksanaan penerbitan PO/OA sesuai SLA oleh Team Lead",KAI period inferred from KPI Output Frequency because the source sheet does not provide a separate KAI period column.
info,Manager Pelayanan Pengadaan,22,kai,"Mengkoordinasikan, menjaga alignment, mengintegrasikan, dan mengkonsolidasikan pelaksanaan penyelesaian temuan audit",KAI period inferred from KPI Output Frequency because the source sheet does not provide a separate KAI period column.
info,TL Source to Contract 1,9,output,(blank),Dropped OUTPUT row because output weight is blank.
info,TL Source to Contract 1,10,output,(blank),Dropped OUTPUT row because output weight is blank.
info,TL Source to Contract 1,11,output,(blank),Dropped OUTPUT row because output weight is blank.
info,TL Source to Contract 1,12,kai,"Mengkoordinasikan, menjaga alignment, mengintegrasikan, dan mengkonsolidasikan pelaksanaan survei dan pengumpulan data kepuasan vendor",KAI period inferred from KPI Output Frequency because the source sheet does not provide a separate KAI period column.
info,TL Source to Contract 1,13,output,(blank),Dropped OUTPUT row because output weight is blank.
info,TL Source to Contract 1,14,output,(blank),Dropped OUTPUT row because output weight is blank.
info,TL Source to Contract 1,15,output,(blank),Dropped OUTPUT row because output weight is blank.
info,TL Source to Contract 1,16,output,(blank),Dropped OUTPUT row because output weight is blank.
info,TL Source to Contract 1,17,kai,"Mengkoordinasikan, menjaga alignment, mengintegrasikan, dan mengkonsolidasikan pelaksanaan roll-out fungsi ssc pelayanan pengadaan",KAI period inferred from KPI Output Frequency because the source sheet does not provide a separate KAI period column.
info,TL Source to Contract 1,18,kai,"Mengkoordinasikan, menjaga alignment, mengintegrasikan, dan mengkonsolidasikan pelaksanaan proses pemilihan penyedia sesuai SLA",KAI period inferred from KPI Output Frequency because the source sheet does not provide a separate KAI period column.
info,TL Source to Contract 1,19,kai,"Mengkoordinasikan, menjaga alignment, mengintegrasikan, dan mengkonsolidasikan pelaksanaan pembuatan dashboard SSC Pengadaan",KAI period inferred from KPI Output Frequency because the source sheet does not provide a separate KAI period column.
info,TL Source to Contract 1,20,kai,"Mengkoordinasikan, menjaga alignment, mengintegrasikan, dan mengkonsolidasikan pelaksanaan penyusunan dan penyelesaian rancangan kontrak",KAI period inferred from KPI Output Frequency because the source sheet does not provide a separate KAI period column.
info,TL Source to Contract 1,21,kai,"Mengkoordinasikan, menjaga alignment, mengintegrasikan, dan mengkonsolidasikan pelaksanaan penyelesaian temuan audit",KAI period inferred from KPI Output Frequency because the source sheet does not provide a separate KAI period column.
info,Officer Source to Contract 1,,sheet,Officer Source to Contract 1,Position scope is neglect; sheet output was skipped.
info,TL Source to Contract 2,9,output,(blank),Dropped OUTPUT row because output weight is blank.
info,TL Source to Contract 2,10,output,(blank),Dropped OUTPUT row because output weight is blank.
info,TL Source to Contract 2,11,output,(blank),Dropped OUTPUT row because output weight is blank.
info,TL Source to Contract 2,12,kai,"Mengkoordinasikan, menjaga alignment, mengintegrasikan, dan mengkonsolidasikan pelaksanaan survei dan pengumpulan data kepuasan vendor",KAI period inferred from KPI Output Frequency because the source sheet does not provide a separate KAI period column.
info,TL Source to Contract 2,13,output,(blank),Dropped OUTPUT row because output weight is blank.
info,TL Source to Contract 2,14,output,(blank),Dropped OUTPUT row because output weight is blank.
info,TL Source to Contract 2,15,output,(blank),Dropped OUTPUT row because output weight is blank.
info,TL Source to Contract 2,16,output,(blank),Dropped OUTPUT row because output weight is blank.
info,TL Source to Contract 2,17,kai,"Mengkoordinasikan, menjaga alignment, mengintegrasikan, dan mengkonsolidasikan pelaksanaan roll-out fungsi ssc pelayanan pengadaan",KAI period inferred from KPI Output Frequency because the source sheet does not provide a separate KAI period column.
info,TL Source to Contract 2,18,kai,"Mengkoordinasikan, menjaga alignment, mengintegrasikan, dan mengkonsolidasikan pelaksanaan proses pemilihan penyedia sesuai SLA",KAI period inferred from KPI Output Frequency because the source sheet does not provide a separate KAI period column.
info,TL Source to Contract 2,19,kai,"Mengkoordinasikan, menjaga alignment, mengintegrasikan, dan mengkonsolidasikan pelaksanaan pembuatan dashboard SSC Pengadaan",KAI period inferred from KPI Output Frequency because the source sheet does not provide a separate KAI period column.
info,TL Source to Contract 2,20,kai,"Mengkoordinasikan, menjaga alignment, mengintegrasikan, dan mengkonsolidasikan pelaksanaan penyusunan dan penyelesaian rancangan kontrak",KAI period inferred from KPI Output Frequency because the source sheet does not provide a separate KAI period column.
info,TL Source to Contract 2,21,kai,"Mengkoordinasikan, menjaga alignment, mengintegrasikan, dan mengkonsolidasikan pelaksanaan penyelesaian temuan audit",KAI period inferred from KPI Output Frequency because the source sheet does not provide a separate KAI period column.
info,Officer Source to Contract 2,,sheet,Officer Source to Contract 2,Position scope is neglect; sheet output was skipped.
info,TL Procure to Order,9,output,(blank),Dropped OUTPUT row because output weight is blank.
info,TL Procure to Order,10,output,(blank),Dropped OUTPUT row because output weight is blank.
info,TL Procure to Order,11,output,(blank),Dropped OUTPUT row because output weight is blank.
info,TL Procure to Order,12,kai,"Mengkoordinasikan, menjaga alignment, mengintegrasikan, dan mengkonsolidasikan pelaksanaan survei dan pengumpulan data kepuasan vendor",KAI period inferred from KPI Output Frequency because the source sheet does not provide a separate KAI period column.
info,TL Procure to Order,13,output,(blank),Dropped OUTPUT row because output weight is blank.
info,TL Procure to Order,14,output,(blank),Dropped OUTPUT row because output weight is blank.
info,TL Procure to Order,15,output,(blank),Dropped OUTPUT row because output weight is blank.
info,TL Procure to Order,16,output,(blank),Dropped OUTPUT row because output weight is blank.
info,TL Procure to Order,17,kai,"Mengkoordinasikan, menjaga alignment, mengintegrasikan, dan mengkonsolidasikan pelaksanaan roll-out fungsi ssc pelayanan pengadaan",KAI period inferred from KPI Output Frequency because the source sheet does not provide a separate KAI period column.
info,TL Procure to Order,18,kai,"Mengkoordinasikan, menjaga alignment, mengintegrasikan, dan mengkonsolidasikan pelaksanaan penerbitan PO/OA sesuai SLA oleh Team Lead",KAI period inferred from KPI Output Frequency because the source sheet does not provide a separate KAI period column.
info,TL Procure to Order,19,kai,"Mengkoordinasikan, menjaga alignment, mengintegrasikan, dan mengkonsolidasikan pelaksanaan penyelesaian temuan audit",KAI period inferred from KPI Output Frequency because the source sheet does not provide a separate KAI period column.
info,Officer Procure to Order,9,output,(blank),Dropped OUTPUT row because output weight is blank.
info,Officer Procure to Order,10,output,(blank),Dropped OUTPUT row because output weight is blank.
info,Officer Procure to Order,11,output,(blank),Dropped OUTPUT row because output weight is blank.
info,Officer Procure to Order,12,kai,"Mengkoordinasikan, menjaga alignment, mengintegrasikan, dan mengkonsolidasikan pelaksanaan survei dan pengumpulan data kepuasan vendor",KAI period inferred from KPI Output Frequency because the source sheet does not provide a separate KAI period column.
info,Officer Procure to Order,13,output,(blank),Dropped OUTPUT row because output weight is blank.
info,Officer Procure to Order,14,output,(blank),Dropped OUTPUT row because output weight is blank.
info,Officer Procure to Order,15,output,(blank),Dropped OUTPUT row because output weight is blank.
info,Officer Procure to Order,16,output,(blank),Dropped OUTPUT row because output weight is blank.
info,Officer Procure to Order,17,kai,"Mengkoordinasikan, menjaga alignment, mengintegrasikan, dan mengkonsolidasikan pelaksanaan roll-out fungsi ssc pelayanan pengadaan",KAI period inferred from KPI Output Frequency because the source sheet does not provide a separate KAI period column.
info,Officer Procure to Order,18,kai,"Mengkoordinasikan, menjaga alignment, mengintegrasikan, dan mengkonsolidasikan pelaksanaan penerbitan PO/OA sesuai SLA oleh Team Lead",KAI period inferred from KPI Output Frequency because the source sheet does not provide a separate KAI period column.
info,Officer Procure to Order,19,kai,"Mengkoordinasikan, menjaga alignment, mengintegrasikan, dan mengkonsolidasikan pelaksanaan penyelesaian temuan audit",KAI period inferred from KPI Output Frequency because the source sheet does not provide a separate KAI period column.
info,Team Lead Procurement Support,9,output,(blank),Dropped OUTPUT row because output weight is blank.
info,Team Lead Procurement Support,10,output,(blank),Dropped OUTPUT row because output weight is blank.
info,Team Lead Procurement Support,11,kai,"Mengkoordinasikan, menjaga alignment, mengintegrasikan, dan mengkonsolidasikan pelaksanaan pengadaan melalui PADI UMKM",KAI period inferred from KPI Output Frequency because the source sheet does not provide a separate KAI period column.
info,Team Lead Procurement Support,12,kai,"Mengkoordinasikan, menjaga alignment, mengintegrasikan, dan mengkonsolidasikan pelaksanaan survei dan pengumpulan data kepuasan vendor",KAI period inferred from KPI Output Frequency because the source sheet does not provide a separate KAI period column.
info,Team Lead Procurement Support,13,kai,"Mengkoordinasikan, menjaga alignment, mengintegrasikan, dan mengkonsolidasikan pelaksanaan pembuatan laporan PaDi",KAI period inferred from KPI Output Frequency because the source sheet does not provide a separate KAI period column.
info,Team Lead Procurement Support,14,output,(blank),Dropped OUTPUT row because output weight is blank.
info,Team Lead Procurement Support,15,output,(blank),Dropped OUTPUT row because output weight is blank.
info,Team Lead Procurement Support,16,output,(blank),Dropped OUTPUT row because output weight is blank.
info,Team Lead Procurement Support,17,output,(blank),Dropped OUTPUT row because output weight is blank.
info,Team Lead Procurement Support,18,kai,"Mengkoordinasikan, menjaga alignment, mengintegrasikan, dan mengkonsolidasikan pelaksanaan roll-out fungsi ssc pelayanan pengadaan",KAI period inferred from KPI Output Frequency because the source sheet does not provide a separate KAI period column.
info,Team Lead Procurement Support,19,kai,"Mengkoordinasikan, menjaga alignment, mengintegrasikan, dan mengkonsolidasikan pelaksanaan register/update master data",KAI period inferred from KPI Output Frequency because the source sheet does not provide a separate KAI period column.
info,Team Lead Procurement Support,20,kai,"Mengkoordinasikan, menjaga alignment, mengintegrasikan, dan mengkonsolidasikan pelaksanaan pembuatan laporan pengadaan barang dan jasa",KAI period inferred from KPI Output Frequency because the source sheet does not provide a separate KAI period column.
info,Team Lead Procurement Support,21,kai,"Mengkoordinasikan, menjaga alignment, mengintegrasikan, dan mengkonsolidasikan pelaksanaan penyelesaian temuan audit",KAI period inferred from KPI Output Frequency because the source sheet does not provide a separate KAI period column.
info,Officer Procurement Support,9,output,(blank),Dropped OUTPUT row because output weight is blank.
info,Officer Procurement Support,10,output,(blank),Dropped OUTPUT row because output weight is blank.
info,Officer Procurement Support,11,kai,"Mengkoordinasikan, menjaga alignment, mengintegrasikan, dan mengkonsolidasikan pelaksanaan pengadaan melalui PADI UMKM",KAI period inferred from KPI Output Frequency because the source sheet does not provide a separate KAI period column.
info,Officer Procurement Support,12,kai,"Mengkoordinasikan, menjaga alignment, mengintegrasikan, dan mengkonsolidasikan pelaksanaan survei dan pengumpulan data kepuasan vendor",KAI period inferred from KPI Output Frequency because the source sheet does not provide a separate KAI period column.
info,Officer Procurement Support,13,kai,"Mengkoordinasikan, menjaga alignment, mengintegrasikan, dan mengkonsolidasikan pelaksanaan pembuatan laporan PaDi",KAI period inferred from KPI Output Frequency because the source sheet does not provide a separate KAI period column.
info,Officer Procurement Support,14,output,(blank),Dropped OUTPUT row because output weight is blank.
info,Officer Procurement Support,15,output,(blank),Dropped OUTPUT row because output weight is blank.
info,Officer Procurement Support,16,output,(blank),Dropped OUTPUT row because output weight is blank.
info,Officer Procurement Support,17,output,(blank),Dropped OUTPUT row because output weight is blank.
info,Officer Procurement Support,18,kai,"Mengkoordinasikan, menjaga alignment, mengintegrasikan, dan mengkonsolidasikan pelaksanaan pembuatan laporan pengadaan barang dan jasa",KAI period inferred from KPI Output Frequency because the source sheet does not provide a separate KAI period column.
info,Officer Procurement Support,19,kai,"Mengkoordinasikan, menjaga alignment, mengintegrasikan, dan mengkonsolidasikan pelaksanaan register/update master data",KAI period inferred from KPI Output Frequency because the source sheet does not provide a separate KAI period column.
info,Officer Procurement Support,20,output,(blank),Dropped OUTPUT row because output weight is blank.
info,TL Talent Service,9,output,(blank),Dropped OUTPUT row because output weight is blank.
info,TL Talent Service,10,output,(blank),Dropped OUTPUT row because output weight is blank.
info,TL Talent Service,11,output,(blank),Dropped OUTPUT row because output weight is blank.
info,TL Talent Service,12,output,(blank),Dropped OUTPUT row because output weight is blank.
info,TL Talent Service,13,output,(blank),Dropped OUTPUT row because output weight is blank.
info,TL Talent Service,14,output,(blank),Dropped OUTPUT row because output weight is blank.
info,TL Talent Service,15,output,(blank),Dropped OUTPUT row because output weight is blank.
info,TL Talent Service,16,output,(blank),Dropped OUTPUT row because output weight is blank.
info,TL Talent Service,17,output,(blank),Dropped OUTPUT row because output weight is blank.
info,TL Talent Service,18,kai,"Mengkoordinasikan, menjaga alignment, mengintegrasikan, dan mengkonsolidasikan pelaksanaan roll-out fungsi SSC SDM",KAI period inferred from KPI Output Frequency because the source sheet does not provide a separate KAI period column.
info,TL Talent Service,19,kai,"Mengkoordinasikan, menjaga alignment, mengintegrasikan, dan mengkonsolidasikan pelaksanaan update nilai kinerja individu",KAI period inferred from KPI Output Frequency because the source sheet does not provide a separate KAI period column.
info,TL Talent Service,20,kai,Pelaksanaan update posisi pekerja setelah released SK Mutasi,KAI period inferred from KPI Output Frequency because the source sheet does not provide a separate KAI period column.
info,TL Talent Service,21,kai,Pelaksanaan proses penerbitan SK kenaikan pangkat/golongan/merit,KAI period inferred from KPI Output Frequency because the source sheet does not provide a separate KAI period column.
info,TL Talent Service,22,kai,"Mengkoordinasikan, menjaga alignment, mengintegrasikan, dan mengkonsolidasikan pelaksanaan penyelesaian temuan audit",KAI period inferred from KPI Output Frequency because the source sheet does not provide a separate KAI period column.
info,TL Talent Service,23,kai,"Mengkoordinasikan, menjaga alignment, mengintegrasikan, dan mengkonsolidasikan pelaksanaan penerbitan SK Based Salary",KAI period inferred from KPI Output Frequency because the source sheet does not provide a separate KAI period column.
info,Officer Talent Service,9,output,(blank),Dropped OUTPUT row because output weight is blank.
info,Officer Talent Service,10,output,(blank),Dropped OUTPUT row because output weight is blank.
info,Officer Talent Service,11,output,(blank),Dropped OUTPUT row because output weight is blank.
info,Officer Talent Service,12,output,(blank),Dropped OUTPUT row because output weight is blank.
info,Officer Talent Service,13,output,(blank),Dropped OUTPUT row because output weight is blank.
info,Officer Talent Service,14,output,(blank),Dropped OUTPUT row because output weight is blank.
info,Officer Talent Service,15,output,(blank),Dropped OUTPUT row because output weight is blank.
info,Officer Talent Service,16,output,(blank),Dropped OUTPUT row because output weight is blank.
info,Officer Talent Service,17,output,(blank),Dropped OUTPUT row because output weight is blank.
info,Officer Talent Service,18,kai,"Mengkoordinasikan, menjaga alignment, mengintegrasikan, dan mengkonsolidasikan pelaksanaan update nilai kinerja individu",KAI period inferred from KPI Output Frequency because the source sheet does not provide a separate KAI period column.
info,Officer Talent Service,19,kai,Pelaksanaan update posisi pekerja setelah released SK Mutasi,KAI period inferred from KPI Output Frequency because the source sheet does not provide a separate KAI period column.
info,Officer Talent Service,20,kai,Pelaksanaan proses penerbitan SK kenaikan pangkat/golongan/merit,KAI period inferred from KPI Output Frequency because the source sheet does not provide a separate KAI period column.
info,Officer Talent Service,21,kai,"Mengkoordinasikan, menjaga alignment, mengintegrasikan, dan mengkonsolidasikan pelaksanaan penerbitan SK Based Salary",KAI period inferred from KPI Output Frequency because the source sheet does not provide a separate KAI period column.
info,DH Administrasi Perpajakan,9,kai,Pelaksanaan inisiatif strategis efisiensi biaya pada Group Pengembangan SSC,KAI period inferred from KPI Output Frequency because the source sheet does not provide a separate KAI period column.
info,DH Administrasi Perpajakan,10,kai,Pelaksanaan perhitungan dan pelaporan Pajak Penghasilan (PPH) secara tepat waktu dan akurat,KAI period inferred from KPI Output Frequency because the source sheet does not provide a separate KAI period column.
info,DH Administrasi Perpajakan,11,kai,Pelaksanaan perhitungan dan pelaporan Pajak Pertambahan Nilai (PPN) secara tepat dan akurat,KAI period inferred from KPI Output Frequency because the source sheet does not provide a separate KAI period column.
info,DH Administrasi Perpajakan,12,kai,Pelaksanaan implementasi SimTax PPh pasal 21,KAI period inferred from KPI Output Frequency because the source sheet does not provide a separate KAI period column.
info,DH Administrasi Perpajakan,13,output,(blank),Dropped OUTPUT row because output weight is blank.
info,DH Administrasi Perpajakan,14,output,(blank),Dropped OUTPUT row because output weight is blank.
info,DH Administrasi Perpajakan,15,output,Ketersediaan draft laporan.,Dropped OUTPUT row because output weight is blank.
warning,DH Administrasi Perpajakan,15,kai,Pelaksanaan pemantauan dan pengendalian penyediaan draft laporan,Skipped KAI because its OUTPUT row was dropped or missing.
info,DH Administrasi Perpajakan,16,output,(blank),Dropped OUTPUT row because output weight is blank.
info,DH Administrasi Perpajakan,17,output,(blank),Dropped OUTPUT row because output weight is blank.
info,DH Administrasi Perpajakan,18,output,(blank),Dropped OUTPUT row because output weight is blank.
info,DH Administrasi Perpajakan,19,output,(blank),Dropped OUTPUT row because output weight is blank.
info,DH Administrasi Perpajakan,20,output,Roll-out administrasi perpajakan di entitas anak / cucu / cicit perusahaan Pelindo Group,Dropped OUTPUT row because output weight is blank.
warning,DH Administrasi Perpajakan,20,kai,% terlaksananya Roll-out Administrasi perpajakan di masing-masing entitas,Skipped KAI because its OUTPUT row was dropped or missing.
info,DH Administrasi Perpajakan,21,kai,"Mengkoordinasikan, menjaga alignment, mengintegrasikan, dan mengkonsolidasikan pelaksanaan penyelesaian temuan audit",KAI period inferred from KPI Output Frequency because the source sheet does not provide a separate KAI period column.
info,Manager PPN,9,kai,Pelaksanaan inisiatif strategis efisiensi biaya pada Group Pengembangan SSC,KAI period inferred from KPI Output Frequency because the source sheet does not provide a separate KAI period column.
info,Manager PPN,10,kai,Pelaksanaan perhitungan dan pelaporan Pajak Pertambahan Nilai (PPN) secara tepat dan akurat,KAI period inferred from KPI Output Frequency because the source sheet does not provide a separate KAI period column.
info,Manager PPN,11,kai,Pelaksanaan perhitungan dan pelaporan bea meterai secara tepat dan akurat,KAI period inferred from KPI Output Frequency because the source sheet does not provide a separate KAI period column.
info,Manager PPN,12,kai,Pelaksanaan rekonsiliasi dan ekualisasi data pemotongan serta pelaporan PPN,KAI period inferred from KPI Output Frequency because the source sheet does not provide a separate KAI period column.
info,Manager PPN,13,output,(blank),Dropped OUTPUT row because output weight is blank.
info,Manager PPN,14,output,(blank),Dropped OUTPUT row because output weight is blank.
info,Manager PPN,15,output,(blank),Dropped OUTPUT row because output weight is blank.
info,Manager PPN,16,output,(blank),Dropped OUTPUT row because output weight is blank.
info,Manager PPN,17,output,(blank),Dropped OUTPUT row because output weight is blank.
info,Manager PPN,18,output,(blank),Dropped OUTPUT row because output weight is blank.
info,Manager PPN,19,output,(blank),Dropped OUTPUT row because output weight is blank.
info,Manager PPN,20,output,Roll-out administrasi perpajakan di entitas anak / cucu / cicit perusahaan Pelindo Group,Dropped OUTPUT row because output weight is blank.
warning,Manager PPN,20,kai,% terlaksananya Roll-out Administrasi perpajakan di masing-masing entitas,Skipped KAI because its OUTPUT row was dropped or missing.
info,Manager PPN,21,kai,"Mengkoordinasikan, menjaga alignment, mengintegrasikan, dan mengkonsolidasikan pelaksanaan penyelesaian temuan audit",KAI period inferred from KPI Output Frequency because the source sheet does not provide a separate KAI period column.
info,Officer PPN,9,kai,Pelaksanaan inisiatif strategis efisiensi biaya pada Group Pengembangan SSC,KAI period inferred from KPI Output Frequency because the source sheet does not provide a separate KAI period column.
info,Officer PPN,10,kai,Pelaksanaan perhitungan dan pelaporan Pajak Pertambahan Nilai (PPN) secara tepat dan akurat,KAI period inferred from KPI Output Frequency because the source sheet does not provide a separate KAI period column.
info,Officer PPN,11,kai,Pelaksanaan perhitungan dan pelaporan bea meterai secara tepat dan akurat,KAI period inferred from KPI Output Frequency because the source sheet does not provide a separate KAI period column.
info,Officer PPN,12,kai,Pelaksanaan rekonsiliasi dan ekualisasi data pemotongan serta pelaporan PPN,KAI period inferred from KPI Output Frequency because the source sheet does not provide a separate KAI period column.
info,Officer PPN,13,output,(blank),Dropped OUTPUT row because output weight is blank.
info,Officer PPN,14,output,(blank),Dropped OUTPUT row because output weight is blank.
info,Officer PPN,15,output,(blank),Dropped OUTPUT row because output weight is blank.
info,Officer PPN,16,output,(blank),Dropped OUTPUT row because output weight is blank.
info,Officer PPN,17,output,(blank),Dropped OUTPUT row because output weight is blank.
info,Officer PPN,18,output,(blank),Dropped OUTPUT row because output weight is blank.
info,Officer PPN,19,output,(blank),Dropped OUTPUT row because output weight is blank.
info,Officer PPN,20,output,Roll-out administrasi perpajakan di entitas anak / cucu / cicit perusahaan Pelindo Group,Dropped OUTPUT row because output weight is blank.
warning,Officer PPN,20,kai,% terlaksananya Roll-out Administrasi perpajakan di masing-masing entitas,Skipped KAI because its OUTPUT row was dropped or missing.
info,Officer PPN,21,kai,"Mengkoordinasikan, menjaga alignment, mengintegrasikan, dan mengkonsolidasikan pelaksanaan penyelesaian temuan audit",KAI period inferred from KPI Output Frequency because the source sheet does not provide a separate KAI period column.
info,Manager PPh,9,kai,Pelaksanaan inisiatif strategis efisiensi biaya pada Dept Pajak,KAI period inferred from KPI Output Frequency because the source sheet does not provide a separate KAI period column.
info,Manager PPh,10,kai,Pelaksanaan rekonsiliasi dan ekualisasi data pemotongan serta pelaporan PPh,KAI period inferred from KPI Output Frequency because the source sheet does not provide a separate KAI period column.
info,Manager PPh,11,kai,Pelaksanaan perhitungan dan pelaporan Pajak Penghasilan (PPH) secara tepat waktu dan akurat,KAI period inferred from KPI Output Frequency because the source sheet does not provide a separate KAI period column.
info,Manager PPh,12,kai,Pelaksanaan implementasi SimTax PPh pasal 21,KAI period inferred from KPI Output Frequency because the source sheet does not provide a separate KAI period column.
info,Manager PPh,13,output,(blank),Dropped OUTPUT row because output weight is blank.
info,Manager PPh,14,output,(blank),Dropped OUTPUT row because output weight is blank.
info,Manager PPh,15,output,(blank),Dropped OUTPUT row because output weight is blank.
info,Manager PPh,16,output,(blank),Dropped OUTPUT row because output weight is blank.
info,Manager PPh,17,output,(blank),Dropped OUTPUT row because output weight is blank.
info,Manager PPh,18,output,(blank),Dropped OUTPUT row because output weight is blank.
info,Manager PPh,19,output,(blank),Dropped OUTPUT row because output weight is blank.
info,Manager PPh,20,output,Roll-out administrasi perpajakan di entitas anak / cucu / cicit perusahaan Pelindo Group,Dropped OUTPUT row because output weight is blank.
warning,Manager PPh,20,kai,% terlaksananya Roll-out Administrasi perpajakan di masing-masing entitas,Skipped KAI because its OUTPUT row was dropped or missing.
info,Manager PPh,21,kai,"Mengkoordinasikan, menjaga alignment, mengintegrasikan, dan mengkonsolidasikan pelaksanaan penyelesaian temuan audit",KAI period inferred from KPI Output Frequency because the source sheet does not provide a separate KAI period column.
info,Officer PPh,9,kai,Pelaksanaan inisiatif strategis efisiensi biaya pada Dept Pajak,KAI period inferred from KPI Output Frequency because the source sheet does not provide a separate KAI period column.
info,Officer PPh,10,kai,Pelaksanaan rekonsiliasi dan ekualisasi data pemotongan serta pelaporan PPh,KAI period inferred from KPI Output Frequency because the source sheet does not provide a separate KAI period column.
info,Officer PPh,11,kai,Pelaksanaan perhitungan dan pelaporan Pajak Penghasilan (PPH) secara tepat waktu dan akurat,KAI period inferred from KPI Output Frequency because the source sheet does not provide a separate KAI period column.
info,Officer PPh,12,kai,Pelaksanaan implementasi SimTax PPh pasal 21,KAI period inferred from KPI Output Frequency because the source sheet does not provide a separate KAI period column.
info,Officer PPh,13,output,(blank),Dropped OUTPUT row because output weight is blank.
info,Officer PPh,14,output,(blank),Dropped OUTPUT row because output weight is blank.
info,Officer PPh,15,output,(blank),Dropped OUTPUT row because output weight is blank.
info,Officer PPh,16,output,(blank),Dropped OUTPUT row because output weight is blank.
info,Officer PPh,17,output,(blank),Dropped OUTPUT row because output weight is blank.
info,Officer PPh,18,output,(blank),Dropped OUTPUT row because output weight is blank.
info,Officer PPh,19,output,(blank),Dropped OUTPUT row because output weight is blank.
info,Officer PPh,20,output,Roll-out administrasi perpajakan di entitas anak / cucu / cicit perusahaan Pelindo Group,Dropped OUTPUT row because output weight is blank.
warning,Officer PPh,20,kai,% terlaksananya Roll-out Administrasi perpajakan di masing-masing entitas,Skipped KAI because its OUTPUT row was dropped or missing.
info,Officer PPh,21,kai,"Mengkoordinasikan, menjaga alignment, mengintegrasikan, dan mengkonsolidasikan pelaksanaan penyelesaian temuan audit",KAI period inferred from KPI Output Frequency because the source sheet does not provide a separate KAI period column.
info,DH Integrasi dan Pengembangan,9,kai,Pelaksanaan inisiatif strategis efisiensi biaya pada Group Pengembangan SSC,KAI period inferred from KPI Output Frequency because the source sheet does not provide a separate KAI period column.
info,DH Integrasi dan Pengembangan,10,output,(blank),Dropped OUTPUT row because output weight is blank.
info,DH Integrasi dan Pengembangan,11,output,(blank),Dropped OUTPUT row because output weight is blank.
info,DH Integrasi dan Pengembangan,12,output,(blank),Dropped OUTPUT row because output weight is blank.
info,DH Integrasi dan Pengembangan,13,output,(blank),Dropped OUTPUT row because output weight is blank.
info,DH Integrasi dan Pengembangan,14,output,(blank),Dropped OUTPUT row because output weight is blank.
info,DH Integrasi dan Pengembangan,15,output,(blank),Dropped OUTPUT row because output weight is blank.
info,DH Integrasi dan Pengembangan,16,output,(blank),Dropped OUTPUT row because output weight is blank.
info,DH Integrasi dan Pengembangan,17,kai,"Mengkoordinasikan, menjaga alignment, mengintegrasikan, dan mengkonsolidasikan pelaksanaan roll-out fungsi Shared Service Center",KAI period inferred from KPI Output Frequency because the source sheet does not provide a separate KAI period column.
info,DH Integrasi dan Pengembangan,18,kai,Pelaksanaan pengembangan sistem untuk memperkuat fungsi SSC,KAI period inferred from KPI Output Frequency because the source sheet does not provide a separate KAI period column.
info,DH Integrasi dan Pengembangan,19,kai,Pelaksanaan survey layanan SSC,KAI period inferred from KPI Output Frequency because the source sheet does not provide a separate KAI period column.
info,DH Integrasi dan Pengembangan,20,kai,Pelaksanaan pengembangan dashboard SSC SDM dan Pengadaan,KAI period inferred from KPI Output Frequency because the source sheet does not provide a separate KAI period column.
info,DH Integrasi dan Pengembangan,21,kai,"Mengkoordinasikan, menjaga alignment, mengintegrasikan, dan mengkonsolidasikan pelaksanaan penyelesaian temuan audit",KAI period inferred from KPI Output Frequency because the source sheet does not provide a separate KAI period column.
info,Manager MonEv Layanan SSC,9,output,(blank),Dropped OUTPUT row because output weight is blank.
info,Manager MonEv Layanan SSC,10,output,(blank),Dropped OUTPUT row because output weight is blank.
info,Manager MonEv Layanan SSC,11,output,(blank),Dropped OUTPUT row because output weight is blank.
info,Manager MonEv Layanan SSC,12,kai,Pelaksanaan monitoring dan evaluasi pelaksanaan SSC,KAI period inferred from KPI Output Frequency because the source sheet does not provide a separate KAI period column.
info,Manager MonEv Layanan SSC,13,kai,"Pelaksanaan monitoring, evaluasi, dan pengembangan laporan realisasi layanan SSC",KAI period inferred from KPI Output Frequency because the source sheet does not provide a separate KAI period column.
info,Manager MonEv Layanan SSC,14,output,(blank),Dropped OUTPUT row because output weight is blank.
info,Manager MonEv Layanan SSC,15,output,(blank),Dropped OUTPUT row because output weight is blank.
info,Manager MonEv Layanan SSC,16,output,(blank),Dropped OUTPUT row because output weight is blank.
info,Manager MonEv Layanan SSC,17,output,(blank),Dropped OUTPUT row because output weight is blank.
info,Manager MonEv Layanan SSC,18,kai,"Mengkoordinasikan, menjaga alignment, mengintegrasikan, dan mengkonsolidasikan pelaksanaan roll-out fungsi Shared Service Center",KAI period inferred from KPI Output Frequency because the source sheet does not provide a separate KAI period column.
info,Manager MonEv Layanan SSC,19,kai,Pelaksanaan survey layanan SSC,KAI period inferred from KPI Output Frequency because the source sheet does not provide a separate KAI period column.
info,Manager MonEv Layanan SSC,20,kai,"Mengkoordinasikan, menjaga alignment, mengintegrasikan, dan mengkonsolidasikan pelaksanaan penyelesaian temuan audit",KAI period inferred from KPI Output Frequency because the source sheet does not provide a separate KAI period column.
info,TL Service Management,9,output,(blank),Dropped OUTPUT row because output weight is blank.
info,TL Service Management,10,output,(blank),Dropped OUTPUT row because output weight is blank.
info,TL Service Management,11,output,(blank),Dropped OUTPUT row because output weight is blank.
info,TL Service Management,12,output,(blank),Dropped OUTPUT row because output weight is blank.
info,TL Service Management,13,output,(blank),Dropped OUTPUT row because output weight is blank.
info,TL Service Management,14,output,(blank),Dropped OUTPUT row because output weight is blank.
info,TL Service Management,15,output,(blank),Dropped OUTPUT row because output weight is blank.
info,TL Service Management,16,output,(blank),Dropped OUTPUT row because output weight is blank.
info,TL Service Management,17,kai,"Mengkoordinasikan, menjaga alignment, mengintegrasikan, dan mengkonsolidasikan pelaksanaan roll-out fungsi Shared Service Center sebagai support service desk",KAI period inferred from KPI Output Frequency because the source sheet does not provide a separate KAI period column.
info,TL Service Management,18,kai,Pelaksanaan survey layanan SSC,KAI period inferred from KPI Output Frequency because the source sheet does not provide a separate KAI period column.
info,TL Service Management,19,kai,"Mengkoordinasikan, menjaga alignment, mengintegrasikan, dan mengkonsolidasikan pelaksanaan kegiatan SSC Service Management dan Service Desk",KAI period inferred from KPI Output Frequency because the source sheet does not provide a separate KAI period column.
info,TL Service Management,20,kai,"Mengkoordinasikan, menjaga alignment, mengintegrasikan, dan mengkonsolidasikan pelaksanaan penyelesaian temuan audit",KAI period inferred from KPI Output Frequency because the source sheet does not provide a separate KAI period column.
info,TL Service Management,21,kai,"Mengkoordinasikan, menjaga alignment, mengintegrasikan, dan mengkonsolidasikan pelaksanaan monitoring dan pencapaian SLA SSC Bidang SDM dan Pengadaan",KAI period inferred from KPI Output Frequency because the source sheet does not provide a separate KAI period column.
info,Officer Service Management,9,output,(blank),Dropped OUTPUT row because output weight is blank.
info,Officer Service Management,10,output,(blank),Dropped OUTPUT row because output weight is blank.
info,Officer Service Management,11,output,(blank),Dropped OUTPUT row because output weight is blank.
info,Officer Service Management,12,kai,"Mengkoordinasikan, menjaga alignment, mengintegrasikan, dan mengkonsolidasikan pelaksanaan verifikasi tagihan vendor travel",KAI period inferred from KPI Output Frequency because the source sheet does not provide a separate KAI period column.
info,Officer Service Management,13,output,(blank),Dropped OUTPUT row because output weight is blank.
info,Officer Service Management,14,output,(blank),Dropped OUTPUT row because output weight is blank.
info,Officer Service Management,15,output,(blank),Dropped OUTPUT row because output weight is blank.
info,Officer Service Management,16,output,(blank),Dropped OUTPUT row because output weight is blank.
info,Officer Service Management,17,kai,Pelaksanaan survey layanan SSC,KAI period inferred from KPI Output Frequency because the source sheet does not provide a separate KAI period column.
info,Officer Service Management,18,kai,"Mengkoordinasikan, menjaga alignment, mengintegrasikan, dan mengkonsolidasikan pelaksanaan kegiatan SSC Service Management dan Service Desk",KAI period inferred from KPI Output Frequency because the source sheet does not provide a separate KAI period column.
info,Officer Service Management,19,kai,"Mengkoordinasikan, menjaga alignment, mengintegrasikan, dan mengkonsolidasikan pelaksanaan monitoring dan pencapaian SLA SSC Bidang SDM dan Pengadaan",KAI period inferred from KPI Output Frequency because the source sheet does not provide a separate KAI period column.
info,Mgr Perencanaan dan Pengembanga,9,output,(blank),Dropped OUTPUT row because output weight is blank.
info,Mgr Perencanaan dan Pengembanga,10,output,(blank),Dropped OUTPUT row because output weight is blank.
info,Mgr Perencanaan dan Pengembanga,11,output,(blank),Dropped OUTPUT row because output weight is blank.
info,Mgr Perencanaan dan Pengembanga,12,kai,"Pelaksanaan monitoring, evaluasi, dan pengembangan laporan realisasi layanan SSC",KAI period inferred from KPI Output Frequency because the source sheet does not provide a separate KAI period column.
info,Mgr Perencanaan dan Pengembanga,13,output,(blank),Dropped OUTPUT row because output weight is blank.
info,Mgr Perencanaan dan Pengembanga,14,output,(blank),Dropped OUTPUT row because output weight is blank.
info,Mgr Perencanaan dan Pengembanga,15,output,(blank),Dropped OUTPUT row because output weight is blank.
info,Mgr Perencanaan dan Pengembanga,16,output,(blank),Dropped OUTPUT row because output weight is blank.
info,Mgr Perencanaan dan Pengembanga,17,kai,"Mengkoordinasikan, menjaga alignment, mengintegrasikan, dan mengkonsolidasikan pelaksanaan roll-out fungsi Shared Service Center",KAI period inferred from KPI Output Frequency because the source sheet does not provide a separate KAI period column.
info,Mgr Perencanaan dan Pengembanga,18,kai,Pelaksanaan pengembangan sistem SSC,KAI period inferred from KPI Output Frequency because the source sheet does not provide a separate KAI period column.
info,Mgr Perencanaan dan Pengembanga,19,kai,Pelaksanaan survey layanan SSC,KAI period inferred from KPI Output Frequency because the source sheet does not provide a separate KAI period column.
info,Mgr Perencanaan dan Pengembanga,20,kai,"Mengkoordinasikan, menjaga alignment, mengintegrasikan, dan mengkonsolidasikan pelaksanaan penyelesaian temuan audit",KAI period inferred from KPI Output Frequency because the source sheet does not provide a separate KAI period column.
info,Officer Perencanaan dan Pengemb,9,kai,"Mengkoordinasikan, menjaga alignment, mengintegrasikan, dan mengkonsolidasikan pelaksanaan verifikasi pembayaran hutang usaha",KAI period inferred from KPI Output Frequency because the source sheet does not provide a separate KAI period column.
info,Officer Perencanaan dan Pengemb,10,output,(blank),Dropped OUTPUT row because output weight is blank.
info,Officer Perencanaan dan Pengemb,11,output,(blank),Dropped OUTPUT row because output weight is blank.
info,Officer Perencanaan dan Pengemb,12,kai,"Pelaksanaan monitoring, evaluasi, dan pengembangan laporan realisasi layanan SSC",KAI period inferred from KPI Output Frequency because the source sheet does not provide a separate KAI period column.
info,Officer Perencanaan dan Pengemb,13,output,(blank),Dropped OUTPUT row because output weight is blank.
info,Officer Perencanaan dan Pengemb,14,output,(blank),Dropped OUTPUT row because output weight is blank.
info,Officer Perencanaan dan Pengemb,15,output,(blank),Dropped OUTPUT row because output weight is blank.
info,Officer Perencanaan dan Pengemb,16,output,(blank),Dropped OUTPUT row because output weight is blank.
info,Officer Perencanaan dan Pengemb,17,kai,"Mengkoordinasikan, menjaga alignment, mengintegrasikan, dan mengkonsolidasikan pelaksanaan roll-out fungsi Shared Service Center",KAI period inferred from KPI Output Frequency because the source sheet does not provide a separate KAI period column.
info,Officer Perencanaan dan Pengemb,18,kai,Pelaksanaan pengembangan sistem SSC,KAI period inferred from KPI Output Frequency because the source sheet does not provide a separate KAI period column.
info,Officer Perencanaan dan Pengemb,19,kai,Pelaksanaan survey layanan SSC,KAI period inferred from KPI Output Frequency because the source sheet does not provide a separate KAI period column.
info,Officer Perencanaan dan Pengemb,20,kai,"Mengkoordinasikan, menjaga alignment, mengintegrasikan, dan mengkonsolidasikan pelaksanaan penyelesaian temuan audit",KAI period inferred from KPI Output Frequency because the source sheet does not provide a separate KAI period column.
info,Group Head,9,IMPACT,Net Income,enum_issue category=normalized; field=Polarity; raw=Positif; normalized=POSITIVE; Polarity normalized to POSITIVE.
info,Group Head,9,IMPACT,Net Income,enum_issue category=normalized; field=Period; raw=Triwulanan; normalized=TRIWULANAN; Period normalized to TRIWULANAN.
info,Group Head,12,IMPACT,(ROIC > WACC) x Inv.Capital,enum_issue category=normalized; field=Polarity; raw=Positif; normalized=POSITIVE; Polarity normalized to POSITIVE.
info,Group Head,12,IMPACT,(ROIC > WACC) x Inv.Capital,enum_issue category=normalized; field=Period; raw=Triwulanan; normalized=TRIWULANAN; Period normalized to TRIWULANAN.
info,Group Head,13,IMPACT,Traffic Volume,enum_issue category=normalized; field=Polarity; raw=Positif; normalized=POSITIVE; Polarity normalized to POSITIVE.
info,Group Head,13,IMPACT,Traffic Volume,enum_issue category=normalized; field=Period; raw=Triwulanan; normalized=TRIWULANAN; Period normalized to TRIWULANAN.
info,Group Head,14,IMPACT,Total Productivity,enum_issue category=normalized; field=Polarity; raw=Positif; normalized=POSITIVE; Polarity normalized to POSITIVE.
info,Group Head,14,IMPACT,Total Productivity,enum_issue category=normalized; field=Period; raw=Triwulanan; normalized=TRIWULANAN; Period normalized to TRIWULANAN.
info,Group Head,15,IMPACT,Lost Time Injury Frequency Rate (LTIFR),enum_issue category=normalized; field=Polarity; raw=Negatif; normalized=NEGATIVE; Polarity normalized to NEGATIVE.
info,Group Head,15,IMPACT,Lost Time Injury Frequency Rate (LTIFR),enum_issue category=normalized; field=Period; raw=Triwulanan; normalized=TRIWULANAN; Period normalized to TRIWULANAN.
info,Group Head,16,IMPACT,Pengembangan Ekosistem Bali Maritime Tourism Hub (BMTH),enum_issue category=normalized; field=Polarity; raw=Positif; normalized=POSITIVE; Polarity normalized to POSITIVE.
info,Group Head,16,IMPACT,Pengembangan Ekosistem Bali Maritime Tourism Hub (BMTH),enum_issue category=normalized; field=Period; raw=Triwulanan; normalized=TRIWULANAN; Period normalized to TRIWULANAN.
info,Group Head,17,IMPACT,Number of KRI exceeding its risk tolerance limit,enum_issue category=normalized; field=Polarity; raw=Positif; normalized=POSITIVE; Polarity normalized to POSITIVE.
info,Group Head,17,IMPACT,Number of KRI exceeding its risk tolerance limit,enum_issue category=normalized; field=Period; raw=Triwulanan; normalized=TRIWULANAN; Period normalized to TRIWULANAN.
info,Group Head,18,IMPACT,ESG Rating,enum_issue category=normalized; field=Polarity; raw=Positif; normalized=POSITIVE; Polarity normalized to POSITIVE.
info,Group Head,18,IMPACT,ESG Rating,enum_issue category=normalized; field=Period; raw=Tahunan; normalized=TAHUNAN; Period normalized to TAHUNAN.
info,Group Head,19,IMPACT,Strategic Project Delivery,enum_issue category=normalized; field=Polarity; raw=Positif; normalized=POSITIVE; Polarity normalized to POSITIVE.
info,Group Head,19,IMPACT,Strategic Project Delivery,enum_issue category=normalized; field=Period; raw=Triwulanan; normalized=TRIWULANAN; Period normalized to TRIWULANAN.
info,Group Head,23,IMPACT,Manpower productivity (Revenue per total manpower),enum_issue category=normalized; field=Polarity; raw=Negatif; normalized=NEGATIVE; Polarity normalized to NEGATIVE.
info,Group Head,23,IMPACT,Manpower productivity (Revenue per total manpower),enum_issue category=normalized; field=Period; raw=Triwulanan; normalized=TRIWULANAN; Period normalized to TRIWULANAN.
info,Group Head,9,OUTPUT,OPEX Variance,enum_issue category=normalized; field=Period; raw=Triwulanan; normalized=TRIWULANAN; Period normalized to TRIWULANAN.
info,Group Head,9,OUTPUT,OPEX Variance,enum_issue category=normalized; field=Polarity; raw=Negatif; normalized=NEGATIVE; Polarity normalized to NEGATIVE.
info,Group Head,10,OUTPUT,Ketepatan Perhitungan dan Pelaporan Pajak (PPH),enum_issue category=normalized; field=Period; raw=Triwulanan; normalized=TRIWULANAN; Period normalized to TRIWULANAN.
info,Group Head,10,OUTPUT,Ketepatan Perhitungan dan Pelaporan Pajak (PPH),enum_issue category=normalized; field=Polarity; raw=Negatif; normalized=NEGATIVE; Polarity normalized to NEGATIVE.
info,Group Head,11,OUTPUT,Ketepatan Perhitungan dan Pelaporan Pajak (PPN),enum_issue category=normalized; field=Period; raw=Triwulanan; normalized=TRIWULANAN; Period normalized to TRIWULANAN.
info,Group Head,11,OUTPUT,Ketepatan Perhitungan dan Pelaporan Pajak (PPN),enum_issue category=normalized; field=Polarity; raw=Negatif; normalized=NEGATIVE; Polarity normalized to NEGATIVE.
info,Group Head,14,OUTPUT,Capaian SLA layanan SSC seluruh PELINDO Group,enum_issue category=normalized; field=Period; raw=Triwulanan; normalized=TRIWULANAN; Period normalized to TRIWULANAN.
info,Group Head,14,OUTPUT,Capaian SLA layanan SSC seluruh PELINDO Group,enum_issue category=normalized; field=Polarity; raw=Positif; normalized=POSITIVE; Polarity normalized to POSITIVE.
info,Group Head,19,OUTPUT,Roll-out Fungsi Shared Service Center di entitas anak / cucu / cicit perusahaan Pelindo Group,enum_issue category=normalized; field=Period; raw=Semester; normalized=SEMESTER; Period normalized to SEMESTER.
info,Group Head,19,OUTPUT,Roll-out Fungsi Shared Service Center di entitas anak / cucu / cicit perusahaan Pelindo Group,enum_issue category=normalized; field=Polarity; raw=Positif; normalized=POSITIVE; Polarity normalized to POSITIVE.
info,Group Head,20,OUTPUT,Perkuatan Fungsi SSC melalui Pengembangan Sistem,enum_issue category=normalized; field=Period; raw=Triwulanan; normalized=TRIWULANAN; Period normalized to TRIWULANAN.
info,Group Head,20,OUTPUT,Perkuatan Fungsi SSC melalui Pengembangan Sistem,enum_issue category=normalized; field=Polarity; raw=Positif; normalized=POSITIVE; Polarity normalized to POSITIVE.
info,Group Head,21,OUTPUT,Survey Layanan SSC,enum_issue category=normalized; field=Period; raw=tahunan; normalized=TAHUNAN; Period normalized to TAHUNAN.
info,Group Head,21,OUTPUT,Survey Layanan SSC,enum_issue category=normalized; field=Polarity; raw=Positif; normalized=POSITIVE; Polarity normalized to POSITIVE.
info,Group Head,22,OUTPUT,Pengembangan Dashboard SSC SDM dan Pengadaan,enum_issue category=normalized; field=Period; raw=Semester; normalized=SEMESTER; Period normalized to SEMESTER.
info,Group Head,22,OUTPUT,Pengembangan Dashboard SSC SDM dan Pengadaan,enum_issue category=normalized; field=Polarity; raw=Positif; normalized=POSITIVE; Polarity normalized to POSITIVE.
info,Group Head,23,OUTPUT,"Tingkat pemenuhan tata kelola, manajemen risiko, dan kepatuhan internal (Penyelesaian Temuan Audit)",enum_issue category=normalized; field=Period; raw=Semester; normalized=SEMESTER; Period normalized to SEMESTER.
info,Group Head,23,OUTPUT,"Tingkat pemenuhan tata kelola, manajemen risiko, dan kepatuhan internal (Penyelesaian Temuan Audit)",enum_issue category=normalized; field=Polarity; raw=Positif; normalized=POSITIVE; Polarity normalized to POSITIVE.
info,Group Head,24,OUTPUT,SLA verifikasi pembayaran hutang usaha,enum_issue category=normalized; field=Period; raw=Triwulanan; normalized=TRIWULANAN; Period normalized to TRIWULANAN.
info,Group Head,24,OUTPUT,SLA verifikasi pembayaran hutang usaha,enum_issue category=normalized; field=Polarity; raw=Negatif; normalized=NEGATIVE; Polarity normalized to NEGATIVE.
warning,Group Head,9,KAI,Pelaksanaan inisiatif strategis efisiensi biaya pada Group Pengembangan SSC,KAI formula may not be percentage-based or is blank.
info,Group Head,19,KAI,"Mengkoordinasikan, menjaga alignment, mengintegrasikan, dan mengkonsolidasikan pelaksanaan roll-out fungsi Shared Service Center",enum_issue category=normalized; field=Nature Of Work; raw=Non routine; normalized=Non Routine; KAI Nature normalized to Non Routine.
warning,Group Head,19,KAI,"Mengkoordinasikan, menjaga alignment, mengintegrasikan, dan mengkonsolidasikan pelaksanaan roll-out fungsi Shared Service Center",KAI formula may not be percentage-based or is blank.
info,Group Head,21,KAI,Pelaksanaan survey layanan SSC,enum_issue category=normalized; field=Nature Of Work; raw=Non routine; normalized=Non Routine; KAI Nature normalized to Non Routine.
info,Group Head,23,KAI,"Mengkoordinasikan, menjaga alignment, mengintegrasikan, dan mengkonsolidasikan pelaksanaan penyelesaian temuan audit",enum_issue category=normalized; field=Nature Of Work; raw=Non routine; normalized=Non Routine; KAI Nature normalized to Non Routine.
warning,Group Head,,weight_audit,Group Head,Weight total not 100: level=impact; kpi_type=OUTPUT; parent=Manpower productivity (Revenue per total manpower); raw_total=20.0; output_total=20.0; cause=Raw Data Issue.
warning,Group Head,,weight_audit,Group Head,Weight total not 100: level=impact; kpi_type=OUTPUT; parent=Net Income; raw_total=30.0; output_total=30.0; cause=Raw Data Issue.
warning,Group Head,,weight_audit,Group Head,Weight total not 100: level=impact; kpi_type=OUTPUT; parent=Strategic Project Delivery; raw_total=40.0; output_total=40.0; cause=Raw Data Issue.
warning,Group Head,,weight_audit,Group Head,Weight total not 100: level=impact; kpi_type=OUTPUT; parent=Total Productivity; raw_total=10.0; output_total=10.0; cause=Raw Data Issue.
warning,Group Head,,weight_audit,Group Head,Weight total not 100: level=output; kpi_type=KAI; parent=Capaian SLA layanan SSC seluruh PELINDO Group; raw_total=10.0; output_total=10.0; cause=Raw Data Issue.
warning,Group Head,,weight_audit,Group Head,Weight total not 100: level=output; kpi_type=KAI; parent=Ketepatan Perhitungan dan Pelaporan Pajak (PPH); raw_total=10.0; output_total=10.0; cause=Raw Data Issue.
warning,Group Head,,weight_audit,Group Head,Weight total not 100: level=output; kpi_type=KAI; parent=Ketepatan Perhitungan dan Pelaporan Pajak (PPN); raw_total=10.0; output_total=10.0; cause=Raw Data Issue.
warning,Group Head,,weight_audit,Group Head,Weight total not 100: level=output; kpi_type=KAI; parent=OPEX Variance; raw_total=10.0; output_total=10.0; cause=Raw Data Issue.
warning,Group Head,,weight_audit,Group Head,Weight total not 100: level=output; kpi_type=KAI; parent=Pengembangan Dashboard SSC SDM dan Pengadaan; raw_total=10.0; output_total=10.0; cause=Raw Data Issue.
warning,Group Head,,weight_audit,Group Head,Weight total not 100: level=output; kpi_type=KAI; parent=Perkuatan Fungsi SSC melalui Pengembangan Sistem; raw_total=10.0; output_total=10.0; cause=Raw Data Issue.
warning,Group Head,,weight_audit,Group Head,Weight total not 100: level=output; kpi_type=KAI; parent=Roll-out Fungsi Shared Service Center di entitas anak / cucu / cicit perusahaan Pelindo Group; raw_total=10.0; output_total=10.0; cause=Raw Data Issue.
warning,Group Head,,weight_audit,Group Head,Weight total not 100: level=output; kpi_type=KAI; parent=SLA verifikasi pembayaran hutang usaha; raw_total=15.0; output_total=15.0; cause=Raw Data Issue.
warning,Group Head,,weight_audit,Group Head,Weight total not 100: level=output; kpi_type=KAI; parent=Survey Layanan SSC; raw_total=10.0; output_total=10.0; cause=Raw Data Issue.
warning,Group Head,,weight_audit,Group Head,"Weight total not 100: level=output; kpi_type=KAI; parent=Tingkat pemenuhan tata kelola, manajemen risiko, dan kepatuhan internal (Penyelesaian Temuan Audit); raw_total=5.0; output_total=5.0; cause=Raw Data Issue."
info,DH Layanan Keuangan Timur,9,IMPACT,Net Income,enum_issue category=normalized; field=Polarity; raw=Positif; normalized=POSITIVE; Polarity normalized to POSITIVE.
info,DH Layanan Keuangan Timur,9,IMPACT,Net Income,enum_issue category=normalized; field=Period; raw=Triwulanan; normalized=TRIWULANAN; Period normalized to TRIWULANAN.
info,DH Layanan Keuangan Timur,10,IMPACT,(ROIC > WACC) x Inv.Capital,enum_issue category=normalized; field=Polarity; raw=Positif; normalized=POSITIVE; Polarity normalized to POSITIVE.
info,DH Layanan Keuangan Timur,10,IMPACT,(ROIC > WACC) x Inv.Capital,enum_issue category=normalized; field=Period; raw=Triwulanan; normalized=TRIWULANAN; Period normalized to TRIWULANAN.
info,DH Layanan Keuangan Timur,11,IMPACT,Traffic Volume,enum_issue category=normalized; field=Polarity; raw=Positif; normalized=POSITIVE; Polarity normalized to POSITIVE.
info,DH Layanan Keuangan Timur,11,IMPACT,Traffic Volume,enum_issue category=normalized; field=Period; raw=Triwulanan; normalized=TRIWULANAN; Period normalized to TRIWULANAN.
info,DH Layanan Keuangan Timur,12,IMPACT,Total Productivity,enum_issue category=normalized; field=Polarity; raw=Negatif; normalized=NEGATIVE; Polarity normalized to NEGATIVE.
info,DH Layanan Keuangan Timur,12,IMPACT,Total Productivity,enum_issue category=normalized; field=Period; raw=Triwulanan; normalized=TRIWULANAN; Period normalized to TRIWULANAN.
info,DH Layanan Keuangan Timur,13,IMPACT,Lost Time Injury Frequency Rate (LTIFR),enum_issue category=normalized; field=Polarity; raw=Negatif; normalized=NEGATIVE; Polarity normalized to NEGATIVE.
info,DH Layanan Keuangan Timur,13,IMPACT,Lost Time Injury Frequency Rate (LTIFR),enum_issue category=normalized; field=Period; raw=Triwulanan; normalized=TRIWULANAN; Period normalized to TRIWULANAN.
info,DH Layanan Keuangan Timur,14,IMPACT,Pengembangan Ekosistem Bali Maritime Tourism Hub (BMTH),enum_issue category=normalized; field=Polarity; raw=Positif; normalized=POSITIVE; Polarity normalized to POSITIVE.
info,DH Layanan Keuangan Timur,14,IMPACT,Pengembangan Ekosistem Bali Maritime Tourism Hub (BMTH),enum_issue category=normalized; field=Period; raw=Triwulanan; normalized=TRIWULANAN; Period normalized to TRIWULANAN.
info,DH Layanan Keuangan Timur,15,IMPACT,Number of KRI exceeding its risk tolerance limit,enum_issue category=normalized; field=Polarity; raw=Positif; normalized=POSITIVE; Polarity normalized to POSITIVE.
info,DH Layanan Keuangan Timur,15,IMPACT,Number of KRI exceeding its risk tolerance limit,enum_issue category=normalized; field=Period; raw=Triwulanan; normalized=TRIWULANAN; Period normalized to TRIWULANAN.
info,DH Layanan Keuangan Timur,16,IMPACT,ESG Rating,enum_issue category=normalized; field=Polarity; raw=Positif; normalized=POSITIVE; Polarity normalized to POSITIVE.
info,DH Layanan Keuangan Timur,16,IMPACT,ESG Rating,enum_issue category=normalized; field=Period; raw=Tahunan; normalized=TAHUNAN; Period normalized to TAHUNAN.
info,DH Layanan Keuangan Timur,17,IMPACT,Strategic Project Delivery,enum_issue category=normalized; field=Polarity; raw=Positif; normalized=POSITIVE; Polarity normalized to POSITIVE.
info,DH Layanan Keuangan Timur,17,IMPACT,Strategic Project Delivery,enum_issue category=normalized; field=Period; raw=Triwulanan; normalized=TRIWULANAN; Period normalized to TRIWULANAN.
info,DH Layanan Keuangan Timur,19,IMPACT,Manpower productivity (Revenue per total manpower),enum_issue category=normalized; field=Polarity; raw=Negatif; normalized=NEGATIVE; Polarity normalized to NEGATIVE.
info,DH Layanan Keuangan Timur,19,IMPACT,Manpower productivity (Revenue per total manpower),enum_issue category=normalized; field=Period; raw=Triwulanan; normalized=TRIWULANAN; Period normalized to TRIWULANAN.
info,DH Layanan Keuangan Timur,9,OUTPUT,OPEX Variance,enum_issue category=normalized; field=Period; raw=Triwulanan; normalized=TRIWULANAN; Period normalized to TRIWULANAN.
info,DH Layanan Keuangan Timur,9,OUTPUT,OPEX Variance,enum_issue category=normalized; field=Polarity; raw=Negatif; normalized=NEGATIVE; Polarity normalized to NEGATIVE.
info,DH Layanan Keuangan Timur,17,OUTPUT,Perkuatan Fungsi SSC melalui Pengembangan Sistem,enum_issue category=normalized; field=Period; raw=Triwulanan; normalized=TRIWULANAN; Period normalized to TRIWULANAN.
info,DH Layanan Keuangan Timur,17,OUTPUT,Perkuatan Fungsi SSC melalui Pengembangan Sistem,enum_issue category=normalized; field=Polarity; raw=Positif; normalized=POSITIVE; Polarity normalized to POSITIVE.
info,DH Layanan Keuangan Timur,18,OUTPUT,Survey Layanan SSC,enum_issue category=normalized; field=Period; raw=tahunan; normalized=TAHUNAN; Period normalized to TAHUNAN.
info,DH Layanan Keuangan Timur,18,OUTPUT,Survey Layanan SSC,enum_issue category=normalized; field=Polarity; raw=Positif; normalized=POSITIVE; Polarity normalized to POSITIVE.
info,DH Layanan Keuangan Timur,19,OUTPUT,"Tingkat pemenuhan tata kelola, manajemen risiko, dan kepatuhan internal (Penyelesaian Temuan Audit)",enum_issue category=normalized; field=Period; raw=Semester; normalized=SEMESTER; Period normalized to SEMESTER.
info,DH Layanan Keuangan Timur,19,OUTPUT,"Tingkat pemenuhan tata kelola, manajemen risiko, dan kepatuhan internal (Penyelesaian Temuan Audit)",enum_issue category=normalized; field=Polarity; raw=Positif; normalized=POSITIVE; Polarity normalized to POSITIVE.
info,DH Layanan Keuangan Timur,20,OUTPUT,SLA verifikasi pembayaran hutang usaha,enum_issue category=normalized; field=Period; raw=Triwulanan; normalized=TRIWULANAN; Period normalized to TRIWULANAN.
info,DH Layanan Keuangan Timur,20,OUTPUT,SLA verifikasi pembayaran hutang usaha,enum_issue category=normalized; field=Polarity; raw=Negatif; normalized=NEGATIVE; Polarity normalized to NEGATIVE.
warning,DH Layanan Keuangan Timur,9,KAI,Pelaksanaan inisiatif strategis efisiensi biaya pada Group Pengembangan SSC,KAI formula may not be percentage-based or is blank.
info,DH Layanan Keuangan Timur,18,KAI,Pelaksanaan survey layanan SSC,enum_issue category=normalized; field=Nature Of Work; raw=Non routine; normalized=Non Routine; KAI Nature normalized to Non Routine.
info,DH Layanan Keuangan Timur,19,KAI,"Mengkoordinasikan, menjaga alignment, mengintegrasikan, dan mengkonsolidasikan pelaksanaan penyelesaian temuan audit",enum_issue category=normalized; field=Nature Of Work; raw=Non routine; normalized=Non Routine; KAI Nature normalized to Non Routine.
warning,DH Layanan Keuangan Timur,,weight_audit,Department Head Layanan Keuangan Wilayah Timur,Weight total not 100: level=impact; kpi_type=OUTPUT; parent=Manpower productivity (Revenue per total manpower); raw_total=45.0; output_total=45.0; cause=Raw Data Issue.
warning,DH Layanan Keuangan Timur,,weight_audit,Department Head Layanan Keuangan Wilayah Timur,Weight total not 100: level=impact; kpi_type=OUTPUT; parent=Net Income; raw_total=10.0; output_total=10.0; cause=Raw Data Issue.
warning,DH Layanan Keuangan Timur,,weight_audit,Department Head Layanan Keuangan Wilayah Timur,Weight total not 100: level=impact; kpi_type=OUTPUT; parent=Strategic Project Delivery; raw_total=45.0; output_total=45.0; cause=Raw Data Issue.
warning,DH Layanan Keuangan Timur,,weight_audit,Department Head Layanan Keuangan Wilayah Timur,Weight total not 100: level=output; kpi_type=KAI; parent=OPEX Variance; raw_total=10.0; output_total=10.0; cause=Raw Data Issue.
warning,DH Layanan Keuangan Timur,,weight_audit,Department Head Layanan Keuangan Wilayah Timur,Weight total not 100: level=output; kpi_type=KAI; parent=Perkuatan Fungsi SSC melalui Pengembangan Sistem; raw_total=20.0; output_total=20.0; cause=Raw Data Issue.
warning,DH Layanan Keuangan Timur,,weight_audit,Department Head Layanan Keuangan Wilayah Timur,Weight total not 100: level=output; kpi_type=KAI; parent=SLA verifikasi pembayaran hutang usaha; raw_total=35.0; output_total=35.0; cause=Raw Data Issue.
warning,DH Layanan Keuangan Timur,,weight_audit,Department Head Layanan Keuangan Wilayah Timur,Weight total not 100: level=output; kpi_type=KAI; parent=Survey Layanan SSC; raw_total=25.0; output_total=25.0; cause=Raw Data Issue.
warning,DH Layanan Keuangan Timur,,weight_audit,Department Head Layanan Keuangan Wilayah Timur,"Weight total not 100: level=output; kpi_type=KAI; parent=Tingkat pemenuhan tata kelola, manajemen risiko, dan kepatuhan internal (Penyelesaian Temuan Audit); raw_total=10.0; output_total=10.0; cause=Raw Data Issue."
info,Manager Layanan Keuangan Timur1,9,IMPACT,Net Income,enum_issue category=normalized; field=Polarity; raw=Positif; normalized=POSITIVE; Polarity normalized to POSITIVE.
info,Manager Layanan Keuangan Timur1,9,IMPACT,Net Income,enum_issue category=normalized; field=Period; raw=Triwulanan; normalized=TRIWULANAN; Period normalized to TRIWULANAN.
info,Manager Layanan Keuangan Timur1,10,IMPACT,(ROIC > WACC) x Inv.Capital,enum_issue category=normalized; field=Polarity; raw=Positif; normalized=POSITIVE; Polarity normalized to POSITIVE.
info,Manager Layanan Keuangan Timur1,10,IMPACT,(ROIC > WACC) x Inv.Capital,enum_issue category=normalized; field=Period; raw=Triwulanan; normalized=TRIWULANAN; Period normalized to TRIWULANAN.
info,Manager Layanan Keuangan Timur1,11,IMPACT,Traffic Volume,enum_issue category=normalized; field=Polarity; raw=Positif; normalized=POSITIVE; Polarity normalized to POSITIVE.
info,Manager Layanan Keuangan Timur1,11,IMPACT,Traffic Volume,enum_issue category=normalized; field=Period; raw=Triwulanan; normalized=TRIWULANAN; Period normalized to TRIWULANAN.
info,Manager Layanan Keuangan Timur1,12,IMPACT,Total Productivity,enum_issue category=normalized; field=Polarity; raw=Negatif; normalized=NEGATIVE; Polarity normalized to NEGATIVE.
info,Manager Layanan Keuangan Timur1,12,IMPACT,Total Productivity,enum_issue category=normalized; field=Period; raw=Triwulanan; normalized=TRIWULANAN; Period normalized to TRIWULANAN.
info,Manager Layanan Keuangan Timur1,13,IMPACT,Lost Time Injury Frequency Rate (LTIFR),enum_issue category=normalized; field=Polarity; raw=Negatif; normalized=NEGATIVE; Polarity normalized to NEGATIVE.
info,Manager Layanan Keuangan Timur1,13,IMPACT,Lost Time Injury Frequency Rate (LTIFR),enum_issue category=normalized; field=Period; raw=Triwulanan; normalized=TRIWULANAN; Period normalized to TRIWULANAN.
info,Manager Layanan Keuangan Timur1,14,IMPACT,Pengembangan Ekosistem Bali Maritime Tourism Hub (BMTH),enum_issue category=normalized; field=Polarity; raw=Positif; normalized=POSITIVE; Polarity normalized to POSITIVE.
info,Manager Layanan Keuangan Timur1,14,IMPACT,Pengembangan Ekosistem Bali Maritime Tourism Hub (BMTH),enum_issue category=normalized; field=Period; raw=Triwulanan; normalized=TRIWULANAN; Period normalized to TRIWULANAN.
info,Manager Layanan Keuangan Timur1,15,IMPACT,Number of KRI exceeding its risk tolerance limit,enum_issue category=normalized; field=Polarity; raw=Positif; normalized=POSITIVE; Polarity normalized to POSITIVE.
info,Manager Layanan Keuangan Timur1,15,IMPACT,Number of KRI exceeding its risk tolerance limit,enum_issue category=normalized; field=Period; raw=Triwulanan; normalized=TRIWULANAN; Period normalized to TRIWULANAN.
info,Manager Layanan Keuangan Timur1,16,IMPACT,ESG Rating,enum_issue category=normalized; field=Polarity; raw=Positif; normalized=POSITIVE; Polarity normalized to POSITIVE.
info,Manager Layanan Keuangan Timur1,16,IMPACT,ESG Rating,enum_issue category=normalized; field=Period; raw=Tahunan; normalized=TAHUNAN; Period normalized to TAHUNAN.
info,Manager Layanan Keuangan Timur1,17,IMPACT,Strategic Project Delivery,enum_issue category=normalized; field=Polarity; raw=Positif; normalized=POSITIVE; Polarity normalized to POSITIVE.
info,Manager Layanan Keuangan Timur1,17,IMPACT,Strategic Project Delivery,enum_issue category=normalized; field=Period; raw=Triwulanan; normalized=TRIWULANAN; Period normalized to TRIWULANAN.
info,Manager Layanan Keuangan Timur1,19,IMPACT,Manpower productivity (Revenue per total manpower),enum_issue category=normalized; field=Polarity; raw=Negatif; normalized=NEGATIVE; Polarity normalized to NEGATIVE.
info,Manager Layanan Keuangan Timur1,19,IMPACT,Manpower productivity (Revenue per total manpower),enum_issue category=normalized; field=Period; raw=Triwulanan; normalized=TRIWULANAN; Period normalized to TRIWULANAN.
info,Manager Layanan Keuangan Timur1,9,OUTPUT,OPEX Variance,enum_issue category=normalized; field=Period; raw=Triwulanan; normalized=TRIWULANAN; Period normalized to TRIWULANAN.
info,Manager Layanan Keuangan Timur1,9,OUTPUT,OPEX Variance,enum_issue category=normalized; field=Polarity; raw=Negatif; normalized=NEGATIVE; Polarity normalized to NEGATIVE.
info,Manager Layanan Keuangan Timur1,17,OUTPUT,Perkuatan Fungsi SSC melalui Pengembangan Sistem,enum_issue category=normalized; field=Period; raw=Triwulanan; normalized=TRIWULANAN; Period normalized to TRIWULANAN.
info,Manager Layanan Keuangan Timur1,17,OUTPUT,Perkuatan Fungsi SSC melalui Pengembangan Sistem,enum_issue category=normalized; field=Polarity; raw=Positif; normalized=POSITIVE; Polarity normalized to POSITIVE.
info,Manager Layanan Keuangan Timur1,18,OUTPUT,Survey Layanan SSC,enum_issue category=normalized; field=Period; raw=tahunan; normalized=TAHUNAN; Period normalized to TAHUNAN.
info,Manager Layanan Keuangan Timur1,18,OUTPUT,Survey Layanan SSC,enum_issue category=normalized; field=Polarity; raw=Positif; normalized=POSITIVE; Polarity normalized to POSITIVE.
info,Manager Layanan Keuangan Timur1,19,OUTPUT,"Tingkat pemenuhan tata kelola, manajemen risiko, dan kepatuhan internal (Penyelesaian Temuan Audit)",enum_issue category=normalized; field=Period; raw=Semester; normalized=SEMESTER; Period normalized to SEMESTER.
info,Manager Layanan Keuangan Timur1,19,OUTPUT,"Tingkat pemenuhan tata kelola, manajemen risiko, dan kepatuhan internal (Penyelesaian Temuan Audit)",enum_issue category=normalized; field=Polarity; raw=Positif; normalized=POSITIVE; Polarity normalized to POSITIVE.
info,Manager Layanan Keuangan Timur1,20,OUTPUT,SLA verifikasi pembayaran hutang usaha,enum_issue category=normalized; field=Period; raw=Triwulanan; normalized=TRIWULANAN; Period normalized to TRIWULANAN.
info,Manager Layanan Keuangan Timur1,20,OUTPUT,SLA verifikasi pembayaran hutang usaha,enum_issue category=normalized; field=Polarity; raw=Negatif; normalized=NEGATIVE; Polarity normalized to NEGATIVE.
warning,Manager Layanan Keuangan Timur1,9,KAI,Pelaksanaan inisiatif strategis efisiensi biaya pada Group Pengembangan SSC,KAI formula may not be percentage-based or is blank.
info,Manager Layanan Keuangan Timur1,18,KAI,Pelaksanaan survey layanan SSC,enum_issue category=normalized; field=Nature Of Work; raw=Non routine; normalized=Non Routine; KAI Nature normalized to Non Routine.
info,Manager Layanan Keuangan Timur1,19,KAI,"Mengkoordinasikan, menjaga alignment, mengintegrasikan, dan mengkonsolidasikan pelaksanaan penyelesaian temuan audit",enum_issue category=normalized; field=Nature Of Work; raw=Non routine; normalized=Non Routine; KAI Nature normalized to Non Routine.
warning,Manager Layanan Keuangan Timur1,,weight_audit,Manager Layanan Keuangan Wilayah Timur 1,Weight total not 100: level=impact; kpi_type=OUTPUT; parent=Manpower productivity (Revenue per total manpower); raw_total=45.0; output_total=45.0; cause=Raw Data Issue.
warning,Manager Layanan Keuangan Timur1,,weight_audit,Manager Layanan Keuangan Wilayah Timur 1,Weight total not 100: level=impact; kpi_type=OUTPUT; parent=Net Income; raw_total=15.0; output_total=15.0; cause=Raw Data Issue.
warning,Manager Layanan Keuangan Timur1,,weight_audit,Manager Layanan Keuangan Wilayah Timur 1,Weight total not 100: level=impact; kpi_type=OUTPUT; parent=Strategic Project Delivery; raw_total=40.0; output_total=40.0; cause=Raw Data Issue.
warning,Manager Layanan Keuangan Timur1,,weight_audit,Manager Layanan Keuangan Wilayah Timur 1,Weight total not 100: level=output; kpi_type=KAI; parent=OPEX Variance; raw_total=15.0; output_total=15.0; cause=Raw Data Issue.
warning,Manager Layanan Keuangan Timur1,,weight_audit,Manager Layanan Keuangan Wilayah Timur 1,Weight total not 100: level=output; kpi_type=KAI; parent=Perkuatan Fungsi SSC melalui Pengembangan Sistem; raw_total=15.0; output_total=15.0; cause=Raw Data Issue.
warning,Manager Layanan Keuangan Timur1,,weight_audit,Manager Layanan Keuangan Wilayah Timur 1,Weight total not 100: level=output; kpi_type=KAI; parent=SLA verifikasi pembayaran hutang usaha; raw_total=35.0; output_total=35.0; cause=Raw Data Issue.
warning,Manager Layanan Keuangan Timur1,,weight_audit,Manager Layanan Keuangan Wilayah Timur 1,Weight total not 100: level=output; kpi_type=KAI; parent=Survey Layanan SSC; raw_total=25.0; output_total=25.0; cause=Raw Data Issue.
warning,Manager Layanan Keuangan Timur1,,weight_audit,Manager Layanan Keuangan Wilayah Timur 1,"Weight total not 100: level=output; kpi_type=KAI; parent=Tingkat pemenuhan tata kelola, manajemen risiko, dan kepatuhan internal (Penyelesaian Temuan Audit); raw_total=10.0; output_total=10.0; cause=Raw Data Issue."
info,Manager Layanan Keuangan Timur2,9,IMPACT,Net Income,enum_issue category=normalized; field=Polarity; raw=Positif; normalized=POSITIVE; Polarity normalized to POSITIVE.
info,Manager Layanan Keuangan Timur2,9,IMPACT,Net Income,enum_issue category=normalized; field=Period; raw=Triwulanan; normalized=TRIWULANAN; Period normalized to TRIWULANAN.
info,Manager Layanan Keuangan Timur2,10,IMPACT,(ROIC > WACC) x Inv.Capital,enum_issue category=normalized; field=Polarity; raw=Positif; normalized=POSITIVE; Polarity normalized to POSITIVE.
info,Manager Layanan Keuangan Timur2,10,IMPACT,(ROIC > WACC) x Inv.Capital,enum_issue category=normalized; field=Period; raw=Triwulanan; normalized=TRIWULANAN; Period normalized to TRIWULANAN.
info,Manager Layanan Keuangan Timur2,11,IMPACT,Traffic Volume,enum_issue category=normalized; field=Polarity; raw=Positif; normalized=POSITIVE; Polarity normalized to POSITIVE.
info,Manager Layanan Keuangan Timur2,11,IMPACT,Traffic Volume,enum_issue category=normalized; field=Period; raw=Triwulanan; normalized=TRIWULANAN; Period normalized to TRIWULANAN.
info,Manager Layanan Keuangan Timur2,12,IMPACT,Total Productivity,enum_issue category=normalized; field=Polarity; raw=Negatif; normalized=NEGATIVE; Polarity normalized to NEGATIVE.
info,Manager Layanan Keuangan Timur2,12,IMPACT,Total Productivity,enum_issue category=normalized; field=Period; raw=Triwulanan; normalized=TRIWULANAN; Period normalized to TRIWULANAN.
info,Manager Layanan Keuangan Timur2,13,IMPACT,Lost Time Injury Frequency Rate (LTIFR),enum_issue category=normalized; field=Polarity; raw=Negatif; normalized=NEGATIVE; Polarity normalized to NEGATIVE.
info,Manager Layanan Keuangan Timur2,13,IMPACT,Lost Time Injury Frequency Rate (LTIFR),enum_issue category=normalized; field=Period; raw=Triwulanan; normalized=TRIWULANAN; Period normalized to TRIWULANAN.
info,Manager Layanan Keuangan Timur2,14,IMPACT,Pengembangan Ekosistem Bali Maritime Tourism Hub (BMTH),enum_issue category=normalized; field=Polarity; raw=Positif; normalized=POSITIVE; Polarity normalized to POSITIVE.
info,Manager Layanan Keuangan Timur2,14,IMPACT,Pengembangan Ekosistem Bali Maritime Tourism Hub (BMTH),enum_issue category=normalized; field=Period; raw=Triwulanan; normalized=TRIWULANAN; Period normalized to TRIWULANAN.
info,Manager Layanan Keuangan Timur2,15,IMPACT,Number of KRI exceeding its risk tolerance limit,enum_issue category=normalized; field=Polarity; raw=Positif; normalized=POSITIVE; Polarity normalized to POSITIVE.
info,Manager Layanan Keuangan Timur2,15,IMPACT,Number of KRI exceeding its risk tolerance limit,enum_issue category=normalized; field=Period; raw=Triwulanan; normalized=TRIWULANAN; Period normalized to TRIWULANAN.
info,Manager Layanan Keuangan Timur2,16,IMPACT,ESG Rating,enum_issue category=normalized; field=Polarity; raw=Positif; normalized=POSITIVE; Polarity normalized to POSITIVE.
info,Manager Layanan Keuangan Timur2,16,IMPACT,ESG Rating,enum_issue category=normalized; field=Period; raw=Tahunan; normalized=TAHUNAN; Period normalized to TAHUNAN.
info,Manager Layanan Keuangan Timur2,17,IMPACT,Strategic Project Delivery,enum_issue category=normalized; field=Polarity; raw=Positif; normalized=POSITIVE; Polarity normalized to POSITIVE.
info,Manager Layanan Keuangan Timur2,17,IMPACT,Strategic Project Delivery,enum_issue category=normalized; field=Period; raw=Triwulanan; normalized=TRIWULANAN; Period normalized to TRIWULANAN.
info,Manager Layanan Keuangan Timur2,18,IMPACT,Manpower productivity (Revenue per total manpower),enum_issue category=normalized; field=Polarity; raw=Positif; normalized=POSITIVE; Polarity normalized to POSITIVE.
info,Manager Layanan Keuangan Timur2,18,IMPACT,Manpower productivity (Revenue per total manpower),enum_issue category=normalized; field=Period; raw=Triwulanan; normalized=TRIWULANAN; Period normalized to TRIWULANAN.
info,Manager Layanan Keuangan Timur2,9,OUTPUT,OPEX Variance,enum_issue category=normalized; field=Period; raw=Triwulanan; normalized=TRIWULANAN; Period normalized to TRIWULANAN.
info,Manager Layanan Keuangan Timur2,9,OUTPUT,OPEX Variance,enum_issue category=normalized; field=Polarity; raw=Negatif; normalized=NEGATIVE; Polarity normalized to NEGATIVE.
info,Manager Layanan Keuangan Timur2,17,OUTPUT,Perkuatan Fungsi SSC melalui Pengembangan Sistem,enum_issue category=normalized; field=Period; raw=Triwulanan; normalized=TRIWULANAN; Period normalized to TRIWULANAN.
info,Manager Layanan Keuangan Timur2,17,OUTPUT,Perkuatan Fungsi SSC melalui Pengembangan Sistem,enum_issue category=normalized; field=Polarity; raw=Positif; normalized=POSITIVE; Polarity normalized to POSITIVE.
info,Manager Layanan Keuangan Timur2,18,OUTPUT,Survey Layanan SSC,enum_issue category=normalized; field=Period; raw=tahunan; normalized=TAHUNAN; Period normalized to TAHUNAN.
info,Manager Layanan Keuangan Timur2,18,OUTPUT,Survey Layanan SSC,enum_issue category=normalized; field=Polarity; raw=Positif; normalized=POSITIVE; Polarity normalized to POSITIVE.
info,Manager Layanan Keuangan Timur2,19,OUTPUT,"Tingkat pemenuhan tata kelola, manajemen risiko, dan kepatuhan internal (Penyelesaian Temuan Audit)",enum_issue category=normalized; field=Period; raw=Semester; normalized=SEMESTER; Period normalized to SEMESTER.
info,Manager Layanan Keuangan Timur2,19,OUTPUT,"Tingkat pemenuhan tata kelola, manajemen risiko, dan kepatuhan internal (Penyelesaian Temuan Audit)",enum_issue category=normalized; field=Polarity; raw=Positif; normalized=POSITIVE; Polarity normalized to POSITIVE.
info,Manager Layanan Keuangan Timur2,20,OUTPUT,SLA verifikasi pembayaran hutang usaha,enum_issue category=normalized; field=Period; raw=Triwulanan; normalized=TRIWULANAN; Period normalized to TRIWULANAN.
info,Manager Layanan Keuangan Timur2,20,OUTPUT,SLA verifikasi pembayaran hutang usaha,enum_issue category=normalized; field=Polarity; raw=Negatif; normalized=NEGATIVE; Polarity normalized to NEGATIVE.
warning,Manager Layanan Keuangan Timur2,9,KAI,Pelaksanaan inisiatif strategis efisiensi biaya pada Group Pengembangan SSC,KAI formula may not be percentage-based or is blank.
info,Manager Layanan Keuangan Timur2,18,KAI,Pelaksanaan survey layanan SSC,enum_issue category=normalized; field=Nature Of Work; raw=Non routine; normalized=Non Routine; KAI Nature normalized to Non Routine.
info,Manager Layanan Keuangan Timur2,19,KAI,"Mengkoordinasikan, menjaga alignment, mengintegrasikan, dan mengkonsolidasikan pelaksanaan penyelesaian temuan audit",enum_issue category=normalized; field=Nature Of Work; raw=Non routine; normalized=Non Routine; KAI Nature normalized to Non Routine.
warning,Manager Layanan Keuangan Timur2,,weight_audit,Manager Layanan Keuangan Wilayah Timur 2,Weight total not 100: level=impact; kpi_type=OUTPUT; parent=Manpower productivity (Revenue per total manpower); raw_total=70.0; output_total=70.0; cause=Raw Data Issue.
warning,Manager Layanan Keuangan Timur2,,weight_audit,Manager Layanan Keuangan Wilayah Timur 2,Weight total not 100: level=impact; kpi_type=OUTPUT; parent=Net Income; raw_total=15.0; output_total=15.0; cause=Raw Data Issue.
warning,Manager Layanan Keuangan Timur2,,weight_audit,Manager Layanan Keuangan Wilayah Timur 2,Weight total not 100: level=impact; kpi_type=OUTPUT; parent=Strategic Project Delivery; raw_total=15.0; output_total=15.0; cause=Raw Data Issue.
warning,Manager Layanan Keuangan Timur2,,weight_audit,Manager Layanan Keuangan Wilayah Timur 2,Weight total not 100: level=output; kpi_type=KAI; parent=OPEX Variance; raw_total=15.0; output_total=15.0; cause=Raw Data Issue.
warning,Manager Layanan Keuangan Timur2,,weight_audit,Manager Layanan Keuangan Wilayah Timur 2,Weight total not 100: level=output; kpi_type=KAI; parent=Perkuatan Fungsi SSC melalui Pengembangan Sistem; raw_total=15.0; output_total=15.0; cause=Raw Data Issue.
warning,Manager Layanan Keuangan Timur2,,weight_audit,Manager Layanan Keuangan Wilayah Timur 2,Weight total not 100: level=output; kpi_type=KAI; parent=SLA verifikasi pembayaran hutang usaha; raw_total=35.0; output_total=35.0; cause=Raw Data Issue.
warning,Manager Layanan Keuangan Timur2,,weight_audit,Manager Layanan Keuangan Wilayah Timur 2,Weight total not 100: level=output; kpi_type=KAI; parent=Survey Layanan SSC; raw_total=25.0; output_total=25.0; cause=Raw Data Issue.
warning,Manager Layanan Keuangan Timur2,,weight_audit,Manager Layanan Keuangan Wilayah Timur 2,"Weight total not 100: level=output; kpi_type=KAI; parent=Tingkat pemenuhan tata kelola, manajemen risiko, dan kepatuhan internal (Penyelesaian Temuan Audit); raw_total=10.0; output_total=10.0; cause=Raw Data Issue."
info,Manager Layanan Keuangan Barat1,9,IMPACT,Net Income,enum_issue category=normalized; field=Polarity; raw=Positif; normalized=POSITIVE; Polarity normalized to POSITIVE.
info,Manager Layanan Keuangan Barat1,9,IMPACT,Net Income,enum_issue category=normalized; field=Period; raw=Triwulanan; normalized=TRIWULANAN; Period normalized to TRIWULANAN.
info,Manager Layanan Keuangan Barat1,10,IMPACT,(ROIC > WACC) x Inv.Capital,enum_issue category=normalized; field=Polarity; raw=Positif; normalized=POSITIVE; Polarity normalized to POSITIVE.
info,Manager Layanan Keuangan Barat1,10,IMPACT,(ROIC > WACC) x Inv.Capital,enum_issue category=normalized; field=Period; raw=Triwulanan; normalized=TRIWULANAN; Period normalized to TRIWULANAN.
info,Manager Layanan Keuangan Barat1,11,IMPACT,Traffic Volume,enum_issue category=normalized; field=Polarity; raw=Positif; normalized=POSITIVE; Polarity normalized to POSITIVE.
info,Manager Layanan Keuangan Barat1,11,IMPACT,Traffic Volume,enum_issue category=normalized; field=Period; raw=Triwulanan; normalized=TRIWULANAN; Period normalized to TRIWULANAN.
info,Manager Layanan Keuangan Barat1,12,IMPACT,Total Productivity,enum_issue category=normalized; field=Polarity; raw=Negatif; normalized=NEGATIVE; Polarity normalized to NEGATIVE.
info,Manager Layanan Keuangan Barat1,12,IMPACT,Total Productivity,enum_issue category=normalized; field=Period; raw=Triwulanan; normalized=TRIWULANAN; Period normalized to TRIWULANAN.
info,Manager Layanan Keuangan Barat1,13,IMPACT,Lost Time Injury Frequency Rate (LTIFR),enum_issue category=normalized; field=Polarity; raw=Negatif; normalized=NEGATIVE; Polarity normalized to NEGATIVE.
info,Manager Layanan Keuangan Barat1,13,IMPACT,Lost Time Injury Frequency Rate (LTIFR),enum_issue category=normalized; field=Period; raw=Triwulanan; normalized=TRIWULANAN; Period normalized to TRIWULANAN.
info,Manager Layanan Keuangan Barat1,14,IMPACT,Pengembangan Ekosistem Bali Maritime Tourism Hub (BMTH),enum_issue category=normalized; field=Polarity; raw=Positif; normalized=POSITIVE; Polarity normalized to POSITIVE.
info,Manager Layanan Keuangan Barat1,14,IMPACT,Pengembangan Ekosistem Bali Maritime Tourism Hub (BMTH),enum_issue category=normalized; field=Period; raw=Triwulanan; normalized=TRIWULANAN; Period normalized to TRIWULANAN.
info,Manager Layanan Keuangan Barat1,15,IMPACT,Number of KRI exceeding its risk tolerance limit,enum_issue category=normalized; field=Polarity; raw=Positif; normalized=POSITIVE; Polarity normalized to POSITIVE.
info,Manager Layanan Keuangan Barat1,15,IMPACT,Number of KRI exceeding its risk tolerance limit,enum_issue category=normalized; field=Period; raw=Triwulanan; normalized=TRIWULANAN; Period normalized to TRIWULANAN.
info,Manager Layanan Keuangan Barat1,16,IMPACT,ESG Rating,enum_issue category=normalized; field=Polarity; raw=Positif; normalized=POSITIVE; Polarity normalized to POSITIVE.
info,Manager Layanan Keuangan Barat1,16,IMPACT,ESG Rating,enum_issue category=normalized; field=Period; raw=Tahunan; normalized=TAHUNAN; Period normalized to TAHUNAN.
info,Manager Layanan Keuangan Barat1,17,IMPACT,Strategic Project Delivery,enum_issue category=normalized; field=Polarity; raw=Positif; normalized=POSITIVE; Polarity normalized to POSITIVE.
info,Manager Layanan Keuangan Barat1,17,IMPACT,Strategic Project Delivery,enum_issue category=normalized; field=Period; raw=Triwulanan; normalized=TRIWULANAN; Period normalized to TRIWULANAN.
info,Manager Layanan Keuangan Barat1,18,IMPACT,Manpower productivity (Revenue per total manpower),enum_issue category=normalized; field=Polarity; raw=Positif; normalized=POSITIVE; Polarity normalized to POSITIVE.
info,Manager Layanan Keuangan Barat1,18,IMPACT,Manpower productivity (Revenue per total manpower),enum_issue category=normalized; field=Period; raw=Triwulanan; normalized=TRIWULANAN; Period normalized to TRIWULANAN.
info,Manager Layanan Keuangan Barat1,9,OUTPUT,OPEX Variance,enum_issue category=normalized; field=Period; raw=Triwulanan; normalized=TRIWULANAN; Period normalized to TRIWULANAN.
info,Manager Layanan Keuangan Barat1,9,OUTPUT,OPEX Variance,enum_issue category=normalized; field=Polarity; raw=Negatif; normalized=NEGATIVE; Polarity normalized to NEGATIVE.
info,Manager Layanan Keuangan Barat1,17,OUTPUT,Perkuatan Fungsi SSC melalui Pengembangan Sistem,enum_issue category=normalized; field=Period; raw=Triwulanan; normalized=TRIWULANAN; Period normalized to TRIWULANAN.
info,Manager Layanan Keuangan Barat1,17,OUTPUT,Perkuatan Fungsi SSC melalui Pengembangan Sistem,enum_issue category=normalized; field=Polarity; raw=Positif; normalized=POSITIVE; Polarity normalized to POSITIVE.
info,Manager Layanan Keuangan Barat1,18,OUTPUT,Survey Layanan SSC,enum_issue category=normalized; field=Period; raw=tahunan; normalized=TAHUNAN; Period normalized to TAHUNAN.
info,Manager Layanan Keuangan Barat1,18,OUTPUT,Survey Layanan SSC,enum_issue category=normalized; field=Polarity; raw=Positif; normalized=POSITIVE; Polarity normalized to POSITIVE.
info,Manager Layanan Keuangan Barat1,19,OUTPUT,"Tingkat pemenuhan tata kelola, manajemen risiko, dan kepatuhan internal (Penyelesaian Temuan Audit)",enum_issue category=normalized; field=Period; raw=Semester; normalized=SEMESTER; Period normalized to SEMESTER.
info,Manager Layanan Keuangan Barat1,19,OUTPUT,"Tingkat pemenuhan tata kelola, manajemen risiko, dan kepatuhan internal (Penyelesaian Temuan Audit)",enum_issue category=normalized; field=Polarity; raw=Positif; normalized=POSITIVE; Polarity normalized to POSITIVE.
info,Manager Layanan Keuangan Barat1,20,OUTPUT,SLA verifikasi pembayaran hutang usaha,enum_issue category=normalized; field=Period; raw=Triwulanan; normalized=TRIWULANAN; Period normalized to TRIWULANAN.
info,Manager Layanan Keuangan Barat1,20,OUTPUT,SLA verifikasi pembayaran hutang usaha,enum_issue category=normalized; field=Polarity; raw=Negatif; normalized=NEGATIVE; Polarity normalized to NEGATIVE.
warning,Manager Layanan Keuangan Barat1,9,KAI,Pelaksanaan inisiatif strategis efisiensi biaya pada Group Pengembangan SSC,KAI formula may not be percentage-based or is blank.
info,Manager Layanan Keuangan Barat1,18,KAI,Pelaksanaan survey layanan SSC,enum_issue category=normalized; field=Nature Of Work; raw=Non routine; normalized=Non Routine; KAI Nature normalized to Non Routine.
info,Manager Layanan Keuangan Barat1,19,KAI,"Mengkoordinasikan, menjaga alignment, mengintegrasikan, dan mengkonsolidasikan pelaksanaan penyelesaian temuan audit",enum_issue category=normalized; field=Nature Of Work; raw=Non routine; normalized=Non Routine; KAI Nature normalized to Non Routine.
warning,Manager Layanan Keuangan Barat1,,weight_audit,Manager Layanan Keuangan Wilayah Barat 1,Weight total not 100: level=impact; kpi_type=OUTPUT; parent=Manpower productivity (Revenue per total manpower); raw_total=70.0; output_total=70.0; cause=Raw Data Issue.
warning,Manager Layanan Keuangan Barat1,,weight_audit,Manager Layanan Keuangan Wilayah Barat 1,Weight total not 100: level=impact; kpi_type=OUTPUT; parent=Net Income; raw_total=10.0; output_total=10.0; cause=Raw Data Issue.
warning,Manager Layanan Keuangan Barat1,,weight_audit,Manager Layanan Keuangan Wilayah Barat 1,Weight total not 100: level=impact; kpi_type=OUTPUT; parent=Strategic Project Delivery; raw_total=20.0; output_total=20.0; cause=Raw Data Issue.
warning,Manager Layanan Keuangan Barat1,,weight_audit,Manager Layanan Keuangan Wilayah Barat 1,Weight total not 100: level=output; kpi_type=KAI; parent=OPEX Variance; raw_total=10.0; output_total=10.0; cause=Raw Data Issue.
warning,Manager Layanan Keuangan Barat1,,weight_audit,Manager Layanan Keuangan Wilayah Barat 1,Weight total not 100: level=output; kpi_type=KAI; parent=Perkuatan Fungsi SSC melalui Pengembangan Sistem; raw_total=20.0; output_total=20.0; cause=Raw Data Issue.
warning,Manager Layanan Keuangan Barat1,,weight_audit,Manager Layanan Keuangan Wilayah Barat 1,Weight total not 100: level=output; kpi_type=KAI; parent=SLA verifikasi pembayaran hutang usaha; raw_total=35.0; output_total=35.0; cause=Raw Data Issue.
warning,Manager Layanan Keuangan Barat1,,weight_audit,Manager Layanan Keuangan Wilayah Barat 1,Weight total not 100: level=output; kpi_type=KAI; parent=Survey Layanan SSC; raw_total=25.0; output_total=25.0; cause=Raw Data Issue.
warning,Manager Layanan Keuangan Barat1,,weight_audit,Manager Layanan Keuangan Wilayah Barat 1,"Weight total not 100: level=output; kpi_type=KAI; parent=Tingkat pemenuhan tata kelola, manajemen risiko, dan kepatuhan internal (Penyelesaian Temuan Audit); raw_total=10.0; output_total=10.0; cause=Raw Data Issue."
info,Manager Layanan Keuangan Barat2,9,IMPACT,Net Income,enum_issue category=normalized; field=Polarity; raw=Positif; normalized=POSITIVE; Polarity normalized to POSITIVE.
info,Manager Layanan Keuangan Barat2,9,IMPACT,Net Income,enum_issue category=normalized; field=Period; raw=Triwulanan; normalized=TRIWULANAN; Period normalized to TRIWULANAN.
info,Manager Layanan Keuangan Barat2,10,IMPACT,(ROIC > WACC) x Inv.Capital,enum_issue category=normalized; field=Polarity; raw=Positif; normalized=POSITIVE; Polarity normalized to POSITIVE.
info,Manager Layanan Keuangan Barat2,10,IMPACT,(ROIC > WACC) x Inv.Capital,enum_issue category=normalized; field=Period; raw=Triwulanan; normalized=TRIWULANAN; Period normalized to TRIWULANAN.
info,Manager Layanan Keuangan Barat2,11,IMPACT,Traffic Volume,enum_issue category=normalized; field=Polarity; raw=Positif; normalized=POSITIVE; Polarity normalized to POSITIVE.
info,Manager Layanan Keuangan Barat2,11,IMPACT,Traffic Volume,enum_issue category=normalized; field=Period; raw=Triwulanan; normalized=TRIWULANAN; Period normalized to TRIWULANAN.
info,Manager Layanan Keuangan Barat2,12,IMPACT,Total Productivity,enum_issue category=normalized; field=Polarity; raw=Negatif; normalized=NEGATIVE; Polarity normalized to NEGATIVE.
info,Manager Layanan Keuangan Barat2,12,IMPACT,Total Productivity,enum_issue category=normalized; field=Period; raw=Triwulanan; normalized=TRIWULANAN; Period normalized to TRIWULANAN.
info,Manager Layanan Keuangan Barat2,13,IMPACT,Lost Time Injury Frequency Rate (LTIFR),enum_issue category=normalized; field=Polarity; raw=Negatif; normalized=NEGATIVE; Polarity normalized to NEGATIVE.
info,Manager Layanan Keuangan Barat2,13,IMPACT,Lost Time Injury Frequency Rate (LTIFR),enum_issue category=normalized; field=Period; raw=Triwulanan; normalized=TRIWULANAN; Period normalized to TRIWULANAN.
info,Manager Layanan Keuangan Barat2,14,IMPACT,Pengembangan Ekosistem Bali Maritime Tourism Hub (BMTH),enum_issue category=normalized; field=Polarity; raw=Positif; normalized=POSITIVE; Polarity normalized to POSITIVE.
info,Manager Layanan Keuangan Barat2,14,IMPACT,Pengembangan Ekosistem Bali Maritime Tourism Hub (BMTH),enum_issue category=normalized; field=Period; raw=Triwulanan; normalized=TRIWULANAN; Period normalized to TRIWULANAN.
info,Manager Layanan Keuangan Barat2,15,IMPACT,Number of KRI exceeding its risk tolerance limit,enum_issue category=normalized; field=Polarity; raw=Positif; normalized=POSITIVE; Polarity normalized to POSITIVE.
info,Manager Layanan Keuangan Barat2,15,IMPACT,Number of KRI exceeding its risk tolerance limit,enum_issue category=normalized; field=Period; raw=Triwulanan; normalized=TRIWULANAN; Period normalized to TRIWULANAN.
info,Manager Layanan Keuangan Barat2,16,IMPACT,ESG Rating,enum_issue category=normalized; field=Polarity; raw=Positif; normalized=POSITIVE; Polarity normalized to POSITIVE.
info,Manager Layanan Keuangan Barat2,16,IMPACT,ESG Rating,enum_issue category=normalized; field=Period; raw=Tahunan; normalized=TAHUNAN; Period normalized to TAHUNAN.
info,Manager Layanan Keuangan Barat2,17,IMPACT,Strategic Project Delivery,enum_issue category=normalized; field=Polarity; raw=Positif; normalized=POSITIVE; Polarity normalized to POSITIVE.
info,Manager Layanan Keuangan Barat2,17,IMPACT,Strategic Project Delivery,enum_issue category=normalized; field=Period; raw=Triwulanan; normalized=TRIWULANAN; Period normalized to TRIWULANAN.
info,Manager Layanan Keuangan Barat2,18,IMPACT,Manpower productivity (Revenue per total manpower),enum_issue category=normalized; field=Polarity; raw=Positif; normalized=POSITIVE; Polarity normalized to POSITIVE.
info,Manager Layanan Keuangan Barat2,18,IMPACT,Manpower productivity (Revenue per total manpower),enum_issue category=normalized; field=Period; raw=Triwulanan; normalized=TRIWULANAN; Period normalized to TRIWULANAN.
info,Manager Layanan Keuangan Barat2,9,OUTPUT,OPEX Variance,enum_issue category=normalized; field=Period; raw=Triwulanan; normalized=TRIWULANAN; Period normalized to TRIWULANAN.
info,Manager Layanan Keuangan Barat2,9,OUTPUT,OPEX Variance,enum_issue category=normalized; field=Polarity; raw=Negatif; normalized=NEGATIVE; Polarity normalized to NEGATIVE.
info,Manager Layanan Keuangan Barat2,17,OUTPUT,Perkuatan Fungsi SSC melalui Pengembangan Sistem,enum_issue category=normalized; field=Period; raw=Triwulanan; normalized=TRIWULANAN; Period normalized to TRIWULANAN.
info,Manager Layanan Keuangan Barat2,17,OUTPUT,Perkuatan Fungsi SSC melalui Pengembangan Sistem,enum_issue category=normalized; field=Polarity; raw=Positif; normalized=POSITIVE; Polarity normalized to POSITIVE.
info,Manager Layanan Keuangan Barat2,18,OUTPUT,Survey Layanan SSC,enum_issue category=normalized; field=Period; raw=tahunan; normalized=TAHUNAN; Period normalized to TAHUNAN.
info,Manager Layanan Keuangan Barat2,18,OUTPUT,Survey Layanan SSC,enum_issue category=normalized; field=Polarity; raw=Positif; normalized=POSITIVE; Polarity normalized to POSITIVE.
info,Manager Layanan Keuangan Barat2,19,OUTPUT,"Tingkat pemenuhan tata kelola, manajemen risiko, dan kepatuhan internal (Penyelesaian Temuan Audit)",enum_issue category=normalized; field=Period; raw=Semester; normalized=SEMESTER; Period normalized to SEMESTER.
info,Manager Layanan Keuangan Barat2,19,OUTPUT,"Tingkat pemenuhan tata kelola, manajemen risiko, dan kepatuhan internal (Penyelesaian Temuan Audit)",enum_issue category=normalized; field=Polarity; raw=Positif; normalized=POSITIVE; Polarity normalized to POSITIVE.
info,Manager Layanan Keuangan Barat2,20,OUTPUT,SLA verifikasi pembayaran hutang usaha,enum_issue category=normalized; field=Period; raw=Triwulanan; normalized=TRIWULANAN; Period normalized to TRIWULANAN.
info,Manager Layanan Keuangan Barat2,20,OUTPUT,SLA verifikasi pembayaran hutang usaha,enum_issue category=normalized; field=Polarity; raw=Negatif; normalized=NEGATIVE; Polarity normalized to NEGATIVE.
warning,Manager Layanan Keuangan Barat2,9,KAI,Pelaksanaan inisiatif strategis efisiensi biaya pada Group Pengembangan SSC,KAI formula may not be percentage-based or is blank.
info,Manager Layanan Keuangan Barat2,18,KAI,Pelaksanaan survey layanan SSC,enum_issue category=normalized; field=Nature Of Work; raw=Non routine; normalized=Non Routine; KAI Nature normalized to Non Routine.
info,Manager Layanan Keuangan Barat2,19,KAI,"Mengkoordinasikan, menjaga alignment, mengintegrasikan, dan mengkonsolidasikan pelaksanaan penyelesaian temuan audit",enum_issue category=normalized; field=Nature Of Work; raw=Non routine; normalized=Non Routine; KAI Nature normalized to Non Routine.
warning,Manager Layanan Keuangan Barat2,,weight_audit,Manager Layanan Keuangan Wilayah Barat 2,Weight total not 100: level=impact; kpi_type=OUTPUT; parent=Manpower productivity (Revenue per total manpower); raw_total=70.0; output_total=70.0; cause=Raw Data Issue.
warning,Manager Layanan Keuangan Barat2,,weight_audit,Manager Layanan Keuangan Wilayah Barat 2,Weight total not 100: level=impact; kpi_type=OUTPUT; parent=Net Income; raw_total=10.0; output_total=10.0; cause=Raw Data Issue.
warning,Manager Layanan Keuangan Barat2,,weight_audit,Manager Layanan Keuangan Wilayah Barat 2,Weight total not 100: level=impact; kpi_type=OUTPUT; parent=Strategic Project Delivery; raw_total=20.0; output_total=20.0; cause=Raw Data Issue.
warning,Manager Layanan Keuangan Barat2,,weight_audit,Manager Layanan Keuangan Wilayah Barat 2,Weight total not 100: level=output; kpi_type=KAI; parent=OPEX Variance; raw_total=10.0; output_total=10.0; cause=Raw Data Issue.
warning,Manager Layanan Keuangan Barat2,,weight_audit,Manager Layanan Keuangan Wilayah Barat 2,Weight total not 100: level=output; kpi_type=KAI; parent=Perkuatan Fungsi SSC melalui Pengembangan Sistem; raw_total=20.0; output_total=20.0; cause=Raw Data Issue.
warning,Manager Layanan Keuangan Barat2,,weight_audit,Manager Layanan Keuangan Wilayah Barat 2,Weight total not 100: level=output; kpi_type=KAI; parent=SLA verifikasi pembayaran hutang usaha; raw_total=35.0; output_total=35.0; cause=Raw Data Issue.
warning,Manager Layanan Keuangan Barat2,,weight_audit,Manager Layanan Keuangan Wilayah Barat 2,Weight total not 100: level=output; kpi_type=KAI; parent=Survey Layanan SSC; raw_total=25.0; output_total=25.0; cause=Raw Data Issue.
warning,Manager Layanan Keuangan Barat2,,weight_audit,Manager Layanan Keuangan Wilayah Barat 2,"Weight total not 100: level=output; kpi_type=KAI; parent=Tingkat pemenuhan tata kelola, manajemen risiko, dan kepatuhan internal (Penyelesaian Temuan Audit); raw_total=10.0; output_total=10.0; cause=Raw Data Issue."
info,DH Layanan Keuangan Barat,9,IMPACT,Net Income,enum_issue category=normalized; field=Polarity; raw=Positif; normalized=POSITIVE; Polarity normalized to POSITIVE.
info,DH Layanan Keuangan Barat,9,IMPACT,Net Income,enum_issue category=normalized; field=Period; raw=Triwulanan; normalized=TRIWULANAN; Period normalized to TRIWULANAN.
info,DH Layanan Keuangan Barat,10,IMPACT,(ROIC > WACC) x Inv.Capital,enum_issue category=normalized; field=Polarity; raw=Positif; normalized=POSITIVE; Polarity normalized to POSITIVE.
info,DH Layanan Keuangan Barat,10,IMPACT,(ROIC > WACC) x Inv.Capital,enum_issue category=normalized; field=Period; raw=Triwulanan; normalized=TRIWULANAN; Period normalized to TRIWULANAN.
info,DH Layanan Keuangan Barat,11,IMPACT,Traffic Volume,enum_issue category=normalized; field=Polarity; raw=Positif; normalized=POSITIVE; Polarity normalized to POSITIVE.
info,DH Layanan Keuangan Barat,11,IMPACT,Traffic Volume,enum_issue category=normalized; field=Period; raw=Triwulanan; normalized=TRIWULANAN; Period normalized to TRIWULANAN.
info,DH Layanan Keuangan Barat,12,IMPACT,Total Productivity,enum_issue category=normalized; field=Polarity; raw=Negatif; normalized=NEGATIVE; Polarity normalized to NEGATIVE.
info,DH Layanan Keuangan Barat,12,IMPACT,Total Productivity,enum_issue category=normalized; field=Period; raw=Triwulanan; normalized=TRIWULANAN; Period normalized to TRIWULANAN.
info,DH Layanan Keuangan Barat,13,IMPACT,Lost Time Injury Frequency Rate (LTIFR),enum_issue category=normalized; field=Polarity; raw=Negatif; normalized=NEGATIVE; Polarity normalized to NEGATIVE.
info,DH Layanan Keuangan Barat,13,IMPACT,Lost Time Injury Frequency Rate (LTIFR),enum_issue category=normalized; field=Period; raw=Triwulanan; normalized=TRIWULANAN; Period normalized to TRIWULANAN.
info,DH Layanan Keuangan Barat,14,IMPACT,Pengembangan Ekosistem Bali Maritime Tourism Hub (BMTH),enum_issue category=normalized; field=Polarity; raw=Positif; normalized=POSITIVE; Polarity normalized to POSITIVE.
info,DH Layanan Keuangan Barat,14,IMPACT,Pengembangan Ekosistem Bali Maritime Tourism Hub (BMTH),enum_issue category=normalized; field=Period; raw=Triwulanan; normalized=TRIWULANAN; Period normalized to TRIWULANAN.
info,DH Layanan Keuangan Barat,15,IMPACT,Number of KRI exceeding its risk tolerance limit,enum_issue category=normalized; field=Polarity; raw=Positif; normalized=POSITIVE; Polarity normalized to POSITIVE.
info,DH Layanan Keuangan Barat,15,IMPACT,Number of KRI exceeding its risk tolerance limit,enum_issue category=normalized; field=Period; raw=Triwulanan; normalized=TRIWULANAN; Period normalized to TRIWULANAN.
info,DH Layanan Keuangan Barat,16,IMPACT,ESG Rating,enum_issue category=normalized; field=Polarity; raw=Positif; normalized=POSITIVE; Polarity normalized to POSITIVE.
info,DH Layanan Keuangan Barat,16,IMPACT,ESG Rating,enum_issue category=normalized; field=Period; raw=Tahunan; normalized=TAHUNAN; Period normalized to TAHUNAN.
info,DH Layanan Keuangan Barat,17,IMPACT,Strategic Project Delivery,enum_issue category=normalized; field=Polarity; raw=Positif; normalized=POSITIVE; Polarity normalized to POSITIVE.
info,DH Layanan Keuangan Barat,17,IMPACT,Strategic Project Delivery,enum_issue category=normalized; field=Period; raw=Triwulanan; normalized=TRIWULANAN; Period normalized to TRIWULANAN.
info,DH Layanan Keuangan Barat,19,IMPACT,Manpower productivity (Revenue per total manpower),enum_issue category=normalized; field=Polarity; raw=Negatif; normalized=NEGATIVE; Polarity normalized to NEGATIVE.
info,DH Layanan Keuangan Barat,19,IMPACT,Manpower productivity (Revenue per total manpower),enum_issue category=normalized; field=Period; raw=Triwulanan; normalized=TRIWULANAN; Period normalized to TRIWULANAN.
info,DH Layanan Keuangan Barat,9,OUTPUT,OPEX Variance,enum_issue category=normalized; field=Period; raw=Triwulanan; normalized=TRIWULANAN; Period normalized to TRIWULANAN.
info,DH Layanan Keuangan Barat,9,OUTPUT,OPEX Variance,enum_issue category=normalized; field=Polarity; raw=Negatif; normalized=NEGATIVE; Polarity normalized to NEGATIVE.
info,DH Layanan Keuangan Barat,17,OUTPUT,Perkuatan Fungsi SSC melalui Pengembangan Sistem,enum_issue category=normalized; field=Period; raw=Triwulanan; normalized=TRIWULANAN; Period normalized to TRIWULANAN.
info,DH Layanan Keuangan Barat,17,OUTPUT,Perkuatan Fungsi SSC melalui Pengembangan Sistem,enum_issue category=normalized; field=Polarity; raw=Positif; normalized=POSITIVE; Polarity normalized to POSITIVE.
info,DH Layanan Keuangan Barat,18,OUTPUT,Survey Layanan SSC,enum_issue category=normalized; field=Period; raw=tahunan; normalized=TAHUNAN; Period normalized to TAHUNAN.
info,DH Layanan Keuangan Barat,18,OUTPUT,Survey Layanan SSC,enum_issue category=normalized; field=Polarity; raw=Positif; normalized=POSITIVE; Polarity normalized to POSITIVE.
info,DH Layanan Keuangan Barat,19,OUTPUT,"Tingkat pemenuhan tata kelola, manajemen risiko, dan kepatuhan internal (Penyelesaian Temuan Audit)",enum_issue category=normalized; field=Period; raw=Semester; normalized=SEMESTER; Period normalized to SEMESTER.
info,DH Layanan Keuangan Barat,19,OUTPUT,"Tingkat pemenuhan tata kelola, manajemen risiko, dan kepatuhan internal (Penyelesaian Temuan Audit)",enum_issue category=normalized; field=Polarity; raw=Positif; normalized=POSITIVE; Polarity normalized to POSITIVE.
info,DH Layanan Keuangan Barat,20,OUTPUT,SLA verifikasi pembayaran hutang usaha,enum_issue category=normalized; field=Period; raw=Triwulanan; normalized=TRIWULANAN; Period normalized to TRIWULANAN.
info,DH Layanan Keuangan Barat,20,OUTPUT,SLA verifikasi pembayaran hutang usaha,enum_issue category=normalized; field=Polarity; raw=Negatif; normalized=NEGATIVE; Polarity normalized to NEGATIVE.
warning,DH Layanan Keuangan Barat,9,KAI,Pelaksanaan inisiatif strategis efisiensi biaya pada Group Pengembangan SSC,KAI formula may not be percentage-based or is blank.
info,DH Layanan Keuangan Barat,18,KAI,Pelaksanaan survey layanan SSC,enum_issue category=normalized; field=Nature Of Work; raw=Non routine; normalized=Non Routine; KAI Nature normalized to Non Routine.
info,DH Layanan Keuangan Barat,19,KAI,"Mengkoordinasikan, menjaga alignment, mengintegrasikan, dan mengkonsolidasikan pelaksanaan penyelesaian temuan audit",enum_issue category=normalized; field=Nature Of Work; raw=Non routine; normalized=Non Routine; KAI Nature normalized to Non Routine.
warning,DH Layanan Keuangan Barat,,weight_audit,Department Head Layanan Keuangan Wilayah Barat,Weight total not 100: level=impact; kpi_type=OUTPUT; parent=Manpower productivity (Revenue per total manpower); raw_total=45.0; output_total=45.0; cause=Raw Data Issue.
warning,DH Layanan Keuangan Barat,,weight_audit,Department Head Layanan Keuangan Wilayah Barat,Weight total not 100: level=impact; kpi_type=OUTPUT; parent=Net Income; raw_total=10.0; output_total=10.0; cause=Raw Data Issue.
warning,DH Layanan Keuangan Barat,,weight_audit,Department Head Layanan Keuangan Wilayah Barat,Weight total not 100: level=impact; kpi_type=OUTPUT; parent=Strategic Project Delivery; raw_total=45.0; output_total=45.0; cause=Raw Data Issue.
warning,DH Layanan Keuangan Barat,,weight_audit,Department Head Layanan Keuangan Wilayah Barat,Weight total not 100: level=output; kpi_type=KAI; parent=OPEX Variance; raw_total=10.0; output_total=10.0; cause=Raw Data Issue.
warning,DH Layanan Keuangan Barat,,weight_audit,Department Head Layanan Keuangan Wilayah Barat,Weight total not 100: level=output; kpi_type=KAI; parent=Perkuatan Fungsi SSC melalui Pengembangan Sistem; raw_total=20.0; output_total=20.0; cause=Raw Data Issue.
warning,DH Layanan Keuangan Barat,,weight_audit,Department Head Layanan Keuangan Wilayah Barat,Weight total not 100: level=output; kpi_type=KAI; parent=SLA verifikasi pembayaran hutang usaha; raw_total=35.0; output_total=35.0; cause=Raw Data Issue.
warning,DH Layanan Keuangan Barat,,weight_audit,Department Head Layanan Keuangan Wilayah Barat,Weight total not 100: level=output; kpi_type=KAI; parent=Survey Layanan SSC; raw_total=25.0; output_total=25.0; cause=Raw Data Issue.
warning,DH Layanan Keuangan Barat,,weight_audit,Department Head Layanan Keuangan Wilayah Barat,"Weight total not 100: level=output; kpi_type=KAI; parent=Tingkat pemenuhan tata kelola, manajemen risiko, dan kepatuhan internal (Penyelesaian Temuan Audit); raw_total=10.0; output_total=10.0; cause=Raw Data Issue."
info,DH SSC SDM dan Pengadaan,9,IMPACT,Net Income,enum_issue category=normalized; field=Polarity; raw=Positif; normalized=POSITIVE; Polarity normalized to POSITIVE.
info,DH SSC SDM dan Pengadaan,9,IMPACT,Net Income,enum_issue category=normalized; field=Period; raw=Triwulanan; normalized=TRIWULANAN; Period normalized to TRIWULANAN.
info,DH SSC SDM dan Pengadaan,10,IMPACT,(ROIC > WACC) x Inv.Capital,enum_issue category=normalized; field=Polarity; raw=Positif; normalized=POSITIVE; Polarity normalized to POSITIVE.
info,DH SSC SDM dan Pengadaan,10,IMPACT,(ROIC > WACC) x Inv.Capital,enum_issue category=normalized; field=Period; raw=Triwulanan; normalized=TRIWULANAN; Period normalized to TRIWULANAN.
info,DH SSC SDM dan Pengadaan,11,IMPACT,Traffic Volume,enum_issue category=normalized; field=Polarity; raw=Positif; normalized=POSITIVE; Polarity normalized to POSITIVE.
info,DH SSC SDM dan Pengadaan,11,IMPACT,Traffic Volume,enum_issue category=normalized; field=Period; raw=Triwulanan; normalized=TRIWULANAN; Period normalized to TRIWULANAN.
info,DH SSC SDM dan Pengadaan,12,IMPACT,Total Productivity,enum_issue category=normalized; field=Polarity; raw=Positif; normalized=POSITIVE; Polarity normalized to POSITIVE.
info,DH SSC SDM dan Pengadaan,12,IMPACT,Total Productivity,enum_issue category=normalized; field=Period; raw=Triwulanan; normalized=TRIWULANAN; Period normalized to TRIWULANAN.
info,DH SSC SDM dan Pengadaan,14,IMPACT,Lost Time Injury Frequency Rate (LTIFR),enum_issue category=normalized; field=Polarity; raw=Negatif; normalized=NEGATIVE; Polarity normalized to NEGATIVE.
info,DH SSC SDM dan Pengadaan,14,IMPACT,Lost Time Injury Frequency Rate (LTIFR),enum_issue category=normalized; field=Period; raw=Triwulanan; normalized=TRIWULANAN; Period normalized to TRIWULANAN.
info,DH SSC SDM dan Pengadaan,15,IMPACT,Pengembangan Ekosistem Bali Maritime Tourism Hub (BMTH),enum_issue category=normalized; field=Polarity; raw=Positif; normalized=POSITIVE; Polarity normalized to POSITIVE.
info,DH SSC SDM dan Pengadaan,15,IMPACT,Pengembangan Ekosistem Bali Maritime Tourism Hub (BMTH),enum_issue category=normalized; field=Period; raw=Triwulanan; normalized=TRIWULANAN; Period normalized to TRIWULANAN.
info,DH SSC SDM dan Pengadaan,16,IMPACT,Number of KRI exceeding its risk tolerance limit,enum_issue category=normalized; field=Polarity; raw=Positif; normalized=POSITIVE; Polarity normalized to POSITIVE.
info,DH SSC SDM dan Pengadaan,16,IMPACT,Number of KRI exceeding its risk tolerance limit,enum_issue category=normalized; field=Period; raw=Triwulanan; normalized=TRIWULANAN; Period normalized to TRIWULANAN.
info,DH SSC SDM dan Pengadaan,17,IMPACT,ESG Rating,enum_issue category=normalized; field=Polarity; raw=Positif; normalized=POSITIVE; Polarity normalized to POSITIVE.
info,DH SSC SDM dan Pengadaan,17,IMPACT,ESG Rating,enum_issue category=normalized; field=Period; raw=Tahunan; normalized=TAHUNAN; Period normalized to TAHUNAN.
info,DH SSC SDM dan Pengadaan,18,IMPACT,Strategic Project Delivery,enum_issue category=normalized; field=Polarity; raw=Positif; normalized=POSITIVE; Polarity normalized to POSITIVE.
info,DH SSC SDM dan Pengadaan,18,IMPACT,Strategic Project Delivery,enum_issue category=normalized; field=Period; raw=Triwulanan; normalized=TRIWULANAN; Period normalized to TRIWULANAN.
info,DH SSC SDM dan Pengadaan,19,IMPACT,Manpower productivity (Revenue per total manpower),enum_issue category=normalized; field=Polarity; raw=Negatif; normalized=NEGATIVE; Polarity normalized to NEGATIVE.
info,DH SSC SDM dan Pengadaan,19,IMPACT,Manpower productivity (Revenue per total manpower),enum_issue category=normalized; field=Period; raw=Triwulanan; normalized=TRIWULANAN; Period normalized to TRIWULANAN.
info,DH SSC SDM dan Pengadaan,9,OUTPUT,OPEX Variance,enum_issue category=normalized; field=Period; raw=Triwulanan; normalized=TRIWULANAN; Period normalized to TRIWULANAN.
info,DH SSC SDM dan Pengadaan,9,OUTPUT,OPEX Variance,enum_issue category=normalized; field=Polarity; raw=Negatif; normalized=NEGATIVE; Polarity normalized to NEGATIVE.
info,DH SSC SDM dan Pengadaan,11,OUTPUT,Volume Transaksi PaDI UMKM Pelindo Group,enum_issue category=normalized; field=Period; raw=Tahunan; normalized=TAHUNAN; Period normalized to TAHUNAN.
info,DH SSC SDM dan Pengadaan,11,OUTPUT,Volume Transaksi PaDI UMKM Pelindo Group,enum_issue category=normalized; field=Polarity; raw=Positif; normalized=POSITIVE; Polarity normalized to POSITIVE.
info,DH SSC SDM dan Pengadaan,12,OUTPUT,Capaian SLA Layanan SSC Pengadaan dan SDM,enum_issue category=normalized; field=Period; raw=Triwulanan; normalized=TRIWULANAN; Period normalized to TRIWULANAN.
info,DH SSC SDM dan Pengadaan,12,OUTPUT,Capaian SLA Layanan SSC Pengadaan dan SDM,enum_issue category=normalized; field=Polarity; raw=Positif; normalized=POSITIVE; Polarity normalized to POSITIVE.
info,DH SSC SDM dan Pengadaan,13,OUTPUT,Survey Layanan SSC,enum_issue category=normalized; field=Period; raw=tahunan; normalized=TAHUNAN; Period normalized to TAHUNAN.
info,DH SSC SDM dan Pengadaan,13,OUTPUT,Survey Layanan SSC,enum_issue category=normalized; field=Polarity; raw=Positif; normalized=POSITIVE; Polarity normalized to POSITIVE.
info,DH SSC SDM dan Pengadaan,18,OUTPUT,Roll-out fungsi SSC SDM dan Pengadaan di entitas anak / cucu / cicit perusahaan Pelindo Group,enum_issue category=normalized; field=Period; raw=Semester; normalized=SEMESTER; Period normalized to SEMESTER.
info,DH SSC SDM dan Pengadaan,18,OUTPUT,Roll-out fungsi SSC SDM dan Pengadaan di entitas anak / cucu / cicit perusahaan Pelindo Group,enum_issue category=normalized; field=Polarity; raw=Positif; normalized=POSITIVE; Polarity normalized to POSITIVE.
info,DH SSC SDM dan Pengadaan,19,OUTPUT,"Tingkat pemenuhan tata kelola, manajemen risiko, dan kepatuhan internal (Penyelesaian Temuan Audit)",enum_issue category=normalized; field=Period; raw=Semester; normalized=SEMESTER; Period normalized to SEMESTER.
info,DH SSC SDM dan Pengadaan,19,OUTPUT,"Tingkat pemenuhan tata kelola, manajemen risiko, dan kepatuhan internal (Penyelesaian Temuan Audit)",enum_issue category=normalized; field=Polarity; raw=Positif; normalized=POSITIVE; Polarity normalized to POSITIVE.
warning,DH SSC SDM dan Pengadaan,9,KAI,Pelaksanaan inisiatif strategis efisiensi biaya pada Group Pengembangan SSC,KAI formula may not be percentage-based or is blank.
info,DH SSC SDM dan Pengadaan,11,KAI,"Mengkoordinasikan, menjaga alignment, mengintegrasikan, dan mengkonsolidasikan pelaksanaan peningkatan volume transaksi PaDI UMKM oleh Manager",enum_issue category=normalized; field=Nature Of Work; raw=Non routine; normalized=Non Routine; KAI Nature normalized to Non Routine.
warning,DH SSC SDM dan Pengadaan,11,KAI,"Mengkoordinasikan, menjaga alignment, mengintegrasikan, dan mengkonsolidasikan pelaksanaan peningkatan volume transaksi PaDI UMKM oleh Manager",KAI formula may not be percentage-based or is blank.
info,DH SSC SDM dan Pengadaan,13,KAI,Pelaksanaan survey layanan SSC,enum_issue category=normalized; field=Nature Of Work; raw=Non routine; normalized=Non Routine; KAI Nature normalized to Non Routine.
warning,DH SSC SDM dan Pengadaan,18,KAI,"Mengkoordinasikan, menjaga alignment, mengintegrasikan, dan mengkonsolidasikan pelaksanaan roll-out fungsi SSC SDM dan Pengadaan",KAI formula may not be percentage-based or is blank.
info,DH SSC SDM dan Pengadaan,19,KAI,"Mengkoordinasikan, menjaga alignment, mengintegrasikan, dan mengkonsolidasikan pelaksanaan penyelesaian temuan audit",enum_issue category=normalized; field=Nature Of Work; raw=Non routine; normalized=Non Routine; KAI Nature normalized to Non Routine.
warning,DH SSC SDM dan Pengadaan,,weight_audit,DH SSC SDM dan Pengadaan,Weight total not 100: level=impact; kpi_type=OUTPUT; parent=Manpower productivity (Revenue per total manpower); raw_total=5.0; output_total=5.0; cause=Raw Data Issue.
warning,DH SSC SDM dan Pengadaan,,weight_audit,DH SSC SDM dan Pengadaan,Weight total not 100: level=impact; kpi_type=OUTPUT; parent=Net Income; raw_total=10.0; output_total=10.0; cause=Raw Data Issue.
warning,DH SSC SDM dan Pengadaan,,weight_audit,DH SSC SDM dan Pengadaan,Weight total not 100: level=impact; kpi_type=OUTPUT; parent=Strategic Project Delivery; raw_total=30.0; output_total=30.0; cause=Raw Data Issue.
warning,DH SSC SDM dan Pengadaan,,weight_audit,DH SSC SDM dan Pengadaan,Weight total not 100: level=impact; kpi_type=OUTPUT; parent=Total Productivity; raw_total=45.0; output_total=45.0; cause=Raw Data Issue.
warning,DH SSC SDM dan Pengadaan,,weight_audit,DH SSC SDM dan Pengadaan,Weight total not 100: level=impact; kpi_type=OUTPUT; parent=Traffic Volume; raw_total=10.0; output_total=10.0; cause=Raw Data Issue.
warning,DH SSC SDM dan Pengadaan,,weight_audit,DH SSC SDM dan Pengadaan,Weight total not 100: level=output; kpi_type=KAI; parent=Capaian SLA Layanan SSC Pengadaan dan SDM; raw_total=30.0; output_total=30.0; cause=Raw Data Issue.
warning,DH SSC SDM dan Pengadaan,,weight_audit,DH SSC SDM dan Pengadaan,Weight total not 100: level=output; kpi_type=KAI; parent=OPEX Variance; raw_total=10.0; output_total=10.0; cause=Raw Data Issue.
warning,DH SSC SDM dan Pengadaan,,weight_audit,DH SSC SDM dan Pengadaan,Weight total not 100: level=output; kpi_type=KAI; parent=Roll-out fungsi SSC SDM dan Pengadaan di entitas anak / cucu / cicit perusahaan Pelindo Group; raw_total=30.0; output_total=30.0; cause=Raw Data Issue.
warning,DH SSC SDM dan Pengadaan,,weight_audit,DH SSC SDM dan Pengadaan,Weight total not 100: level=output; kpi_type=KAI; parent=Survey Layanan SSC; raw_total=15.0; output_total=15.0; cause=Raw Data Issue.
warning,DH SSC SDM dan Pengadaan,,weight_audit,DH SSC SDM dan Pengadaan,"Weight total not 100: level=output; kpi_type=KAI; parent=Tingkat pemenuhan tata kelola, manajemen risiko, dan kepatuhan internal (Penyelesaian Temuan Audit); raw_total=5.0; output_total=5.0; cause=Raw Data Issue."
warning,DH SSC SDM dan Pengadaan,,weight_audit,DH SSC SDM dan Pengadaan,Weight total not 100: level=output; kpi_type=KAI; parent=Volume Transaksi PaDI UMKM Pelindo Group; raw_total=10.0; output_total=10.0; cause=Raw Data Issue.
info,Manager Pelayanan SDM,9,IMPACT,Net Income,enum_issue category=normalized; field=Polarity; raw=Positif; normalized=POSITIVE; Polarity normalized to POSITIVE.
info,Manager Pelayanan SDM,9,IMPACT,Net Income,enum_issue category=normalized; field=Period; raw=Triwulanan; normalized=TRIWULANAN; Period normalized to TRIWULANAN.
info,Manager Pelayanan SDM,10,IMPACT,(ROIC > WACC) x Inv.Capital,enum_issue category=normalized; field=Polarity; raw=Positif; normalized=POSITIVE; Polarity normalized to POSITIVE.
info,Manager Pelayanan SDM,10,IMPACT,(ROIC > WACC) x Inv.Capital,enum_issue category=normalized; field=Period; raw=Triwulanan; normalized=TRIWULANAN; Period normalized to TRIWULANAN.
info,Manager Pelayanan SDM,11,IMPACT,Traffic Volume,enum_issue category=normalized; field=Polarity; raw=Positif; normalized=POSITIVE; Polarity normalized to POSITIVE.
info,Manager Pelayanan SDM,11,IMPACT,Traffic Volume,enum_issue category=normalized; field=Period; raw=Triwulanan; normalized=TRIWULANAN; Period normalized to TRIWULANAN.
info,Manager Pelayanan SDM,12,IMPACT,Total Productivity,enum_issue category=normalized; field=Polarity; raw=Positif; normalized=POSITIVE; Polarity normalized to POSITIVE.
info,Manager Pelayanan SDM,12,IMPACT,Total Productivity,enum_issue category=normalized; field=Period; raw=Triwulanan; normalized=TRIWULANAN; Period normalized to TRIWULANAN.
info,Manager Pelayanan SDM,13,IMPACT,Lost Time Injury Frequency Rate (LTIFR),enum_issue category=normalized; field=Polarity; raw=Negatif; normalized=NEGATIVE; Polarity normalized to NEGATIVE.
info,Manager Pelayanan SDM,13,IMPACT,Lost Time Injury Frequency Rate (LTIFR),enum_issue category=normalized; field=Period; raw=Triwulanan; normalized=TRIWULANAN; Period normalized to TRIWULANAN.
info,Manager Pelayanan SDM,14,IMPACT,Pengembangan Ekosistem Bali Maritime Tourism Hub (BMTH),enum_issue category=normalized; field=Polarity; raw=Positif; normalized=POSITIVE; Polarity normalized to POSITIVE.
info,Manager Pelayanan SDM,14,IMPACT,Pengembangan Ekosistem Bali Maritime Tourism Hub (BMTH),enum_issue category=normalized; field=Period; raw=Triwulanan; normalized=TRIWULANAN; Period normalized to TRIWULANAN.
info,Manager Pelayanan SDM,15,IMPACT,Number of KRI exceeding its risk tolerance limit,enum_issue category=normalized; field=Polarity; raw=Positif; normalized=POSITIVE; Polarity normalized to POSITIVE.
info,Manager Pelayanan SDM,15,IMPACT,Number of KRI exceeding its risk tolerance limit,enum_issue category=normalized; field=Period; raw=Triwulanan; normalized=TRIWULANAN; Period normalized to TRIWULANAN.
info,Manager Pelayanan SDM,16,IMPACT,ESG Rating,enum_issue category=normalized; field=Polarity; raw=Positif; normalized=POSITIVE; Polarity normalized to POSITIVE.
info,Manager Pelayanan SDM,16,IMPACT,ESG Rating,enum_issue category=normalized; field=Period; raw=Tahunan; normalized=TAHUNAN; Period normalized to TAHUNAN.
info,Manager Pelayanan SDM,17,IMPACT,Strategic Project Delivery,enum_issue category=normalized; field=Polarity; raw=Positif; normalized=POSITIVE; Polarity normalized to POSITIVE.
info,Manager Pelayanan SDM,17,IMPACT,Strategic Project Delivery,enum_issue category=normalized; field=Period; raw=Triwulanan; normalized=TRIWULANAN; Period normalized to TRIWULANAN.
info,Manager Pelayanan SDM,18,IMPACT,Manpower productivity (Revenue per total manpower),enum_issue category=normalized; field=Polarity; raw=Positif; normalized=POSITIVE; Polarity normalized to POSITIVE.
info,Manager Pelayanan SDM,18,IMPACT,Manpower productivity (Revenue per total manpower),enum_issue category=normalized; field=Period; raw=Triwulanan; normalized=TRIWULANAN; Period normalized to TRIWULANAN.
info,Manager Pelayanan SDM,12,OUTPUT,SLA Ketepatan waktu Pembayaran Payroll T25,enum_issue category=normalized; field=Period; raw=Bulanan; normalized=BULANAN; Period normalized to BULANAN.
info,Manager Pelayanan SDM,12,OUTPUT,SLA Ketepatan waktu Pembayaran Payroll T25,enum_issue category=normalized; field=Polarity; raw=Positif; normalized=POSITIVE; Polarity normalized to POSITIVE.
info,Manager Pelayanan SDM,17,OUTPUT,Roll-out fungsi ssc pelayanan sdm di entitas anak / cucu / cicit perusahaan Pelindo Group,enum_issue category=normalized; field=Period; raw=Semester; normalized=SEMESTER; Period normalized to SEMESTER.
info,Manager Pelayanan SDM,17,OUTPUT,Roll-out fungsi ssc pelayanan sdm di entitas anak / cucu / cicit perusahaan Pelindo Group,enum_issue category=normalized; field=Polarity; raw=Positif; normalized=POSITIVE; Polarity normalized to POSITIVE.
info,Manager Pelayanan SDM,18,OUTPUT,SLA Update posisi pekerja setelah released SK Mutasi Diterima,enum_issue category=normalized; field=Period; raw=Bulanan; normalized=BULANAN; Period normalized to BULANAN.
info,Manager Pelayanan SDM,18,OUTPUT,SLA Update posisi pekerja setelah released SK Mutasi Diterima,enum_issue category=normalized; field=Polarity; raw=Positif; normalized=POSITIVE; Polarity normalized to POSITIVE.
info,Manager Pelayanan SDM,19,OUTPUT,persiapan data untuk Kenaikan Pangkat/Golongan/Merit,enum_issue category=normalized; field=Period; raw=bulanan; normalized=BULANAN; Period normalized to BULANAN.
info,Manager Pelayanan SDM,19,OUTPUT,persiapan data untuk Kenaikan Pangkat/Golongan/Merit,enum_issue category=normalized; field=Polarity; raw=Positif; normalized=POSITIVE; Polarity normalized to POSITIVE.
info,Manager Pelayanan SDM,20,OUTPUT,"Tingkat pemenuhan tata kelola, manajemen risiko, dan kepatuhan internal (Penyelesaian Temuan Audit)",enum_issue category=normalized; field=Period; raw=Semester; normalized=SEMESTER; Period normalized to SEMESTER.
info,Manager Pelayanan SDM,20,OUTPUT,"Tingkat pemenuhan tata kelola, manajemen risiko, dan kepatuhan internal (Penyelesaian Temuan Audit)",enum_issue category=normalized; field=Polarity; raw=Positif; normalized=POSITIVE; Polarity normalized to POSITIVE.
info,Manager Pelayanan SDM,21,OUTPUT,Penerbitan SPPD pada P-Travel,enum_issue category=normalized; field=Period; raw=Bulanan; normalized=BULANAN; Period normalized to BULANAN.
info,Manager Pelayanan SDM,21,OUTPUT,Penerbitan SPPD pada P-Travel,enum_issue category=normalized; field=Polarity; raw=Positif; normalized=POSITIVE; Polarity normalized to POSITIVE.
warning,Manager Pelayanan SDM,17,KAI,"Mengkoordinasikan, menjaga alignment, mengintegrasikan, dan mengkonsolidasikan pelaksanaan roll-out fungsi ssc pelayanan sdm",KAI formula may not be percentage-based or is blank.
info,Manager Pelayanan SDM,20,KAI,"Mengkoordinasikan, menjaga alignment, mengintegrasikan, dan mengkonsolidasikan pelaksanaan penyelesaian temuan audit",enum_issue category=normalized; field=Nature Of Work; raw=Non routine; normalized=Non Routine; KAI Nature normalized to Non Routine.
warning,Manager Pelayanan SDM,21,KAI,Pelaksanaan penerbitan SPPD pada sistem P-Travel,KAI formula may not be percentage-based or is blank.
warning,Manager Pelayanan SDM,,weight_audit,Manager Pelayanan SDM,Weight total not 100: level=impact; kpi_type=OUTPUT; parent=Manpower productivity (Revenue per total manpower); raw_total=65.0; output_total=65.0; cause=Raw Data Issue.
warning,Manager Pelayanan SDM,,weight_audit,Manager Pelayanan SDM,Weight total not 100: level=impact; kpi_type=OUTPUT; parent=Strategic Project Delivery; raw_total=10.0; output_total=10.0; cause=Raw Data Issue.
warning,Manager Pelayanan SDM,,weight_audit,Manager Pelayanan SDM,Weight total not 100: level=impact; kpi_type=OUTPUT; parent=Total Productivity; raw_total=25.0; output_total=25.0; cause=Raw Data Issue.
warning,Manager Pelayanan SDM,,weight_audit,Manager Pelayanan SDM,Weight total not 100: level=output; kpi_type=KAI; parent=Penerbitan SPPD pada P-Travel; raw_total=20.0; output_total=20.0; cause=Raw Data Issue.
warning,Manager Pelayanan SDM,,weight_audit,Manager Pelayanan SDM,Weight total not 100: level=output; kpi_type=KAI; parent=Roll-out fungsi ssc pelayanan sdm di entitas anak / cucu / cicit perusahaan Pelindo Group; raw_total=10.0; output_total=10.0; cause=Raw Data Issue.
warning,Manager Pelayanan SDM,,weight_audit,Manager Pelayanan SDM,Weight total not 100: level=output; kpi_type=KAI; parent=SLA Ketepatan waktu Pembayaran Payroll T25; raw_total=25.0; output_total=25.0; cause=Raw Data Issue.
warning,Manager Pelayanan SDM,,weight_audit,Manager Pelayanan SDM,Weight total not 100: level=output; kpi_type=KAI; parent=SLA Update posisi pekerja setelah released SK Mutasi Diterima; raw_total=20.0; output_total=20.0; cause=Raw Data Issue.
warning,Manager Pelayanan SDM,,weight_audit,Manager Pelayanan SDM,"Weight total not 100: level=output; kpi_type=KAI; parent=Tingkat pemenuhan tata kelola, manajemen risiko, dan kepatuhan internal (Penyelesaian Temuan Audit); raw_total=5.0; output_total=5.0; cause=Raw Data Issue."
warning,Manager Pelayanan SDM,,weight_audit,Manager Pelayanan SDM,Weight total not 100: level=output; kpi_type=KAI; parent=persiapan data untuk Kenaikan Pangkat/Golongan/Merit; raw_total=20.0; output_total=20.0; cause=Raw Data Issue.
info,TL Employee Service 1,9,IMPACT,Net Income,enum_issue category=normalized; field=Polarity; raw=Positif; normalized=POSITIVE; Polarity normalized to POSITIVE.
info,TL Employee Service 1,9,IMPACT,Net Income,enum_issue category=normalized; field=Period; raw=Triwulanan; normalized=TRIWULANAN; Period normalized to TRIWULANAN.
info,TL Employee Service 1,10,IMPACT,(ROIC > WACC) x Inv.Capital,enum_issue category=normalized; field=Polarity; raw=Positif; normalized=POSITIVE; Polarity normalized to POSITIVE.
info,TL Employee Service 1,10,IMPACT,(ROIC > WACC) x Inv.Capital,enum_issue category=normalized; field=Period; raw=Triwulanan; normalized=TRIWULANAN; Period normalized to TRIWULANAN.
info,TL Employee Service 1,11,IMPACT,Traffic Volume,enum_issue category=normalized; field=Polarity; raw=Positif; normalized=POSITIVE; Polarity normalized to POSITIVE.
info,TL Employee Service 1,11,IMPACT,Traffic Volume,enum_issue category=normalized; field=Period; raw=Triwulanan; normalized=TRIWULANAN; Period normalized to TRIWULANAN.
info,TL Employee Service 1,12,IMPACT,Total Productivity,enum_issue category=normalized; field=Polarity; raw=Positif; normalized=POSITIVE; Polarity normalized to POSITIVE.
info,TL Employee Service 1,12,IMPACT,Total Productivity,enum_issue category=normalized; field=Period; raw=Triwulanan; normalized=TRIWULANAN; Period normalized to TRIWULANAN.
info,TL Employee Service 1,13,IMPACT,Lost Time Injury Frequency Rate (LTIFR),enum_issue category=normalized; field=Polarity; raw=Negatif; normalized=NEGATIVE; Polarity normalized to NEGATIVE.
info,TL Employee Service 1,13,IMPACT,Lost Time Injury Frequency Rate (LTIFR),enum_issue category=normalized; field=Period; raw=Triwulanan; normalized=TRIWULANAN; Period normalized to TRIWULANAN.
info,TL Employee Service 1,14,IMPACT,Pengembangan Ekosistem Bali Maritime Tourism Hub (BMTH),enum_issue category=normalized; field=Polarity; raw=Positif; normalized=POSITIVE; Polarity normalized to POSITIVE.
info,TL Employee Service 1,14,IMPACT,Pengembangan Ekosistem Bali Maritime Tourism Hub (BMTH),enum_issue category=normalized; field=Period; raw=Triwulanan; normalized=TRIWULANAN; Period normalized to TRIWULANAN.
info,TL Employee Service 1,15,IMPACT,Number of KRI exceeding its risk tolerance limit,enum_issue category=normalized; field=Polarity; raw=Positif; normalized=POSITIVE; Polarity normalized to POSITIVE.
info,TL Employee Service 1,15,IMPACT,Number of KRI exceeding its risk tolerance limit,enum_issue category=normalized; field=Period; raw=Triwulanan; normalized=TRIWULANAN; Period normalized to TRIWULANAN.
info,TL Employee Service 1,16,IMPACT,ESG Rating,enum_issue category=normalized; field=Polarity; raw=Positif; normalized=POSITIVE; Polarity normalized to POSITIVE.
info,TL Employee Service 1,16,IMPACT,ESG Rating,enum_issue category=normalized; field=Period; raw=Tahunan; normalized=TAHUNAN; Period normalized to TAHUNAN.
info,TL Employee Service 1,17,IMPACT,Strategic Project Delivery,enum_issue category=normalized; field=Polarity; raw=Positif; normalized=POSITIVE; Polarity normalized to POSITIVE.
info,TL Employee Service 1,17,IMPACT,Strategic Project Delivery,enum_issue category=normalized; field=Period; raw=Triwulanan; normalized=TRIWULANAN; Period normalized to TRIWULANAN.
info,TL Employee Service 1,18,IMPACT,Manpower productivity (Revenue per total manpower),enum_issue category=normalized; field=Polarity; raw=Positif; normalized=POSITIVE; Polarity normalized to POSITIVE.
info,TL Employee Service 1,18,IMPACT,Manpower productivity (Revenue per total manpower),enum_issue category=normalized; field=Period; raw=Triwulanan; normalized=TRIWULANAN; Period normalized to TRIWULANAN.
info,TL Employee Service 1,12,OUTPUT,Proses Verifikasi Tagihan vendor travel,enum_issue category=normalized; field=Period; raw=Bulanan; normalized=BULANAN; Period normalized to BULANAN.
info,TL Employee Service 1,12,OUTPUT,Proses Verifikasi Tagihan vendor travel,enum_issue category=normalized; field=Polarity; raw=Positif; normalized=POSITIVE; Polarity normalized to POSITIVE.
info,TL Employee Service 1,18,OUTPUT,Roll-out fungsi SSC SDM dan Pengadaan di entitas anak / cucu / cicit perusahaan Pelindo Group,enum_issue category=normalized; field=Period; raw=Triwulanan; normalized=TRIWULANAN; Period normalized to TRIWULANAN.
info,TL Employee Service 1,18,OUTPUT,Roll-out fungsi SSC SDM dan Pengadaan di entitas anak / cucu / cicit perusahaan Pelindo Group,enum_issue category=normalized; field=Polarity; raw=Positif; normalized=POSITIVE; Polarity normalized to POSITIVE.
info,TL Employee Service 1,19,OUTPUT,Penerbitan Reimburse SPPD,enum_issue category=normalized; field=Period; raw=Bulanan; normalized=BULANAN; Period normalized to BULANAN.
info,TL Employee Service 1,19,OUTPUT,Penerbitan Reimburse SPPD,enum_issue category=normalized; field=Polarity; raw=Positif; normalized=POSITIVE; Polarity normalized to POSITIVE.
info,TL Employee Service 1,20,OUTPUT,SLA Update data STO Jabatan,enum_issue category=normalized; field=Period; raw=Bulanan; normalized=BULANAN; Period normalized to BULANAN.
info,TL Employee Service 1,20,OUTPUT,SLA Update data STO Jabatan,enum_issue category=normalized; field=Polarity; raw=Positif; normalized=POSITIVE; Polarity normalized to POSITIVE.
info,TL Employee Service 1,21,OUTPUT,persiapan data untuk Kenaikan Pangkat/Golongan/Merit,enum_issue category=normalized; field=Period; raw=bulanan; normalized=BULANAN; Period normalized to BULANAN.
info,TL Employee Service 1,21,OUTPUT,persiapan data untuk Kenaikan Pangkat/Golongan/Merit,enum_issue category=normalized; field=Polarity; raw=Positif; normalized=POSITIVE; Polarity normalized to POSITIVE.
info,TL Employee Service 1,22,OUTPUT,penerbitan SK bagi pekerja yang telah memasuki masa Pensiun normal,enum_issue category=normalized; field=Period; raw=Bulanan; normalized=BULANAN; Period normalized to BULANAN.
info,TL Employee Service 1,22,OUTPUT,penerbitan SK bagi pekerja yang telah memasuki masa Pensiun normal,enum_issue category=normalized; field=Polarity; raw=Positif; normalized=POSITIVE; Polarity normalized to POSITIVE.
info,TL Employee Service 1,23,OUTPUT,Pengkinian Data Pekerja di Group yang dikelola,enum_issue category=normalized; field=Period; raw=Bulanan; normalized=BULANAN; Period normalized to BULANAN.
info,TL Employee Service 1,23,OUTPUT,Pengkinian Data Pekerja di Group yang dikelola,enum_issue category=normalized; field=Polarity; raw=Positif; normalized=POSITIVE; Polarity normalized to POSITIVE.
info,TL Employee Service 1,24,OUTPUT,"Tingkat pemenuhan tata kelola, manajemen risiko, dan kepatuhan internal (Penyelesaian Temuan Audit)",enum_issue category=normalized; field=Period; raw=Semester; normalized=SEMESTER; Period normalized to SEMESTER.
info,TL Employee Service 1,24,OUTPUT,"Tingkat pemenuhan tata kelola, manajemen risiko, dan kepatuhan internal (Penyelesaian Temuan Audit)",enum_issue category=normalized; field=Polarity; raw=Positif; normalized=POSITIVE; Polarity normalized to POSITIVE.
info,TL Employee Service 1,25,OUTPUT,Penerbitan SPPD pada P-Travel,enum_issue category=normalized; field=Period; raw=Bulanan; normalized=BULANAN; Period normalized to BULANAN.
info,TL Employee Service 1,25,OUTPUT,Penerbitan SPPD pada P-Travel,enum_issue category=normalized; field=Polarity; raw=Positif; normalized=POSITIVE; Polarity normalized to POSITIVE.
warning,TL Employee Service 1,18,KAI,"Mengkoordinasikan, menjaga alignment, mengintegrasikan, dan mengkonsolidasikan pelaksanaan roll-out fungsi SSC SDM dan Pengadaan",KAI formula may not be percentage-based or is blank.
warning,TL Employee Service 1,22,KAI,"Mengkoordinasikan, menjaga alignment, mengintegrasikan, dan mengkonsolidasikan pelaksanaan penerbitan SK bagi pekerja yang masuk masa pensiun oleh Officer",KAI formula may not be percentage-based or is blank.
info,TL Employee Service 1,24,KAI,"Mengkoordinasikan, menjaga alignment, mengintegrasikan, dan mengkonsolidasikan pelaksanaan penyelesaian temuan audit",enum_issue category=normalized; field=Nature Of Work; raw=Non routine; normalized=Non Routine; KAI Nature normalized to Non Routine.
warning,TL Employee Service 1,25,KAI,Pelaksanaan penerbitan SPPD pada sistem P-Travel,KAI formula may not be percentage-based or is blank.
warning,TL Employee Service 1,,weight_audit,TL Employee Service 1,Weight total not 100: level=impact; kpi_type=OUTPUT; parent=Manpower productivity (Revenue per total manpower); raw_total=85.0; output_total=85.0; cause=Raw Data Issue.
warning,TL Employee Service 1,,weight_audit,TL Employee Service 1,Weight total not 100: level=impact; kpi_type=OUTPUT; parent=Total Productivity; raw_total=15.0; output_total=15.0; cause=Raw Data Issue.
warning,TL Employee Service 1,,weight_audit,TL Employee Service 1,Weight total not 100: level=output; kpi_type=KAI; parent=Penerbitan Reimburse SPPD; raw_total=10.0; output_total=10.0; cause=Raw Data Issue.
warning,TL Employee Service 1,,weight_audit,TL Employee Service 1,Weight total not 100: level=output; kpi_type=KAI; parent=Penerbitan SPPD pada P-Travel; raw_total=10.0; output_total=10.0; cause=Raw Data Issue.
warning,TL Employee Service 1,,weight_audit,TL Employee Service 1,Weight total not 100: level=output; kpi_type=KAI; parent=Pengkinian Data Pekerja di Group yang dikelola; raw_total=10.0; output_total=10.0; cause=Raw Data Issue.
warning,TL Employee Service 1,,weight_audit,TL Employee Service 1,Weight total not 100: level=output; kpi_type=KAI; parent=Proses Verifikasi Tagihan vendor travel; raw_total=15.0; output_total=15.0; cause=Raw Data Issue.
warning,TL Employee Service 1,,weight_audit,TL Employee Service 1,Weight total not 100: level=output; kpi_type=KAI; parent=Roll-out fungsi SSC SDM dan Pengadaan di entitas anak / cucu / cicit perusahaan Pelindo Group; raw_total=10.0; output_total=10.0; cause=Raw Data Issue.
warning,TL Employee Service 1,,weight_audit,TL Employee Service 1,Weight total not 100: level=output; kpi_type=KAI; parent=SLA Update data STO Jabatan; raw_total=15.0; output_total=15.0; cause=Raw Data Issue.
warning,TL Employee Service 1,,weight_audit,TL Employee Service 1,"Weight total not 100: level=output; kpi_type=KAI; parent=Tingkat pemenuhan tata kelola, manajemen risiko, dan kepatuhan internal (Penyelesaian Temuan Audit); raw_total=5.0; output_total=5.0; cause=Raw Data Issue."
warning,TL Employee Service 1,,weight_audit,TL Employee Service 1,Weight total not 100: level=output; kpi_type=KAI; parent=penerbitan SK bagi pekerja yang telah memasuki masa Pensiun normal; raw_total=15.0; output_total=15.0; cause=Raw Data Issue.
warning,TL Employee Service 1,,weight_audit,TL Employee Service 1,Weight total not 100: level=output; kpi_type=KAI; parent=persiapan data untuk Kenaikan Pangkat/Golongan/Merit; raw_total=10.0; output_total=10.0; cause=Raw Data Issue.
info,TL Employee Service 2,9,IMPACT,Net Income,enum_issue category=normalized; field=Polarity; raw=Positif; normalized=POSITIVE; Polarity normalized to POSITIVE.
info,TL Employee Service 2,9,IMPACT,Net Income,enum_issue category=normalized; field=Period; raw=Triwulanan; normalized=TRIWULANAN; Period normalized to TRIWULANAN.
info,TL Employee Service 2,10,IMPACT,(ROIC > WACC) x Inv.Capital,enum_issue category=normalized; field=Polarity; raw=Positif; normalized=POSITIVE; Polarity normalized to POSITIVE.
info,TL Employee Service 2,10,IMPACT,(ROIC > WACC) x Inv.Capital,enum_issue category=normalized; field=Period; raw=Triwulanan; normalized=TRIWULANAN; Period normalized to TRIWULANAN.
info,TL Employee Service 2,11,IMPACT,Traffic Volume,enum_issue category=normalized; field=Polarity; raw=Positif; normalized=POSITIVE; Polarity normalized to POSITIVE.
info,TL Employee Service 2,11,IMPACT,Traffic Volume,enum_issue category=normalized; field=Period; raw=Triwulanan; normalized=TRIWULANAN; Period normalized to TRIWULANAN.
info,TL Employee Service 2,12,IMPACT,Total Productivity,enum_issue category=normalized; field=Polarity; raw=Positif; normalized=POSITIVE; Polarity normalized to POSITIVE.
info,TL Employee Service 2,12,IMPACT,Total Productivity,enum_issue category=normalized; field=Period; raw=Triwulanan; normalized=TRIWULANAN; Period normalized to TRIWULANAN.
info,TL Employee Service 2,13,IMPACT,Lost Time Injury Frequency Rate (LTIFR),enum_issue category=normalized; field=Polarity; raw=Negatif; normalized=NEGATIVE; Polarity normalized to NEGATIVE.
info,TL Employee Service 2,13,IMPACT,Lost Time Injury Frequency Rate (LTIFR),enum_issue category=normalized; field=Period; raw=Triwulanan; normalized=TRIWULANAN; Period normalized to TRIWULANAN.
info,TL Employee Service 2,14,IMPACT,Pengembangan Ekosistem Bali Maritime Tourism Hub (BMTH),enum_issue category=normalized; field=Polarity; raw=Positif; normalized=POSITIVE; Polarity normalized to POSITIVE.
info,TL Employee Service 2,14,IMPACT,Pengembangan Ekosistem Bali Maritime Tourism Hub (BMTH),enum_issue category=normalized; field=Period; raw=Triwulanan; normalized=TRIWULANAN; Period normalized to TRIWULANAN.
info,TL Employee Service 2,15,IMPACT,Number of KRI exceeding its risk tolerance limit,enum_issue category=normalized; field=Polarity; raw=Positif; normalized=POSITIVE; Polarity normalized to POSITIVE.
info,TL Employee Service 2,15,IMPACT,Number of KRI exceeding its risk tolerance limit,enum_issue category=normalized; field=Period; raw=Triwulanan; normalized=TRIWULANAN; Period normalized to TRIWULANAN.
info,TL Employee Service 2,16,IMPACT,ESG Rating,enum_issue category=normalized; field=Polarity; raw=Positif; normalized=POSITIVE; Polarity normalized to POSITIVE.
info,TL Employee Service 2,16,IMPACT,ESG Rating,enum_issue category=normalized; field=Period; raw=Tahunan; normalized=TAHUNAN; Period normalized to TAHUNAN.
info,TL Employee Service 2,17,IMPACT,Strategic Project Delivery,enum_issue category=normalized; field=Polarity; raw=Positif; normalized=POSITIVE; Polarity normalized to POSITIVE.
info,TL Employee Service 2,17,IMPACT,Strategic Project Delivery,enum_issue category=normalized; field=Period; raw=Triwulanan; normalized=TRIWULANAN; Period normalized to TRIWULANAN.
info,TL Employee Service 2,18,IMPACT,Manpower productivity (Revenue per total manpower),enum_issue category=normalized; field=Polarity; raw=Positif; normalized=POSITIVE; Polarity normalized to POSITIVE.
info,TL Employee Service 2,18,IMPACT,Manpower productivity (Revenue per total manpower),enum_issue category=normalized; field=Period; raw=Triwulanan; normalized=TRIWULANAN; Period normalized to TRIWULANAN.
info,TL Employee Service 2,12,OUTPUT,Proses Verifikasi Tagihan vendor travel,enum_issue category=normalized; field=Period; raw=Bulanan; normalized=BULANAN; Period normalized to BULANAN.
info,TL Employee Service 2,12,OUTPUT,Proses Verifikasi Tagihan vendor travel,enum_issue category=normalized; field=Polarity; raw=Positif; normalized=POSITIVE; Polarity normalized to POSITIVE.
info,TL Employee Service 2,18,OUTPUT,Roll-out fungsi SSC SDM dan Pengadaan di entitas anak / cucu / cicit perusahaan Pelindo Group,enum_issue category=normalized; field=Period; raw=Triwulanan; normalized=TRIWULANAN; Period normalized to TRIWULANAN.
info,TL Employee Service 2,18,OUTPUT,Roll-out fungsi SSC SDM dan Pengadaan di entitas anak / cucu / cicit perusahaan Pelindo Group,enum_issue category=normalized; field=Polarity; raw=Positif; normalized=POSITIVE; Polarity normalized to POSITIVE.
info,TL Employee Service 2,19,OUTPUT,Penerbitan Reimburse SPPD,enum_issue category=normalized; field=Period; raw=Bulanan; normalized=BULANAN; Period normalized to BULANAN.
info,TL Employee Service 2,19,OUTPUT,Penerbitan Reimburse SPPD,enum_issue category=normalized; field=Polarity; raw=Positif; normalized=POSITIVE; Polarity normalized to POSITIVE.
info,TL Employee Service 2,20,OUTPUT,SLA Update data STO Jabatan,enum_issue category=normalized; field=Period; raw=Bulanan; normalized=BULANAN; Period normalized to BULANAN.
info,TL Employee Service 2,20,OUTPUT,SLA Update data STO Jabatan,enum_issue category=normalized; field=Polarity; raw=Positif; normalized=POSITIVE; Polarity normalized to POSITIVE.
info,TL Employee Service 2,21,OUTPUT,persiapan data untuk Kenaikan Pangkat/Golongan/Merit,enum_issue category=normalized; field=Period; raw=bulanan; normalized=BULANAN; Period normalized to BULANAN.
info,TL Employee Service 2,21,OUTPUT,persiapan data untuk Kenaikan Pangkat/Golongan/Merit,enum_issue category=normalized; field=Polarity; raw=Positif; normalized=POSITIVE; Polarity normalized to POSITIVE.
info,TL Employee Service 2,22,OUTPUT,penerbitan SK bagi pekerja yang telah memasuki masa Pensiun normal,enum_issue category=normalized; field=Period; raw=Bulanan; normalized=BULANAN; Period normalized to BULANAN.
info,TL Employee Service 2,22,OUTPUT,penerbitan SK bagi pekerja yang telah memasuki masa Pensiun normal,enum_issue category=normalized; field=Polarity; raw=Positif; normalized=POSITIVE; Polarity normalized to POSITIVE.
info,TL Employee Service 2,23,OUTPUT,Pengkinian Data Pekerja di Group yang dikelola,enum_issue category=normalized; field=Period; raw=Bulanan; normalized=BULANAN; Period normalized to BULANAN.
info,TL Employee Service 2,23,OUTPUT,Pengkinian Data Pekerja di Group yang dikelola,enum_issue category=normalized; field=Polarity; raw=Positif; normalized=POSITIVE; Polarity normalized to POSITIVE.
info,TL Employee Service 2,24,OUTPUT,"Tingkat pemenuhan tata kelola, manajemen risiko, dan kepatuhan internal (Penyelesaian Temuan Audit)",enum_issue category=normalized; field=Period; raw=Semester; normalized=SEMESTER; Period normalized to SEMESTER.
info,TL Employee Service 2,24,OUTPUT,"Tingkat pemenuhan tata kelola, manajemen risiko, dan kepatuhan internal (Penyelesaian Temuan Audit)",enum_issue category=normalized; field=Polarity; raw=Positif; normalized=POSITIVE; Polarity normalized to POSITIVE.
info,TL Employee Service 2,25,OUTPUT,Penerbitan SPPD pada P-Travel,enum_issue category=normalized; field=Period; raw=Bulanan; normalized=BULANAN; Period normalized to BULANAN.
info,TL Employee Service 2,25,OUTPUT,Penerbitan SPPD pada P-Travel,enum_issue category=normalized; field=Polarity; raw=Positif; normalized=POSITIVE; Polarity normalized to POSITIVE.
warning,TL Employee Service 2,18,KAI,"Mengkoordinasikan, menjaga alignment, mengintegrasikan, dan mengkonsolidasikan pelaksanaan roll-out fungsi SSC SDM dan Pengadaan",KAI formula may not be percentage-based or is blank.
warning,TL Employee Service 2,22,KAI,"Mengkoordinasikan, menjaga alignment, mengintegrasikan, dan mengkonsolidasikan pelaksanaan penerbitan SK bagi pekerja yang masuk masa pensiun oleh Officer",KAI formula may not be percentage-based or is blank.
info,TL Employee Service 2,24,KAI,"Mengkoordinasikan, menjaga alignment, mengintegrasikan, dan mengkonsolidasikan pelaksanaan penyelesaian temuan audit",enum_issue category=normalized; field=Nature Of Work; raw=Non routine; normalized=Non Routine; KAI Nature normalized to Non Routine.
warning,TL Employee Service 2,25,KAI,Pelaksanaan penerbitan SPPD pada sistem P-Travel,KAI formula may not be percentage-based or is blank.
warning,TL Employee Service 2,,weight_audit,TL Employee Service 2,Weight total not 100: level=impact; kpi_type=OUTPUT; parent=Manpower productivity (Revenue per total manpower); raw_total=85.0; output_total=85.0; cause=Raw Data Issue.
warning,TL Employee Service 2,,weight_audit,TL Employee Service 2,Weight total not 100: level=impact; kpi_type=OUTPUT; parent=Total Productivity; raw_total=15.0; output_total=15.0; cause=Raw Data Issue.
warning,TL Employee Service 2,,weight_audit,TL Employee Service 2,Weight total not 100: level=output; kpi_type=KAI; parent=Penerbitan Reimburse SPPD; raw_total=10.0; output_total=10.0; cause=Raw Data Issue.
warning,TL Employee Service 2,,weight_audit,TL Employee Service 2,Weight total not 100: level=output; kpi_type=KAI; parent=Penerbitan SPPD pada P-Travel; raw_total=10.0; output_total=10.0; cause=Raw Data Issue.
warning,TL Employee Service 2,,weight_audit,TL Employee Service 2,Weight total not 100: level=output; kpi_type=KAI; parent=Pengkinian Data Pekerja di Group yang dikelola; raw_total=10.0; output_total=10.0; cause=Raw Data Issue.
warning,TL Employee Service 2,,weight_audit,TL Employee Service 2,Weight total not 100: level=output; kpi_type=KAI; parent=Proses Verifikasi Tagihan vendor travel; raw_total=15.0; output_total=15.0; cause=Raw Data Issue.
warning,TL Employee Service 2,,weight_audit,TL Employee Service 2,Weight total not 100: level=output; kpi_type=KAI; parent=Roll-out fungsi SSC SDM dan Pengadaan di entitas anak / cucu / cicit perusahaan Pelindo Group; raw_total=10.0; output_total=10.0; cause=Raw Data Issue.
warning,TL Employee Service 2,,weight_audit,TL Employee Service 2,Weight total not 100: level=output; kpi_type=KAI; parent=SLA Update data STO Jabatan; raw_total=15.0; output_total=15.0; cause=Raw Data Issue.
warning,TL Employee Service 2,,weight_audit,TL Employee Service 2,"Weight total not 100: level=output; kpi_type=KAI; parent=Tingkat pemenuhan tata kelola, manajemen risiko, dan kepatuhan internal (Penyelesaian Temuan Audit); raw_total=5.0; output_total=5.0; cause=Raw Data Issue."
warning,TL Employee Service 2,,weight_audit,TL Employee Service 2,Weight total not 100: level=output; kpi_type=KAI; parent=penerbitan SK bagi pekerja yang telah memasuki masa Pensiun normal; raw_total=15.0; output_total=15.0; cause=Raw Data Issue.
warning,TL Employee Service 2,,weight_audit,TL Employee Service 2,Weight total not 100: level=output; kpi_type=KAI; parent=persiapan data untuk Kenaikan Pangkat/Golongan/Merit; raw_total=10.0; output_total=10.0; cause=Raw Data Issue.
info,TL Employee Service 3,9,IMPACT,Net Income,enum_issue category=normalized; field=Polarity; raw=Positif; normalized=POSITIVE; Polarity normalized to POSITIVE.
info,TL Employee Service 3,9,IMPACT,Net Income,enum_issue category=normalized; field=Period; raw=Triwulanan; normalized=TRIWULANAN; Period normalized to TRIWULANAN.
info,TL Employee Service 3,10,IMPACT,(ROIC > WACC) x Inv.Capital,enum_issue category=normalized; field=Polarity; raw=Positif; normalized=POSITIVE; Polarity normalized to POSITIVE.
info,TL Employee Service 3,10,IMPACT,(ROIC > WACC) x Inv.Capital,enum_issue category=normalized; field=Period; raw=Triwulanan; normalized=TRIWULANAN; Period normalized to TRIWULANAN.
info,TL Employee Service 3,11,IMPACT,Traffic Volume,enum_issue category=normalized; field=Polarity; raw=Positif; normalized=POSITIVE; Polarity normalized to POSITIVE.
info,TL Employee Service 3,11,IMPACT,Traffic Volume,enum_issue category=normalized; field=Period; raw=Triwulanan; normalized=TRIWULANAN; Period normalized to TRIWULANAN.
info,TL Employee Service 3,12,IMPACT,Total Productivity,enum_issue category=normalized; field=Polarity; raw=Positif; normalized=POSITIVE; Polarity normalized to POSITIVE.
info,TL Employee Service 3,12,IMPACT,Total Productivity,enum_issue category=normalized; field=Period; raw=Triwulanan; normalized=TRIWULANAN; Period normalized to TRIWULANAN.
info,TL Employee Service 3,13,IMPACT,Lost Time Injury Frequency Rate (LTIFR),enum_issue category=normalized; field=Polarity; raw=Negatif; normalized=NEGATIVE; Polarity normalized to NEGATIVE.
info,TL Employee Service 3,13,IMPACT,Lost Time Injury Frequency Rate (LTIFR),enum_issue category=normalized; field=Period; raw=Triwulanan; normalized=TRIWULANAN; Period normalized to TRIWULANAN.
info,TL Employee Service 3,14,IMPACT,Pengembangan Ekosistem Bali Maritime Tourism Hub (BMTH),enum_issue category=normalized; field=Polarity; raw=Positif; normalized=POSITIVE; Polarity normalized to POSITIVE.
info,TL Employee Service 3,14,IMPACT,Pengembangan Ekosistem Bali Maritime Tourism Hub (BMTH),enum_issue category=normalized; field=Period; raw=Triwulanan; normalized=TRIWULANAN; Period normalized to TRIWULANAN.
info,TL Employee Service 3,15,IMPACT,Number of KRI exceeding its risk tolerance limit,enum_issue category=normalized; field=Polarity; raw=Positif; normalized=POSITIVE; Polarity normalized to POSITIVE.
info,TL Employee Service 3,15,IMPACT,Number of KRI exceeding its risk tolerance limit,enum_issue category=normalized; field=Period; raw=Triwulanan; normalized=TRIWULANAN; Period normalized to TRIWULANAN.
info,TL Employee Service 3,16,IMPACT,ESG Rating,enum_issue category=normalized; field=Polarity; raw=Positif; normalized=POSITIVE; Polarity normalized to POSITIVE.
info,TL Employee Service 3,16,IMPACT,ESG Rating,enum_issue category=normalized; field=Period; raw=Tahunan; normalized=TAHUNAN; Period normalized to TAHUNAN.
info,TL Employee Service 3,17,IMPACT,Strategic Project Delivery,enum_issue category=normalized; field=Polarity; raw=Positif; normalized=POSITIVE; Polarity normalized to POSITIVE.
info,TL Employee Service 3,17,IMPACT,Strategic Project Delivery,enum_issue category=normalized; field=Period; raw=Triwulanan; normalized=TRIWULANAN; Period normalized to TRIWULANAN.
info,TL Employee Service 3,18,IMPACT,Manpower productivity (Revenue per total manpower),enum_issue category=normalized; field=Polarity; raw=Positif; normalized=POSITIVE; Polarity normalized to POSITIVE.
info,TL Employee Service 3,18,IMPACT,Manpower productivity (Revenue per total manpower),enum_issue category=normalized; field=Period; raw=Triwulanan; normalized=TRIWULANAN; Period normalized to TRIWULANAN.
info,TL Employee Service 3,12,OUTPUT,Proses Verifikasi Tagihan vendor travel,enum_issue category=normalized; field=Period; raw=Bulanan; normalized=BULANAN; Period normalized to BULANAN.
info,TL Employee Service 3,12,OUTPUT,Proses Verifikasi Tagihan vendor travel,enum_issue category=normalized; field=Polarity; raw=Positif; normalized=POSITIVE; Polarity normalized to POSITIVE.
info,TL Employee Service 3,18,OUTPUT,Penambahan Unit Kerja yang dilayani fungsi Layanan SDM nya oleh SSC SDM (anak / cucu / cicit perusahaan Pelindo Group),enum_issue category=normalized; field=Period; raw=Triwulanan; normalized=TRIWULANAN; Period normalized to TRIWULANAN.
info,TL Employee Service 3,18,OUTPUT,Penambahan Unit Kerja yang dilayani fungsi Layanan SDM nya oleh SSC SDM (anak / cucu / cicit perusahaan Pelindo Group),enum_issue category=normalized; field=Polarity; raw=Positif; normalized=POSITIVE; Polarity normalized to POSITIVE.
info,TL Employee Service 3,19,OUTPUT,Penerbitan Reimburse SPPD,enum_issue category=normalized; field=Period; raw=Bulanan; normalized=BULANAN; Period normalized to BULANAN.
info,TL Employee Service 3,19,OUTPUT,Penerbitan Reimburse SPPD,enum_issue category=normalized; field=Polarity; raw=Positif; normalized=POSITIVE; Polarity normalized to POSITIVE.
info,TL Employee Service 3,20,OUTPUT,SLA Update data STO Jabatan,enum_issue category=normalized; field=Period; raw=Bulanan; normalized=BULANAN; Period normalized to BULANAN.
info,TL Employee Service 3,20,OUTPUT,SLA Update data STO Jabatan,enum_issue category=normalized; field=Polarity; raw=Positif; normalized=POSITIVE; Polarity normalized to POSITIVE.
info,TL Employee Service 3,21,OUTPUT,"Tingkat pemenuhan tata kelola, manajemen risiko, dan kepatuhan internal (Penyelesaian Temuan Audit)",enum_issue category=normalized; field=Period; raw=Semester; normalized=SEMESTER; Period normalized to SEMESTER.
info,TL Employee Service 3,21,OUTPUT,"Tingkat pemenuhan tata kelola, manajemen risiko, dan kepatuhan internal (Penyelesaian Temuan Audit)",enum_issue category=normalized; field=Polarity; raw=Positif; normalized=POSITIVE; Polarity normalized to POSITIVE.
info,TL Employee Service 3,22,OUTPUT,Pengkinian Data Pekerja di Group yang dikelola,enum_issue category=normalized; field=Period; raw=Bulanan; normalized=BULANAN; Period normalized to BULANAN.
info,TL Employee Service 3,22,OUTPUT,Pengkinian Data Pekerja di Group yang dikelola,enum_issue category=normalized; field=Polarity; raw=Positif; normalized=POSITIVE; Polarity normalized to POSITIVE.
info,TL Employee Service 3,23,OUTPUT,Penerbitan SPPD pada P-Travel,enum_issue category=normalized; field=Period; raw=Bulanan; normalized=BULANAN; Period normalized to BULANAN.
info,TL Employee Service 3,23,OUTPUT,Penerbitan SPPD pada P-Travel,enum_issue category=normalized; field=Polarity; raw=Positif; normalized=POSITIVE; Polarity normalized to POSITIVE.
warning,TL Employee Service 3,18,KAI,Pelaksanaan penambahan unit kerja yang dilayani fungsi layanan SDM oleh SSC SDM,KAI formula may not be percentage-based or is blank.
info,TL Employee Service 3,21,KAI,"Mengkoordinasikan, menjaga alignment, mengintegrasikan, dan mengkonsolidasikan pelaksanaan penyelesaian temuan audit",enum_issue category=normalized; field=Nature Of Work; raw=Non routine; normalized=Non Routine; KAI Nature normalized to Non Routine.
warning,TL Employee Service 3,23,KAI,Pelaksanaan penerbitan SPPD pada sistem P-Travel,KAI formula may not be percentage-based or is blank.
warning,TL Employee Service 3,,weight_audit,TL Employee Service 3,Weight total not 100: level=impact; kpi_type=OUTPUT; parent=Manpower productivity (Revenue per total manpower); raw_total=85.0; output_total=85.0; cause=Raw Data Issue.
warning,TL Employee Service 3,,weight_audit,TL Employee Service 3,Weight total not 100: level=impact; kpi_type=OUTPUT; parent=Total Productivity; raw_total=15.0; output_total=15.0; cause=Raw Data Issue.
warning,TL Employee Service 3,,weight_audit,TL Employee Service 3,Weight total not 100: level=output; kpi_type=KAI; parent=Penambahan Unit Kerja yang dilayani fungsi Layanan SDM nya oleh SSC SDM (anak / cucu / cicit perusahaan Pelindo Group); raw_total=20.0; output_total=20.0; cause=Raw Data Issue.
warning,TL Employee Service 3,,weight_audit,TL Employee Service 3,Weight total not 100: level=output; kpi_type=KAI; parent=Penerbitan Reimburse SPPD; raw_total=10.0; output_total=10.0; cause=Raw Data Issue.
warning,TL Employee Service 3,,weight_audit,TL Employee Service 3,Weight total not 100: level=output; kpi_type=KAI; parent=Penerbitan SPPD pada P-Travel; raw_total=20.0; output_total=20.0; cause=Raw Data Issue.
warning,TL Employee Service 3,,weight_audit,TL Employee Service 3,Weight total not 100: level=output; kpi_type=KAI; parent=Pengkinian Data Pekerja di Group yang dikelola; raw_total=15.0; output_total=15.0; cause=Raw Data Issue.
warning,TL Employee Service 3,,weight_audit,TL Employee Service 3,Weight total not 100: level=output; kpi_type=KAI; parent=Proses Verifikasi Tagihan vendor travel; raw_total=15.0; output_total=15.0; cause=Raw Data Issue.
warning,TL Employee Service 3,,weight_audit,TL Employee Service 3,Weight total not 100: level=output; kpi_type=KAI; parent=SLA Update data STO Jabatan; raw_total=15.0; output_total=15.0; cause=Raw Data Issue.
warning,TL Employee Service 3,,weight_audit,TL Employee Service 3,"Weight total not 100: level=output; kpi_type=KAI; parent=Tingkat pemenuhan tata kelola, manajemen risiko, dan kepatuhan internal (Penyelesaian Temuan Audit); raw_total=5.0; output_total=5.0; cause=Raw Data Issue."
info,TL Payroll Comben 1,9,IMPACT,Net Income,enum_issue category=normalized; field=Polarity; raw=Positif; normalized=POSITIVE; Polarity normalized to POSITIVE.
info,TL Payroll Comben 1,9,IMPACT,Net Income,enum_issue category=normalized; field=Period; raw=Triwulanan; normalized=TRIWULANAN; Period normalized to TRIWULANAN.
info,TL Payroll Comben 1,10,IMPACT,(ROIC > WACC) x Inv.Capital,enum_issue category=normalized; field=Polarity; raw=Positif; normalized=POSITIVE; Polarity normalized to POSITIVE.
info,TL Payroll Comben 1,10,IMPACT,(ROIC > WACC) x Inv.Capital,enum_issue category=normalized; field=Period; raw=Triwulanan; normalized=TRIWULANAN; Period normalized to TRIWULANAN.
info,TL Payroll Comben 1,11,IMPACT,Traffic Volume,enum_issue category=normalized; field=Polarity; raw=Positif; normalized=POSITIVE; Polarity normalized to POSITIVE.
info,TL Payroll Comben 1,11,IMPACT,Traffic Volume,enum_issue category=normalized; field=Period; raw=Triwulanan; normalized=TRIWULANAN; Period normalized to TRIWULANAN.
info,TL Payroll Comben 1,12,IMPACT,Total Productivity,enum_issue category=normalized; field=Polarity; raw=Positif; normalized=POSITIVE; Polarity normalized to POSITIVE.
info,TL Payroll Comben 1,12,IMPACT,Total Productivity,enum_issue category=normalized; field=Period; raw=Triwulanan; normalized=TRIWULANAN; Period normalized to TRIWULANAN.
info,TL Payroll Comben 1,13,IMPACT,Lost Time Injury Frequency Rate (LTIFR),enum_issue category=normalized; field=Polarity; raw=Negatif; normalized=NEGATIVE; Polarity normalized to NEGATIVE.
info,TL Payroll Comben 1,13,IMPACT,Lost Time Injury Frequency Rate (LTIFR),enum_issue category=normalized; field=Period; raw=Triwulanan; normalized=TRIWULANAN; Period normalized to TRIWULANAN.
info,TL Payroll Comben 1,14,IMPACT,Pengembangan Ekosistem Bali Maritime Tourism Hub (BMTH),enum_issue category=normalized; field=Polarity; raw=Positif; normalized=POSITIVE; Polarity normalized to POSITIVE.
info,TL Payroll Comben 1,14,IMPACT,Pengembangan Ekosistem Bali Maritime Tourism Hub (BMTH),enum_issue category=normalized; field=Period; raw=Triwulanan; normalized=TRIWULANAN; Period normalized to TRIWULANAN.
info,TL Payroll Comben 1,15,IMPACT,Number of KRI exceeding its risk tolerance limit,enum_issue category=normalized; field=Polarity; raw=Positif; normalized=POSITIVE; Polarity normalized to POSITIVE.
info,TL Payroll Comben 1,15,IMPACT,Number of KRI exceeding its risk tolerance limit,enum_issue category=normalized; field=Period; raw=Triwulanan; normalized=TRIWULANAN; Period normalized to TRIWULANAN.
info,TL Payroll Comben 1,16,IMPACT,ESG Rating,enum_issue category=normalized; field=Polarity; raw=Positif; normalized=POSITIVE; Polarity normalized to POSITIVE.
info,TL Payroll Comben 1,16,IMPACT,ESG Rating,enum_issue category=normalized; field=Period; raw=Tahunan; normalized=TAHUNAN; Period normalized to TAHUNAN.
info,TL Payroll Comben 1,17,IMPACT,Strategic Project Delivery,enum_issue category=normalized; field=Polarity; raw=Positif; normalized=POSITIVE; Polarity normalized to POSITIVE.
info,TL Payroll Comben 1,17,IMPACT,Strategic Project Delivery,enum_issue category=normalized; field=Period; raw=Triwulanan; normalized=TRIWULANAN; Period normalized to TRIWULANAN.
info,TL Payroll Comben 1,18,IMPACT,Manpower productivity (Revenue per total manpower),enum_issue category=normalized; field=Polarity; raw=Positif; normalized=POSITIVE; Polarity normalized to POSITIVE.
info,TL Payroll Comben 1,18,IMPACT,Manpower productivity (Revenue per total manpower),enum_issue category=normalized; field=Period; raw=Triwulanan; normalized=TRIWULANAN; Period normalized to TRIWULANAN.
info,TL Payroll Comben 1,9,OUTPUT,Surat Tagihan Potongan Pekerja kepada unit kerja yang dikelola,enum_issue category=normalized; field=Period; raw=Bulanan; normalized=BULANAN; Period normalized to BULANAN.
info,TL Payroll Comben 1,9,OUTPUT,Surat Tagihan Potongan Pekerja kepada unit kerja yang dikelola,enum_issue category=normalized; field=Polarity; raw=Positif; normalized=POSITIVE; Polarity normalized to POSITIVE.
info,TL Payroll Comben 1,12,OUTPUT,"Tingkat ketepatan waktu pembayaran payroll T25 di R1, R2, SH dan Anper yang dikelola",enum_issue category=normalized; field=Period; raw=Bulanan; normalized=BULANAN; Period normalized to BULANAN.
info,TL Payroll Comben 1,12,OUTPUT,"Tingkat ketepatan waktu pembayaran payroll T25 di R1, R2, SH dan Anper yang dikelola",enum_issue category=normalized; field=Polarity; raw=Positif; normalized=POSITIVE; Polarity normalized to POSITIVE.
info,TL Payroll Comben 1,18,OUTPUT,Pembayaran BPJS,enum_issue category=normalized; field=Period; raw=Bulanan; normalized=BULANAN; Period normalized to BULANAN.
info,TL Payroll Comben 1,18,OUTPUT,Pembayaran BPJS,enum_issue category=normalized; field=Polarity; raw=Positif; normalized=POSITIVE; Polarity normalized to POSITIVE.
info,TL Payroll Comben 1,19,OUTPUT,Roll-out fungsi SSC SDM  di entitas anak / cucu / cicit perusahaan Pelindo Group,enum_issue category=normalized; field=Period; raw=Semester; normalized=SEMESTER; Period normalized to SEMESTER.
info,TL Payroll Comben 1,19,OUTPUT,Roll-out fungsi SSC SDM  di entitas anak / cucu / cicit perusahaan Pelindo Group,enum_issue category=normalized; field=Polarity; raw=Positif; normalized=POSITIVE; Polarity normalized to POSITIVE.
info,TL Payroll Comben 1,20,OUTPUT,"Tingkat pemenuhan tata kelola, manajemen risiko, dan kepatuhan internal (Penyelesaian Temuan Audit)",enum_issue category=normalized; field=Period; raw=Semester; normalized=SEMESTER; Period normalized to SEMESTER.
info,TL Payroll Comben 1,20,OUTPUT,"Tingkat pemenuhan tata kelola, manajemen risiko, dan kepatuhan internal (Penyelesaian Temuan Audit)",enum_issue category=normalized; field=Polarity; raw=Positif; normalized=POSITIVE; Polarity normalized to POSITIVE.
info,TL Payroll Comben 1,21,OUTPUT,Pembayaran PMB dan penghasilan non-bulanan pekerja pensiun,enum_issue category=normalized; field=Period; raw=Bulanan; normalized=BULANAN; Period normalized to BULANAN.
info,TL Payroll Comben 1,21,OUTPUT,Pembayaran PMB dan penghasilan non-bulanan pekerja pensiun,enum_issue category=normalized; field=Polarity; raw=Positif; normalized=POSITIVE; Polarity normalized to POSITIVE.
warning,TL Payroll Comben 1,19,KAI,"Mengkoordinasikan, menjaga alignment, mengintegrasikan, dan mengkonsolidasikan pelaksanaan roll-out fungsi SSC SDM",KAI formula may not be percentage-based or is blank.
info,TL Payroll Comben 1,20,KAI,"Mengkoordinasikan, menjaga alignment, mengintegrasikan, dan mengkonsolidasikan pelaksanaan penyelesaian temuan audit",enum_issue category=normalized; field=Nature Of Work; raw=Non routine; normalized=Non Routine; KAI Nature normalized to Non Routine.
warning,TL Payroll Comben 1,,weight_audit,TL Payroll Comben 1,Weight total not 100: level=impact; kpi_type=OUTPUT; parent=Manpower productivity (Revenue per total manpower); raw_total=50.0; output_total=50.0; cause=Raw Data Issue.
warning,TL Payroll Comben 1,,weight_audit,TL Payroll Comben 1,Weight total not 100: level=impact; kpi_type=OUTPUT; parent=Net Income; raw_total=20.0; output_total=20.0; cause=Raw Data Issue.
warning,TL Payroll Comben 1,,weight_audit,TL Payroll Comben 1,Weight total not 100: level=impact; kpi_type=OUTPUT; parent=Total Productivity; raw_total=30.0; output_total=30.0; cause=Raw Data Issue.
warning,TL Payroll Comben 1,,weight_audit,TL Payroll Comben 1,Weight total not 100: level=output; kpi_type=KAI; parent=Pembayaran BPJS; raw_total=15.0; output_total=15.0; cause=Raw Data Issue.
warning,TL Payroll Comben 1,,weight_audit,TL Payroll Comben 1,Weight total not 100: level=output; kpi_type=KAI; parent=Pembayaran PMB dan penghasilan non-bulanan pekerja pensiun; raw_total=20.0; output_total=20.0; cause=Raw Data Issue.
warning,TL Payroll Comben 1,,weight_audit,TL Payroll Comben 1,Weight total not 100: level=output; kpi_type=KAI; parent=Roll-out fungsi SSC SDM  di entitas anak / cucu / cicit perusahaan Pelindo Group; raw_total=10.0; output_total=10.0; cause=Raw Data Issue.
warning,TL Payroll Comben 1,,weight_audit,TL Payroll Comben 1,Weight total not 100: level=output; kpi_type=KAI; parent=Surat Tagihan Potongan Pekerja kepada unit kerja yang dikelola; raw_total=20.0; output_total=20.0; cause=Raw Data Issue.
warning,TL Payroll Comben 1,,weight_audit,TL Payroll Comben 1,"Weight total not 100: level=output; kpi_type=KAI; parent=Tingkat ketepatan waktu pembayaran payroll T25 di R1, R2, SH dan Anper yang dikelola; raw_total=30.0; output_total=30.0; cause=Raw Data Issue."
warning,TL Payroll Comben 1,,weight_audit,TL Payroll Comben 1,"Weight total not 100: level=output; kpi_type=KAI; parent=Tingkat pemenuhan tata kelola, manajemen risiko, dan kepatuhan internal (Penyelesaian Temuan Audit); raw_total=5.0; output_total=5.0; cause=Raw Data Issue."
info,TL Payroll Comben 2,9,IMPACT,Net Income,enum_issue category=normalized; field=Polarity; raw=Positif; normalized=POSITIVE; Polarity normalized to POSITIVE.
info,TL Payroll Comben 2,9,IMPACT,Net Income,enum_issue category=normalized; field=Period; raw=Triwulanan; normalized=TRIWULANAN; Period normalized to TRIWULANAN.
info,TL Payroll Comben 2,10,IMPACT,(ROIC > WACC) x Inv.Capital,enum_issue category=normalized; field=Polarity; raw=Positif; normalized=POSITIVE; Polarity normalized to POSITIVE.
info,TL Payroll Comben 2,10,IMPACT,(ROIC > WACC) x Inv.Capital,enum_issue category=normalized; field=Period; raw=Triwulanan; normalized=TRIWULANAN; Period normalized to TRIWULANAN.
info,TL Payroll Comben 2,11,IMPACT,Traffic Volume,enum_issue category=normalized; field=Polarity; raw=Positif; normalized=POSITIVE; Polarity normalized to POSITIVE.
info,TL Payroll Comben 2,11,IMPACT,Traffic Volume,enum_issue category=normalized; field=Period; raw=Triwulanan; normalized=TRIWULANAN; Period normalized to TRIWULANAN.
info,TL Payroll Comben 2,12,IMPACT,Total Productivity,enum_issue category=normalized; field=Polarity; raw=Positif; normalized=POSITIVE; Polarity normalized to POSITIVE.
info,TL Payroll Comben 2,12,IMPACT,Total Productivity,enum_issue category=normalized; field=Period; raw=Triwulanan; normalized=TRIWULANAN; Period normalized to TRIWULANAN.
info,TL Payroll Comben 2,13,IMPACT,Lost Time Injury Frequency Rate (LTIFR),enum_issue category=normalized; field=Polarity; raw=Negatif; normalized=NEGATIVE; Polarity normalized to NEGATIVE.
info,TL Payroll Comben 2,13,IMPACT,Lost Time Injury Frequency Rate (LTIFR),enum_issue category=normalized; field=Period; raw=Triwulanan; normalized=TRIWULANAN; Period normalized to TRIWULANAN.
info,TL Payroll Comben 2,14,IMPACT,Pengembangan Ekosistem Bali Maritime Tourism Hub (BMTH),enum_issue category=normalized; field=Polarity; raw=Positif; normalized=POSITIVE; Polarity normalized to POSITIVE.
info,TL Payroll Comben 2,14,IMPACT,Pengembangan Ekosistem Bali Maritime Tourism Hub (BMTH),enum_issue category=normalized; field=Period; raw=Triwulanan; normalized=TRIWULANAN; Period normalized to TRIWULANAN.
info,TL Payroll Comben 2,15,IMPACT,Number of KRI exceeding its risk tolerance limit,enum_issue category=normalized; field=Polarity; raw=Positif; normalized=POSITIVE; Polarity normalized to POSITIVE.
info,TL Payroll Comben 2,15,IMPACT,Number of KRI exceeding its risk tolerance limit,enum_issue category=normalized; field=Period; raw=Triwulanan; normalized=TRIWULANAN; Period normalized to TRIWULANAN.
info,TL Payroll Comben 2,16,IMPACT,ESG Rating,enum_issue category=normalized; field=Polarity; raw=Positif; normalized=POSITIVE; Polarity normalized to POSITIVE.
info,TL Payroll Comben 2,16,IMPACT,ESG Rating,enum_issue category=normalized; field=Period; raw=Tahunan; normalized=TAHUNAN; Period normalized to TAHUNAN.
info,TL Payroll Comben 2,17,IMPACT,Strategic Project Delivery,enum_issue category=normalized; field=Polarity; raw=Positif; normalized=POSITIVE; Polarity normalized to POSITIVE.
info,TL Payroll Comben 2,17,IMPACT,Strategic Project Delivery,enum_issue category=normalized; field=Period; raw=Triwulanan; normalized=TRIWULANAN; Period normalized to TRIWULANAN.
info,TL Payroll Comben 2,18,IMPACT,Manpower productivity (Revenue per total manpower),enum_issue category=normalized; field=Polarity; raw=Positif; normalized=POSITIVE; Polarity normalized to POSITIVE.
info,TL Payroll Comben 2,18,IMPACT,Manpower productivity (Revenue per total manpower),enum_issue category=normalized; field=Period; raw=Triwulanan; normalized=TRIWULANAN; Period normalized to TRIWULANAN.
info,TL Payroll Comben 2,9,OUTPUT,Surat Tagihan Potongan Pekerja kepada unit kerja yang dikelola,enum_issue category=normalized; field=Period; raw=Bulanan; normalized=BULANAN; Period normalized to BULANAN.
info,TL Payroll Comben 2,9,OUTPUT,Surat Tagihan Potongan Pekerja kepada unit kerja yang dikelola,enum_issue category=normalized; field=Polarity; raw=Positif; normalized=POSITIVE; Polarity normalized to POSITIVE.
info,TL Payroll Comben 2,12,OUTPUT,"Tingkat ketepatan waktu pembayaran payroll T25 di R3, R4, SH dan Anper yang dikelola",enum_issue category=normalized; field=Period; raw=Bulanan; normalized=BULANAN; Period normalized to BULANAN.
info,TL Payroll Comben 2,12,OUTPUT,"Tingkat ketepatan waktu pembayaran payroll T25 di R3, R4, SH dan Anper yang dikelola",enum_issue category=normalized; field=Polarity; raw=Positif; normalized=POSITIVE; Polarity normalized to POSITIVE.
info,TL Payroll Comben 2,18,OUTPUT,Pembayaran BPJS,enum_issue category=normalized; field=Period; raw=Bulanan; normalized=BULANAN; Period normalized to BULANAN.
info,TL Payroll Comben 2,18,OUTPUT,Pembayaran BPJS,enum_issue category=normalized; field=Polarity; raw=Positif; normalized=POSITIVE; Polarity normalized to POSITIVE.
info,TL Payroll Comben 2,19,OUTPUT,"Tingkat pemenuhan tata kelola, manajemen risiko, dan kepatuhan internal (Penyelesaian Temuan Audit)",enum_issue category=normalized; field=Period; raw=Semester; normalized=SEMESTER; Period normalized to SEMESTER.
info,TL Payroll Comben 2,19,OUTPUT,"Tingkat pemenuhan tata kelola, manajemen risiko, dan kepatuhan internal (Penyelesaian Temuan Audit)",enum_issue category=normalized; field=Polarity; raw=Positif; normalized=POSITIVE; Polarity normalized to POSITIVE.
info,TL Payroll Comben 2,20,OUTPUT,Roll-out fungsi SSC SDM  di entitas anak / cucu / cicit perusahaan Pelindo Group,enum_issue category=normalized; field=Period; raw=Semester; normalized=SEMESTER; Period normalized to SEMESTER.
info,TL Payroll Comben 2,20,OUTPUT,Roll-out fungsi SSC SDM  di entitas anak / cucu / cicit perusahaan Pelindo Group,enum_issue category=normalized; field=Polarity; raw=Positif; normalized=POSITIVE; Polarity normalized to POSITIVE.
info,TL Payroll Comben 2,21,OUTPUT,Pembayaran PMB dan penghasilan non-bulanan pekerja pensiun,enum_issue category=normalized; field=Period; raw=Bulanan; normalized=BULANAN; Period normalized to BULANAN.
info,TL Payroll Comben 2,21,OUTPUT,Pembayaran PMB dan penghasilan non-bulanan pekerja pensiun,enum_issue category=normalized; field=Polarity; raw=Positif; normalized=POSITIVE; Polarity normalized to POSITIVE.
info,TL Payroll Comben 2,19,KAI,"Mengkoordinasikan, menjaga alignment, mengintegrasikan, dan mengkonsolidasikan pelaksanaan penyelesaian temuan audit",enum_issue category=normalized; field=Nature Of Work; raw=Non routine; normalized=Non Routine; KAI Nature normalized to Non Routine.
warning,TL Payroll Comben 2,20,KAI,"Mengkoordinasikan, menjaga alignment, mengintegrasikan, dan mengkonsolidasikan pelaksanaan roll-out fungsi SSC SDM",KAI formula may not be percentage-based or is blank.
warning,TL Payroll Comben 2,,weight_audit,TL Payroll Comben 2,Weight total not 100: level=impact; kpi_type=OUTPUT; parent=Manpower productivity (Revenue per total manpower); raw_total=50.0; output_total=50.0; cause=Raw Data Issue.
warning,TL Payroll Comben 2,,weight_audit,TL Payroll Comben 2,Weight total not 100: level=impact; kpi_type=OUTPUT; parent=Net Income; raw_total=20.0; output_total=20.0; cause=Raw Data Issue.
warning,TL Payroll Comben 2,,weight_audit,TL Payroll Comben 2,Weight total not 100: level=impact; kpi_type=OUTPUT; parent=Total Productivity; raw_total=30.0; output_total=30.0; cause=Raw Data Issue.
warning,TL Payroll Comben 2,,weight_audit,TL Payroll Comben 2,Weight total not 100: level=output; kpi_type=KAI; parent=Pembayaran BPJS; raw_total=15.0; output_total=15.0; cause=Raw Data Issue.
warning,TL Payroll Comben 2,,weight_audit,TL Payroll Comben 2,Weight total not 100: level=output; kpi_type=KAI; parent=Pembayaran PMB dan penghasilan non-bulanan pekerja pensiun; raw_total=20.0; output_total=20.0; cause=Raw Data Issue.
warning,TL Payroll Comben 2,,weight_audit,TL Payroll Comben 2,Weight total not 100: level=output; kpi_type=KAI; parent=Roll-out fungsi SSC SDM  di entitas anak / cucu / cicit perusahaan Pelindo Group; raw_total=10.0; output_total=10.0; cause=Raw Data Issue.
warning,TL Payroll Comben 2,,weight_audit,TL Payroll Comben 2,Weight total not 100: level=output; kpi_type=KAI; parent=Surat Tagihan Potongan Pekerja kepada unit kerja yang dikelola; raw_total=20.0; output_total=20.0; cause=Raw Data Issue.
warning,TL Payroll Comben 2,,weight_audit,TL Payroll Comben 2,"Weight total not 100: level=output; kpi_type=KAI; parent=Tingkat ketepatan waktu pembayaran payroll T25 di R3, R4, SH dan Anper yang dikelola; raw_total=30.0; output_total=30.0; cause=Raw Data Issue."
warning,TL Payroll Comben 2,,weight_audit,TL Payroll Comben 2,"Weight total not 100: level=output; kpi_type=KAI; parent=Tingkat pemenuhan tata kelola, manajemen risiko, dan kepatuhan internal (Penyelesaian Temuan Audit); raw_total=5.0; output_total=5.0; cause=Raw Data Issue."
info,Manager Pelayanan Pengadaan,9,IMPACT,Net Income,enum_issue category=normalized; field=Polarity; raw=Positif; normalized=POSITIVE; Polarity normalized to POSITIVE.
info,Manager Pelayanan Pengadaan,9,IMPACT,Net Income,enum_issue category=normalized; field=Period; raw=Triwulanan; normalized=TRIWULANAN; Period normalized to TRIWULANAN.
info,Manager Pelayanan Pengadaan,10,IMPACT,(ROIC > WACC) x Inv.Capital,enum_issue category=normalized; field=Polarity; raw=Positif; normalized=POSITIVE; Polarity normalized to POSITIVE.
info,Manager Pelayanan Pengadaan,10,IMPACT,(ROIC > WACC) x Inv.Capital,enum_issue category=normalized; field=Period; raw=Triwulanan; normalized=TRIWULANAN; Period normalized to TRIWULANAN.
info,Manager Pelayanan Pengadaan,11,IMPACT,Traffic Volume,enum_issue category=normalized; field=Polarity; raw=Positif; normalized=POSITIVE; Polarity normalized to POSITIVE.
info,Manager Pelayanan Pengadaan,11,IMPACT,Traffic Volume,enum_issue category=normalized; field=Period; raw=Triwulanan; normalized=TRIWULANAN; Period normalized to TRIWULANAN.
info,Manager Pelayanan Pengadaan,12,IMPACT,Total Productivity,enum_issue category=normalized; field=Polarity; raw=Positif; normalized=POSITIVE; Polarity normalized to POSITIVE.
info,Manager Pelayanan Pengadaan,12,IMPACT,Total Productivity,enum_issue category=normalized; field=Period; raw=Triwulanan; normalized=TRIWULANAN; Period normalized to TRIWULANAN.
info,Manager Pelayanan Pengadaan,13,IMPACT,Lost Time Injury Frequency Rate (LTIFR),enum_issue category=normalized; field=Polarity; raw=Negatif; normalized=NEGATIVE; Polarity normalized to NEGATIVE.
info,Manager Pelayanan Pengadaan,13,IMPACT,Lost Time Injury Frequency Rate (LTIFR),enum_issue category=normalized; field=Period; raw=Triwulanan; normalized=TRIWULANAN; Period normalized to TRIWULANAN.
info,Manager Pelayanan Pengadaan,14,IMPACT,Pengembangan Ekosistem Bali Maritime Tourism Hub (BMTH),enum_issue category=normalized; field=Polarity; raw=Positif; normalized=POSITIVE; Polarity normalized to POSITIVE.
info,Manager Pelayanan Pengadaan,14,IMPACT,Pengembangan Ekosistem Bali Maritime Tourism Hub (BMTH),enum_issue category=normalized; field=Period; raw=Triwulanan; normalized=TRIWULANAN; Period normalized to TRIWULANAN.
info,Manager Pelayanan Pengadaan,15,IMPACT,Number of KRI exceeding its risk tolerance limit,enum_issue category=normalized; field=Polarity; raw=Positif; normalized=POSITIVE; Polarity normalized to POSITIVE.
info,Manager Pelayanan Pengadaan,15,IMPACT,Number of KRI exceeding its risk tolerance limit,enum_issue category=normalized; field=Period; raw=Triwulanan; normalized=TRIWULANAN; Period normalized to TRIWULANAN.
info,Manager Pelayanan Pengadaan,16,IMPACT,ESG Rating,enum_issue category=normalized; field=Polarity; raw=Positif; normalized=POSITIVE; Polarity normalized to POSITIVE.
info,Manager Pelayanan Pengadaan,16,IMPACT,ESG Rating,enum_issue category=normalized; field=Period; raw=Tahunan; normalized=TAHUNAN; Period normalized to TAHUNAN.
info,Manager Pelayanan Pengadaan,17,IMPACT,Strategic Project Delivery,enum_issue category=normalized; field=Polarity; raw=Positif; normalized=POSITIVE; Polarity normalized to POSITIVE.
info,Manager Pelayanan Pengadaan,17,IMPACT,Strategic Project Delivery,enum_issue category=normalized; field=Period; raw=Triwulanan; normalized=TRIWULANAN; Period normalized to TRIWULANAN.
info,Manager Pelayanan Pengadaan,22,IMPACT,Manpower productivity (Revenue per total manpower),enum_issue category=normalized; field=Polarity; raw=Negatif; normalized=NEGATIVE; Polarity normalized to NEGATIVE.
info,Manager Pelayanan Pengadaan,22,IMPACT,Manpower productivity (Revenue per total manpower),enum_issue category=normalized; field=Period; raw=Triwulanan; normalized=TRIWULANAN; Period normalized to TRIWULANAN.
info,Manager Pelayanan Pengadaan,11,OUTPUT,Volume Transaksi PaDI UMKM Pelindo Group,enum_issue category=normalized; field=Period; raw=Tahunan; normalized=TAHUNAN; Period normalized to TAHUNAN.
info,Manager Pelayanan Pengadaan,11,OUTPUT,Volume Transaksi PaDI UMKM Pelindo Group,enum_issue category=normalized; field=Polarity; raw=Positif; normalized=POSITIVE; Polarity normalized to POSITIVE.
info,Manager Pelayanan Pengadaan,12,OUTPUT,Indeks kepuasan vendor,enum_issue category=normalized; field=Period; raw=Tahunan; normalized=TAHUNAN; Period normalized to TAHUNAN.
info,Manager Pelayanan Pengadaan,12,OUTPUT,Indeks kepuasan vendor,enum_issue category=normalized; field=Polarity; raw=Positif; normalized=POSITIVE; Polarity normalized to POSITIVE.
info,Manager Pelayanan Pengadaan,17,OUTPUT,Roll-out fungsi ssc pelayanan pengadaan di entitas anak / cucu / cicit perusahaan Pelindo Group,enum_issue category=normalized; field=Period; raw=Semester; normalized=SEMESTER; Period normalized to SEMESTER.
info,Manager Pelayanan Pengadaan,17,OUTPUT,Roll-out fungsi ssc pelayanan pengadaan di entitas anak / cucu / cicit perusahaan Pelindo Group,enum_issue category=normalized; field=Polarity; raw=Positif; normalized=POSITIVE; Polarity normalized to POSITIVE.
info,Manager Pelayanan Pengadaan,18,OUTPUT,Pemenuhan terhadap SLA Register/Update Master Data,enum_issue category=normalized; field=Period; raw=bulanan; normalized=BULANAN; Period normalized to BULANAN.
info,Manager Pelayanan Pengadaan,18,OUTPUT,Pemenuhan terhadap SLA Register/Update Master Data,enum_issue category=normalized; field=Polarity; raw=Positif; normalized=POSITIVE; Polarity normalized to POSITIVE.
info,Manager Pelayanan Pengadaan,19,OUTPUT,Pembuatan Dashboard SSC Pengadaan untuk Layanan STC,enum_issue category=normalized; field=Period; raw=Semester; normalized=SEMESTER; Period normalized to SEMESTER.
info,Manager Pelayanan Pengadaan,19,OUTPUT,Pembuatan Dashboard SSC Pengadaan untuk Layanan STC,enum_issue category=normalized; field=Polarity; raw=Positif; normalized=POSITIVE; Polarity normalized to POSITIVE.
info,Manager Pelayanan Pengadaan,20,OUTPUT,Pemenuhan terhadap metode SLA Proses Pemilihan Penyedia,enum_issue category=normalized; field=Period; raw=bulanan; normalized=BULANAN; Period normalized to BULANAN.
info,Manager Pelayanan Pengadaan,20,OUTPUT,Pemenuhan terhadap metode SLA Proses Pemilihan Penyedia,enum_issue category=normalized; field=Polarity; raw=Positif; normalized=POSITIVE; Polarity normalized to POSITIVE.
info,Manager Pelayanan Pengadaan,21,OUTPUT,Pemenuhan terhadap SLA Penerbitan PO/OA,enum_issue category=normalized; field=Period; raw=bulanan; normalized=BULANAN; Period normalized to BULANAN.
info,Manager Pelayanan Pengadaan,21,OUTPUT,Pemenuhan terhadap SLA Penerbitan PO/OA,enum_issue category=normalized; field=Polarity; raw=Positif; normalized=POSITIVE; Polarity normalized to POSITIVE.
info,Manager Pelayanan Pengadaan,22,OUTPUT,"Tingkat pemenuhan tata kelola, manajemen risiko, dan kepatuhan internal (Penyelesaian Temuan Audit)",enum_issue category=normalized; field=Period; raw=Semester; normalized=SEMESTER; Period normalized to SEMESTER.
info,Manager Pelayanan Pengadaan,22,OUTPUT,"Tingkat pemenuhan tata kelola, manajemen risiko, dan kepatuhan internal (Penyelesaian Temuan Audit)",enum_issue category=normalized; field=Polarity; raw=Positif; normalized=POSITIVE; Polarity normalized to POSITIVE.
info,Manager Pelayanan Pengadaan,11,KAI,Pelaksanaan peningkatan volume transaksi PaDI UMKM,enum_issue category=normalized; field=Nature Of Work; raw=Non routine; normalized=Non Routine; KAI Nature normalized to Non Routine.
warning,Manager Pelayanan Pengadaan,11,KAI,Pelaksanaan peningkatan volume transaksi PaDI UMKM,KAI formula may not be percentage-based or is blank.
info,Manager Pelayanan Pengadaan,12,KAI,"Mengkoordinasikan, menjaga alignment, mengintegrasikan, dan mengkonsolidasikan pelaksanaan survei dan pengumpulan data kepuasan vendor",enum_issue category=normalized; field=Nature Of Work; raw=Non routine; normalized=Non Routine; KAI Nature normalized to Non Routine.
info,Manager Pelayanan Pengadaan,17,KAI,"Mengkoordinasikan, menjaga alignment, mengintegrasikan, dan mengkonsolidasikan pelaksanaan roll-out fungsi ssc pelayanan pengadaan",enum_issue category=normalized; field=Nature Of Work; raw=Non routine; normalized=Non Routine; KAI Nature normalized to Non Routine.
warning,Manager Pelayanan Pengadaan,17,KAI,"Mengkoordinasikan, menjaga alignment, mengintegrasikan, dan mengkonsolidasikan pelaksanaan roll-out fungsi ssc pelayanan pengadaan",KAI formula may not be percentage-based or is blank.
info,Manager Pelayanan Pengadaan,19,KAI,"Mengkoordinasikan, menjaga alignment, mengintegrasikan, dan mengkonsolidasikan pelaksanaan pembuatan dashboard SSC Pengadaan",enum_issue category=normalized; field=Nature Of Work; raw=Non routine; normalized=Non Routine; KAI Nature normalized to Non Routine.
info,Manager Pelayanan Pengadaan,22,KAI,"Mengkoordinasikan, menjaga alignment, mengintegrasikan, dan mengkonsolidasikan pelaksanaan penyelesaian temuan audit",enum_issue category=normalized; field=Nature Of Work; raw=Non routine; normalized=Non Routine; KAI Nature normalized to Non Routine.
warning,Manager Pelayanan Pengadaan,,weight_audit,Manager Pelayanan Pengadaan,Weight total not 100: level=impact; kpi_type=OUTPUT; parent=Manpower productivity (Revenue per total manpower); raw_total=5.0; output_total=5.0; cause=Raw Data Issue.
warning,Manager Pelayanan Pengadaan,,weight_audit,Manager Pelayanan Pengadaan,Weight total not 100: level=impact; kpi_type=OUTPUT; parent=Strategic Project Delivery; raw_total=80.0; output_total=80.0; cause=Raw Data Issue.
warning,Manager Pelayanan Pengadaan,,weight_audit,Manager Pelayanan Pengadaan,Weight total not 100: level=impact; kpi_type=OUTPUT; parent=Total Productivity; raw_total=5.0; output_total=5.0; cause=Raw Data Issue.
warning,Manager Pelayanan Pengadaan,,weight_audit,Manager Pelayanan Pengadaan,Weight total not 100: level=impact; kpi_type=OUTPUT; parent=Traffic Volume; raw_total=10.0; output_total=10.0; cause=Raw Data Issue.
warning,Manager Pelayanan Pengadaan,,weight_audit,Manager Pelayanan Pengadaan,Weight total not 100: level=output; kpi_type=KAI; parent=Indeks kepuasan vendor; raw_total=5.0; output_total=5.0; cause=Raw Data Issue.
warning,Manager Pelayanan Pengadaan,,weight_audit,Manager Pelayanan Pengadaan,Weight total not 100: level=output; kpi_type=KAI; parent=Pembuatan Dashboard SSC Pengadaan untuk Layanan STC; raw_total=10.0; output_total=10.0; cause=Raw Data Issue.
warning,Manager Pelayanan Pengadaan,,weight_audit,Manager Pelayanan Pengadaan,Weight total not 100: level=output; kpi_type=KAI; parent=Pemenuhan terhadap SLA Penerbitan PO/OA; raw_total=20.0; output_total=20.0; cause=Raw Data Issue.
warning,Manager Pelayanan Pengadaan,,weight_audit,Manager Pelayanan Pengadaan,Weight total not 100: level=output; kpi_type=KAI; parent=Pemenuhan terhadap SLA Register/Update Master Data; raw_total=20.0; output_total=20.0; cause=Raw Data Issue.
warning,Manager Pelayanan Pengadaan,,weight_audit,Manager Pelayanan Pengadaan,Weight total not 100: level=output; kpi_type=KAI; parent=Pemenuhan terhadap metode SLA Proses Pemilihan Penyedia; raw_total=20.0; output_total=20.0; cause=Raw Data Issue.
warning,Manager Pelayanan Pengadaan,,weight_audit,Manager Pelayanan Pengadaan,Weight total not 100: level=output; kpi_type=KAI; parent=Roll-out fungsi ssc pelayanan pengadaan di entitas anak / cucu / cicit perusahaan Pelindo Group; raw_total=10.0; output_total=10.0; cause=Raw Data Issue.
warning,Manager Pelayanan Pengadaan,,weight_audit,Manager Pelayanan Pengadaan,"Weight total not 100: level=output; kpi_type=KAI; parent=Tingkat pemenuhan tata kelola, manajemen risiko, dan kepatuhan internal (Penyelesaian Temuan Audit); raw_total=5.0; output_total=5.0; cause=Raw Data Issue."
warning,Manager Pelayanan Pengadaan,,weight_audit,Manager Pelayanan Pengadaan,Weight total not 100: level=output; kpi_type=KAI; parent=Volume Transaksi PaDI UMKM Pelindo Group; raw_total=10.0; output_total=10.0; cause=Raw Data Issue.
info,TL Source to Contract 1,9,IMPACT,Net Income,enum_issue category=normalized; field=Polarity; raw=Positif; normalized=POSITIVE; Polarity normalized to POSITIVE.
info,TL Source to Contract 1,9,IMPACT,Net Income,enum_issue category=normalized; field=Period; raw=Triwulanan; normalized=TRIWULANAN; Period normalized to TRIWULANAN.
info,TL Source to Contract 1,10,IMPACT,(ROIC > WACC) x Inv.Capital,enum_issue category=normalized; field=Polarity; raw=Positif; normalized=POSITIVE; Polarity normalized to POSITIVE.
info,TL Source to Contract 1,10,IMPACT,(ROIC > WACC) x Inv.Capital,enum_issue category=normalized; field=Period; raw=Triwulanan; normalized=TRIWULANAN; Period normalized to TRIWULANAN.
info,TL Source to Contract 1,11,IMPACT,Traffic Volume,enum_issue category=normalized; field=Polarity; raw=Positif; normalized=POSITIVE; Polarity normalized to POSITIVE.
info,TL Source to Contract 1,11,IMPACT,Traffic Volume,enum_issue category=normalized; field=Period; raw=Triwulanan; normalized=TRIWULANAN; Period normalized to TRIWULANAN.
info,TL Source to Contract 1,12,IMPACT,Total Productivity,enum_issue category=normalized; field=Polarity; raw=Positif; normalized=POSITIVE; Polarity normalized to POSITIVE.
info,TL Source to Contract 1,12,IMPACT,Total Productivity,enum_issue category=normalized; field=Period; raw=Triwulanan; normalized=TRIWULANAN; Period normalized to TRIWULANAN.
info,TL Source to Contract 1,13,IMPACT,Lost Time Injury Frequency Rate (LTIFR),enum_issue category=normalized; field=Polarity; raw=Negatif; normalized=NEGATIVE; Polarity normalized to NEGATIVE.
info,TL Source to Contract 1,13,IMPACT,Lost Time Injury Frequency Rate (LTIFR),enum_issue category=normalized; field=Period; raw=Triwulanan; normalized=TRIWULANAN; Period normalized to TRIWULANAN.
info,TL Source to Contract 1,14,IMPACT,Pengembangan Ekosistem Bali Maritime Tourism Hub (BMTH),enum_issue category=normalized; field=Polarity; raw=Positif; normalized=POSITIVE; Polarity normalized to POSITIVE.
info,TL Source to Contract 1,14,IMPACT,Pengembangan Ekosistem Bali Maritime Tourism Hub (BMTH),enum_issue category=normalized; field=Period; raw=Triwulanan; normalized=TRIWULANAN; Period normalized to TRIWULANAN.
info,TL Source to Contract 1,15,IMPACT,Number of KRI exceeding its risk tolerance limit,enum_issue category=normalized; field=Polarity; raw=Positif; normalized=POSITIVE; Polarity normalized to POSITIVE.
info,TL Source to Contract 1,15,IMPACT,Number of KRI exceeding its risk tolerance limit,enum_issue category=normalized; field=Period; raw=Triwulanan; normalized=TRIWULANAN; Period normalized to TRIWULANAN.
info,TL Source to Contract 1,16,IMPACT,ESG Rating,enum_issue category=normalized; field=Polarity; raw=Positif; normalized=POSITIVE; Polarity normalized to POSITIVE.
info,TL Source to Contract 1,16,IMPACT,ESG Rating,enum_issue category=normalized; field=Period; raw=Tahunan; normalized=TAHUNAN; Period normalized to TAHUNAN.
info,TL Source to Contract 1,17,IMPACT,Strategic Project Delivery,enum_issue category=normalized; field=Polarity; raw=Positif; normalized=POSITIVE; Polarity normalized to POSITIVE.
info,TL Source to Contract 1,17,IMPACT,Strategic Project Delivery,enum_issue category=normalized; field=Period; raw=Triwulanan; normalized=TRIWULANAN; Period normalized to TRIWULANAN.
info,TL Source to Contract 1,21,IMPACT,Manpower productivity (Revenue per total manpower),enum_issue category=normalized; field=Polarity; raw=Negatif; normalized=NEGATIVE; Polarity normalized to NEGATIVE.
info,TL Source to Contract 1,21,IMPACT,Manpower productivity (Revenue per total manpower),enum_issue category=normalized; field=Period; raw=Triwulanan; normalized=TRIWULANAN; Period normalized to TRIWULANAN.
info,TL Source to Contract 1,12,OUTPUT,Indeks kepuasan vendor,enum_issue category=normalized; field=Period; raw=Tahunan; normalized=TAHUNAN; Period normalized to TAHUNAN.
info,TL Source to Contract 1,12,OUTPUT,Indeks kepuasan vendor,enum_issue category=normalized; field=Polarity; raw=Positif; normalized=POSITIVE; Polarity normalized to POSITIVE.
info,TL Source to Contract 1,17,OUTPUT,Roll-out fungsi ssc pelayanan pengadaan di entitas anak / cucu / cicit perusahaan Pelindo Group,enum_issue category=normalized; field=Period; raw=Semester; normalized=SEMESTER; Period normalized to SEMESTER.
info,TL Source to Contract 1,17,OUTPUT,Roll-out fungsi ssc pelayanan pengadaan di entitas anak / cucu / cicit perusahaan Pelindo Group,enum_issue category=normalized; field=Polarity; raw=Positif; normalized=POSITIVE; Polarity normalized to POSITIVE.
info,TL Source to Contract 1,18,OUTPUT,Pemenuhan terhadap metode SLA Proses Pemilihan Penyedia,enum_issue category=normalized; field=Period; raw=bulanan; normalized=BULANAN; Period normalized to BULANAN.
info,TL Source to Contract 1,18,OUTPUT,Pemenuhan terhadap metode SLA Proses Pemilihan Penyedia,enum_issue category=normalized; field=Polarity; raw=Positif; normalized=POSITIVE; Polarity normalized to POSITIVE.
info,TL Source to Contract 1,19,OUTPUT,Pembuatan Dashboard SSC Pengadaan untuk Layanan STC,enum_issue category=normalized; field=Period; raw=Semester; normalized=SEMESTER; Period normalized to SEMESTER.
info,TL Source to Contract 1,19,OUTPUT,Pembuatan Dashboard SSC Pengadaan untuk Layanan STC,enum_issue category=normalized; field=Polarity; raw=Positif; normalized=POSITIVE; Polarity normalized to POSITIVE.
info,TL Source to Contract 1,20,OUTPUT,Pemenuhan terhadap penyelesaian rancangan kontrak,enum_issue category=normalized; field=Period; raw=Bulanan; normalized=BULANAN; Period normalized to BULANAN.
info,TL Source to Contract 1,20,OUTPUT,Pemenuhan terhadap penyelesaian rancangan kontrak,enum_issue category=normalized; field=Polarity; raw=Positif; normalized=POSITIVE; Polarity normalized to POSITIVE.
info,TL Source to Contract 1,21,OUTPUT,"Tingkat pemenuhan tata kelola, manajemen risiko, dan kepatuhan internal (Penyelesaian Temuan Audit)",enum_issue category=normalized; field=Period; raw=Semester; normalized=SEMESTER; Period normalized to SEMESTER.
info,TL Source to Contract 1,21,OUTPUT,"Tingkat pemenuhan tata kelola, manajemen risiko, dan kepatuhan internal (Penyelesaian Temuan Audit)",enum_issue category=normalized; field=Polarity; raw=Positif; normalized=POSITIVE; Polarity normalized to POSITIVE.
info,TL Source to Contract 1,12,KAI,"Mengkoordinasikan, menjaga alignment, mengintegrasikan, dan mengkonsolidasikan pelaksanaan survei dan pengumpulan data kepuasan vendor",enum_issue category=normalized; field=Nature Of Work; raw=Non routine; normalized=Non Routine; KAI Nature normalized to Non Routine.
info,TL Source to Contract 1,17,KAI,"Mengkoordinasikan, menjaga alignment, mengintegrasikan, dan mengkonsolidasikan pelaksanaan roll-out fungsi ssc pelayanan pengadaan",enum_issue category=normalized; field=Nature Of Work; raw=Non routine; normalized=Non Routine; KAI Nature normalized to Non Routine.
warning,TL Source to Contract 1,17,KAI,"Mengkoordinasikan, menjaga alignment, mengintegrasikan, dan mengkonsolidasikan pelaksanaan roll-out fungsi ssc pelayanan pengadaan",KAI formula may not be percentage-based or is blank.
info,TL Source to Contract 1,19,KAI,"Mengkoordinasikan, menjaga alignment, mengintegrasikan, dan mengkonsolidasikan pelaksanaan pembuatan dashboard SSC Pengadaan",enum_issue category=normalized; field=Nature Of Work; raw=Non routine; normalized=Non Routine; KAI Nature normalized to Non Routine.
info,TL Source to Contract 1,21,KAI,"Mengkoordinasikan, menjaga alignment, mengintegrasikan, dan mengkonsolidasikan pelaksanaan penyelesaian temuan audit",enum_issue category=normalized; field=Nature Of Work; raw=Non routine; normalized=Non Routine; KAI Nature normalized to Non Routine.
warning,TL Source to Contract 1,,weight_audit,TL Source to Contract 1,Weight total not 100: level=impact; kpi_type=OUTPUT; parent=Manpower productivity (Revenue per total manpower); raw_total=5.0; output_total=5.0; cause=Raw Data Issue.
warning,TL Source to Contract 1,,weight_audit,TL Source to Contract 1,Weight total not 100: level=impact; kpi_type=OUTPUT; parent=Strategic Project Delivery; raw_total=90.0; output_total=90.0; cause=Raw Data Issue.
warning,TL Source to Contract 1,,weight_audit,TL Source to Contract 1,Weight total not 100: level=impact; kpi_type=OUTPUT; parent=Total Productivity; raw_total=5.0; output_total=5.0; cause=Raw Data Issue.
warning,TL Source to Contract 1,,weight_audit,TL Source to Contract 1,Weight total not 100: level=output; kpi_type=KAI; parent=Indeks kepuasan vendor; raw_total=5.0; output_total=5.0; cause=Raw Data Issue.
warning,TL Source to Contract 1,,weight_audit,TL Source to Contract 1,Weight total not 100: level=output; kpi_type=KAI; parent=Pembuatan Dashboard SSC Pengadaan untuk Layanan STC; raw_total=15.0; output_total=15.0; cause=Raw Data Issue.
warning,TL Source to Contract 1,,weight_audit,TL Source to Contract 1,Weight total not 100: level=output; kpi_type=KAI; parent=Pemenuhan terhadap metode SLA Proses Pemilihan Penyedia; raw_total=30.0; output_total=30.0; cause=Raw Data Issue.
warning,TL Source to Contract 1,,weight_audit,TL Source to Contract 1,Weight total not 100: level=output; kpi_type=KAI; parent=Pemenuhan terhadap penyelesaian rancangan kontrak; raw_total=30.0; output_total=30.0; cause=Raw Data Issue.
warning,TL Source to Contract 1,,weight_audit,TL Source to Contract 1,Weight total not 100: level=output; kpi_type=KAI; parent=Roll-out fungsi ssc pelayanan pengadaan di entitas anak / cucu / cicit perusahaan Pelindo Group; raw_total=15.0; output_total=15.0; cause=Raw Data Issue.
warning,TL Source to Contract 1,,weight_audit,TL Source to Contract 1,"Weight total not 100: level=output; kpi_type=KAI; parent=Tingkat pemenuhan tata kelola, manajemen risiko, dan kepatuhan internal (Penyelesaian Temuan Audit); raw_total=5.0; output_total=5.0; cause=Raw Data Issue."
info,TL Source to Contract 2,9,IMPACT,Net Income,enum_issue category=normalized; field=Polarity; raw=Positif; normalized=POSITIVE; Polarity normalized to POSITIVE.
info,TL Source to Contract 2,9,IMPACT,Net Income,enum_issue category=normalized; field=Period; raw=Triwulanan; normalized=TRIWULANAN; Period normalized to TRIWULANAN.
info,TL Source to Contract 2,10,IMPACT,(ROIC > WACC) x Inv.Capital,enum_issue category=normalized; field=Polarity; raw=Positif; normalized=POSITIVE; Polarity normalized to POSITIVE.
info,TL Source to Contract 2,10,IMPACT,(ROIC > WACC) x Inv.Capital,enum_issue category=normalized; field=Period; raw=Triwulanan; normalized=TRIWULANAN; Period normalized to TRIWULANAN.
info,TL Source to Contract 2,11,IMPACT,Traffic Volume,enum_issue category=normalized; field=Polarity; raw=Positif; normalized=POSITIVE; Polarity normalized to POSITIVE.
info,TL Source to Contract 2,11,IMPACT,Traffic Volume,enum_issue category=normalized; field=Period; raw=Triwulanan; normalized=TRIWULANAN; Period normalized to TRIWULANAN.
info,TL Source to Contract 2,12,IMPACT,Total Productivity,enum_issue category=normalized; field=Polarity; raw=Positif; normalized=POSITIVE; Polarity normalized to POSITIVE.
info,TL Source to Contract 2,12,IMPACT,Total Productivity,enum_issue category=normalized; field=Period; raw=Triwulanan; normalized=TRIWULANAN; Period normalized to TRIWULANAN.
info,TL Source to Contract 2,13,IMPACT,Lost Time Injury Frequency Rate (LTIFR),enum_issue category=normalized; field=Polarity; raw=Negatif; normalized=NEGATIVE; Polarity normalized to NEGATIVE.
info,TL Source to Contract 2,13,IMPACT,Lost Time Injury Frequency Rate (LTIFR),enum_issue category=normalized; field=Period; raw=Triwulanan; normalized=TRIWULANAN; Period normalized to TRIWULANAN.
info,TL Source to Contract 2,14,IMPACT,Pengembangan Ekosistem Bali Maritime Tourism Hub (BMTH),enum_issue category=normalized; field=Polarity; raw=Positif; normalized=POSITIVE; Polarity normalized to POSITIVE.
info,TL Source to Contract 2,14,IMPACT,Pengembangan Ekosistem Bali Maritime Tourism Hub (BMTH),enum_issue category=normalized; field=Period; raw=Triwulanan; normalized=TRIWULANAN; Period normalized to TRIWULANAN.
info,TL Source to Contract 2,15,IMPACT,Number of KRI exceeding its risk tolerance limit,enum_issue category=normalized; field=Polarity; raw=Positif; normalized=POSITIVE; Polarity normalized to POSITIVE.
info,TL Source to Contract 2,15,IMPACT,Number of KRI exceeding its risk tolerance limit,enum_issue category=normalized; field=Period; raw=Triwulanan; normalized=TRIWULANAN; Period normalized to TRIWULANAN.
info,TL Source to Contract 2,16,IMPACT,ESG Rating,enum_issue category=normalized; field=Polarity; raw=Positif; normalized=POSITIVE; Polarity normalized to POSITIVE.
info,TL Source to Contract 2,16,IMPACT,ESG Rating,enum_issue category=normalized; field=Period; raw=Tahunan; normalized=TAHUNAN; Period normalized to TAHUNAN.
info,TL Source to Contract 2,17,IMPACT,Strategic Project Delivery,enum_issue category=normalized; field=Polarity; raw=Positif; normalized=POSITIVE; Polarity normalized to POSITIVE.
info,TL Source to Contract 2,17,IMPACT,Strategic Project Delivery,enum_issue category=normalized; field=Period; raw=Triwulanan; normalized=TRIWULANAN; Period normalized to TRIWULANAN.
info,TL Source to Contract 2,21,IMPACT,Manpower productivity (Revenue per total manpower),enum_issue category=normalized; field=Polarity; raw=Negatif; normalized=NEGATIVE; Polarity normalized to NEGATIVE.
info,TL Source to Contract 2,21,IMPACT,Manpower productivity (Revenue per total manpower),enum_issue category=normalized; field=Period; raw=Triwulanan; normalized=TRIWULANAN; Period normalized to TRIWULANAN.
info,TL Source to Contract 2,12,OUTPUT,Indeks kepuasan vendor,enum_issue category=normalized; field=Period; raw=Tahunan; normalized=TAHUNAN; Period normalized to TAHUNAN.
info,TL Source to Contract 2,12,OUTPUT,Indeks kepuasan vendor,enum_issue category=normalized; field=Polarity; raw=Positif; normalized=POSITIVE; Polarity normalized to POSITIVE.
info,TL Source to Contract 2,17,OUTPUT,Roll-out fungsi ssc pelayanan pengadaan di entitas anak / cucu / cicit perusahaan Pelindo Group,enum_issue category=normalized; field=Period; raw=Semester; normalized=SEMESTER; Period normalized to SEMESTER.
info,TL Source to Contract 2,17,OUTPUT,Roll-out fungsi ssc pelayanan pengadaan di entitas anak / cucu / cicit perusahaan Pelindo Group,enum_issue category=normalized; field=Polarity; raw=Positif; normalized=POSITIVE; Polarity normalized to POSITIVE.
info,TL Source to Contract 2,18,OUTPUT,Pemenuhan terhadap metode SLA Proses Pemilihan Penyedia,enum_issue category=normalized; field=Period; raw=bulanan; normalized=BULANAN; Period normalized to BULANAN.
info,TL Source to Contract 2,18,OUTPUT,Pemenuhan terhadap metode SLA Proses Pemilihan Penyedia,enum_issue category=normalized; field=Polarity; raw=Positif; normalized=POSITIVE; Polarity normalized to POSITIVE.
info,TL Source to Contract 2,19,OUTPUT,Pembuatan Dashboard SSC Pengadaan untuk Layanan STC,enum_issue category=normalized; field=Period; raw=Semester; normalized=SEMESTER; Period normalized to SEMESTER.
info,TL Source to Contract 2,19,OUTPUT,Pembuatan Dashboard SSC Pengadaan untuk Layanan STC,enum_issue category=normalized; field=Polarity; raw=Positif; normalized=POSITIVE; Polarity normalized to POSITIVE.
info,TL Source to Contract 2,20,OUTPUT,Pemenuhan terhadap penyelesaian rancangan kontrak,enum_issue category=normalized; field=Period; raw=Bulanan; normalized=BULANAN; Period normalized to BULANAN.
info,TL Source to Contract 2,20,OUTPUT,Pemenuhan terhadap penyelesaian rancangan kontrak,enum_issue category=normalized; field=Polarity; raw=Positif; normalized=POSITIVE; Polarity normalized to POSITIVE.
info,TL Source to Contract 2,21,OUTPUT,"Tingkat pemenuhan tata kelola, manajemen risiko, dan kepatuhan internal (Penyelesaian Temuan Audit)",enum_issue category=normalized; field=Period; raw=Semester; normalized=SEMESTER; Period normalized to SEMESTER.
info,TL Source to Contract 2,21,OUTPUT,"Tingkat pemenuhan tata kelola, manajemen risiko, dan kepatuhan internal (Penyelesaian Temuan Audit)",enum_issue category=normalized; field=Polarity; raw=Positif; normalized=POSITIVE; Polarity normalized to POSITIVE.
info,TL Source to Contract 2,12,KAI,"Mengkoordinasikan, menjaga alignment, mengintegrasikan, dan mengkonsolidasikan pelaksanaan survei dan pengumpulan data kepuasan vendor",enum_issue category=normalized; field=Nature Of Work; raw=Non routine; normalized=Non Routine; KAI Nature normalized to Non Routine.
info,TL Source to Contract 2,17,KAI,"Mengkoordinasikan, menjaga alignment, mengintegrasikan, dan mengkonsolidasikan pelaksanaan roll-out fungsi ssc pelayanan pengadaan",enum_issue category=normalized; field=Nature Of Work; raw=Non routine; normalized=Non Routine; KAI Nature normalized to Non Routine.
warning,TL Source to Contract 2,17,KAI,"Mengkoordinasikan, menjaga alignment, mengintegrasikan, dan mengkonsolidasikan pelaksanaan roll-out fungsi ssc pelayanan pengadaan",KAI formula may not be percentage-based or is blank.
info,TL Source to Contract 2,19,KAI,"Mengkoordinasikan, menjaga alignment, mengintegrasikan, dan mengkonsolidasikan pelaksanaan pembuatan dashboard SSC Pengadaan",enum_issue category=normalized; field=Nature Of Work; raw=Non routine; normalized=Non Routine; KAI Nature normalized to Non Routine.
info,TL Source to Contract 2,21,KAI,"Mengkoordinasikan, menjaga alignment, mengintegrasikan, dan mengkonsolidasikan pelaksanaan penyelesaian temuan audit",enum_issue category=normalized; field=Nature Of Work; raw=Non routine; normalized=Non Routine; KAI Nature normalized to Non Routine.
warning,TL Source to Contract 2,,weight_audit,TL Source to Contract 2,Weight total not 100: level=impact; kpi_type=OUTPUT; parent=Manpower productivity (Revenue per total manpower); raw_total=5.0; output_total=5.0; cause=Raw Data Issue.
warning,TL Source to Contract 2,,weight_audit,TL Source to Contract 2,Weight total not 100: level=impact; kpi_type=OUTPUT; parent=Strategic Project Delivery; raw_total=90.0; output_total=90.0; cause=Raw Data Issue.
warning,TL Source to Contract 2,,weight_audit,TL Source to Contract 2,Weight total not 100: level=impact; kpi_type=OUTPUT; parent=Total Productivity; raw_total=5.0; output_total=5.0; cause=Raw Data Issue.
warning,TL Source to Contract 2,,weight_audit,TL Source to Contract 2,Weight total not 100: level=output; kpi_type=KAI; parent=Indeks kepuasan vendor; raw_total=5.0; output_total=5.0; cause=Raw Data Issue.
warning,TL Source to Contract 2,,weight_audit,TL Source to Contract 2,Weight total not 100: level=output; kpi_type=KAI; parent=Pembuatan Dashboard SSC Pengadaan untuk Layanan STC; raw_total=15.0; output_total=15.0; cause=Raw Data Issue.
warning,TL Source to Contract 2,,weight_audit,TL Source to Contract 2,Weight total not 100: level=output; kpi_type=KAI; parent=Pemenuhan terhadap metode SLA Proses Pemilihan Penyedia; raw_total=30.0; output_total=30.0; cause=Raw Data Issue.
warning,TL Source to Contract 2,,weight_audit,TL Source to Contract 2,Weight total not 100: level=output; kpi_type=KAI; parent=Pemenuhan terhadap penyelesaian rancangan kontrak; raw_total=30.0; output_total=30.0; cause=Raw Data Issue.
warning,TL Source to Contract 2,,weight_audit,TL Source to Contract 2,Weight total not 100: level=output; kpi_type=KAI; parent=Roll-out fungsi ssc pelayanan pengadaan di entitas anak / cucu / cicit perusahaan Pelindo Group; raw_total=15.0; output_total=15.0; cause=Raw Data Issue.
warning,TL Source to Contract 2,,weight_audit,TL Source to Contract 2,"Weight total not 100: level=output; kpi_type=KAI; parent=Tingkat pemenuhan tata kelola, manajemen risiko, dan kepatuhan internal (Penyelesaian Temuan Audit); raw_total=5.0; output_total=5.0; cause=Raw Data Issue."
info,TL Procure to Order,9,IMPACT,Net Income,enum_issue category=normalized; field=Polarity; raw=Positif; normalized=POSITIVE; Polarity normalized to POSITIVE.
info,TL Procure to Order,9,IMPACT,Net Income,enum_issue category=normalized; field=Period; raw=Triwulanan; normalized=TRIWULANAN; Period normalized to TRIWULANAN.
info,TL Procure to Order,10,IMPACT,(ROIC > WACC) x Inv.Capital,enum_issue category=normalized; field=Polarity; raw=Positif; normalized=POSITIVE; Polarity normalized to POSITIVE.
info,TL Procure to Order,10,IMPACT,(ROIC > WACC) x Inv.Capital,enum_issue category=normalized; field=Period; raw=Triwulanan; normalized=TRIWULANAN; Period normalized to TRIWULANAN.
info,TL Procure to Order,11,IMPACT,Traffic Volume,enum_issue category=normalized; field=Polarity; raw=Positif; normalized=POSITIVE; Polarity normalized to POSITIVE.
info,TL Procure to Order,11,IMPACT,Traffic Volume,enum_issue category=normalized; field=Period; raw=Triwulanan; normalized=TRIWULANAN; Period normalized to TRIWULANAN.
info,TL Procure to Order,12,IMPACT,Total Productivity,enum_issue category=normalized; field=Polarity; raw=Positif; normalized=POSITIVE; Polarity normalized to POSITIVE.
info,TL Procure to Order,12,IMPACT,Total Productivity,enum_issue category=normalized; field=Period; raw=Triwulanan; normalized=TRIWULANAN; Period normalized to TRIWULANAN.
info,TL Procure to Order,13,IMPACT,Lost Time Injury Frequency Rate (LTIFR),enum_issue category=normalized; field=Polarity; raw=Negatif; normalized=NEGATIVE; Polarity normalized to NEGATIVE.
info,TL Procure to Order,13,IMPACT,Lost Time Injury Frequency Rate (LTIFR),enum_issue category=normalized; field=Period; raw=Triwulanan; normalized=TRIWULANAN; Period normalized to TRIWULANAN.
info,TL Procure to Order,14,IMPACT,Pengembangan Ekosistem Bali Maritime Tourism Hub (BMTH),enum_issue category=normalized; field=Polarity; raw=Positif; normalized=POSITIVE; Polarity normalized to POSITIVE.
info,TL Procure to Order,14,IMPACT,Pengembangan Ekosistem Bali Maritime Tourism Hub (BMTH),enum_issue category=normalized; field=Period; raw=Triwulanan; normalized=TRIWULANAN; Period normalized to TRIWULANAN.
info,TL Procure to Order,15,IMPACT,Number of KRI exceeding its risk tolerance limit,enum_issue category=normalized; field=Polarity; raw=Positif; normalized=POSITIVE; Polarity normalized to POSITIVE.
info,TL Procure to Order,15,IMPACT,Number of KRI exceeding its risk tolerance limit,enum_issue category=normalized; field=Period; raw=Triwulanan; normalized=TRIWULANAN; Period normalized to TRIWULANAN.
info,TL Procure to Order,16,IMPACT,ESG Rating,enum_issue category=normalized; field=Polarity; raw=Positif; normalized=POSITIVE; Polarity normalized to POSITIVE.
info,TL Procure to Order,16,IMPACT,ESG Rating,enum_issue category=normalized; field=Period; raw=Tahunan; normalized=TAHUNAN; Period normalized to TAHUNAN.
info,TL Procure to Order,17,IMPACT,Strategic Project Delivery,enum_issue category=normalized; field=Polarity; raw=Positif; normalized=POSITIVE; Polarity normalized to POSITIVE.
info,TL Procure to Order,17,IMPACT,Strategic Project Delivery,enum_issue category=normalized; field=Period; raw=Triwulanan; normalized=TRIWULANAN; Period normalized to TRIWULANAN.
info,TL Procure to Order,19,IMPACT,Manpower productivity (Revenue per total manpower),enum_issue category=normalized; field=Polarity; raw=Negatif; normalized=NEGATIVE; Polarity normalized to NEGATIVE.
info,TL Procure to Order,19,IMPACT,Manpower productivity (Revenue per total manpower),enum_issue category=normalized; field=Period; raw=Triwulanan; normalized=TRIWULANAN; Period normalized to TRIWULANAN.
info,TL Procure to Order,12,OUTPUT,Indeks kepuasan vendor,enum_issue category=normalized; field=Period; raw=Tahunan; normalized=TAHUNAN; Period normalized to TAHUNAN.
info,TL Procure to Order,12,OUTPUT,Indeks kepuasan vendor,enum_issue category=normalized; field=Polarity; raw=Positif; normalized=POSITIVE; Polarity normalized to POSITIVE.
info,TL Procure to Order,17,OUTPUT,Roll-out fungsi ssc pelayanan pengadaan di entitas anak / cucu / cicit perusahaan Pelindo Group,enum_issue category=normalized; field=Period; raw=Semester; normalized=SEMESTER; Period normalized to SEMESTER.
info,TL Procure to Order,17,OUTPUT,Roll-out fungsi ssc pelayanan pengadaan di entitas anak / cucu / cicit perusahaan Pelindo Group,enum_issue category=normalized; field=Polarity; raw=Positif; normalized=POSITIVE; Polarity normalized to POSITIVE.
info,TL Procure to Order,18,OUTPUT,Pemenuhan terhadap SLA Penerbitan PO/OA,enum_issue category=normalized; field=Period; raw=bulanan; normalized=BULANAN; Period normalized to BULANAN.
info,TL Procure to Order,18,OUTPUT,Pemenuhan terhadap SLA Penerbitan PO/OA,enum_issue category=normalized; field=Polarity; raw=Positif; normalized=POSITIVE; Polarity normalized to POSITIVE.
info,TL Procure to Order,19,OUTPUT,"Tingkat pemenuhan tata kelola, manajemen risiko, dan kepatuhan internal (Penyelesaian Temuan Audit)",enum_issue category=normalized; field=Period; raw=Semester; normalized=SEMESTER; Period normalized to SEMESTER.
info,TL Procure to Order,19,OUTPUT,"Tingkat pemenuhan tata kelola, manajemen risiko, dan kepatuhan internal (Penyelesaian Temuan Audit)",enum_issue category=normalized; field=Polarity; raw=Positif; normalized=POSITIVE; Polarity normalized to POSITIVE.
info,TL Procure to Order,12,KAI,"Mengkoordinasikan, menjaga alignment, mengintegrasikan, dan mengkonsolidasikan pelaksanaan survei dan pengumpulan data kepuasan vendor",enum_issue category=normalized; field=Nature Of Work; raw=Non routine; normalized=Non Routine; KAI Nature normalized to Non Routine.
info,TL Procure to Order,17,KAI,"Mengkoordinasikan, menjaga alignment, mengintegrasikan, dan mengkonsolidasikan pelaksanaan roll-out fungsi ssc pelayanan pengadaan",enum_issue category=normalized; field=Nature Of Work; raw=Non routine; normalized=Non Routine; KAI Nature normalized to Non Routine.
warning,TL Procure to Order,17,KAI,"Mengkoordinasikan, menjaga alignment, mengintegrasikan, dan mengkonsolidasikan pelaksanaan roll-out fungsi ssc pelayanan pengadaan",KAI formula may not be percentage-based or is blank.
info,TL Procure to Order,19,KAI,"Mengkoordinasikan, menjaga alignment, mengintegrasikan, dan mengkonsolidasikan pelaksanaan penyelesaian temuan audit",enum_issue category=normalized; field=Nature Of Work; raw=Non routine; normalized=Non Routine; KAI Nature normalized to Non Routine.
warning,TL Procure to Order,,weight_audit,TL Procure to Order,Weight total not 100: level=impact; kpi_type=OUTPUT; parent=Manpower productivity (Revenue per total manpower); raw_total=10.0; output_total=10.0; cause=Raw Data Issue.
warning,TL Procure to Order,,weight_audit,TL Procure to Order,Weight total not 100: level=impact; kpi_type=OUTPUT; parent=Strategic Project Delivery; raw_total=70.0; output_total=70.0; cause=Raw Data Issue.
warning,TL Procure to Order,,weight_audit,TL Procure to Order,Weight total not 100: level=impact; kpi_type=OUTPUT; parent=Total Productivity; raw_total=20.0; output_total=20.0; cause=Raw Data Issue.
warning,TL Procure to Order,,weight_audit,TL Procure to Order,Weight total not 100: level=output; kpi_type=KAI; parent=Indeks kepuasan vendor; raw_total=20.0; output_total=20.0; cause=Raw Data Issue.
warning,TL Procure to Order,,weight_audit,TL Procure to Order,Weight total not 100: level=output; kpi_type=KAI; parent=Pemenuhan terhadap SLA Penerbitan PO/OA; raw_total=40.0; output_total=40.0; cause=Raw Data Issue.
warning,TL Procure to Order,,weight_audit,TL Procure to Order,Weight total not 100: level=output; kpi_type=KAI; parent=Roll-out fungsi ssc pelayanan pengadaan di entitas anak / cucu / cicit perusahaan Pelindo Group; raw_total=30.0; output_total=30.0; cause=Raw Data Issue.
warning,TL Procure to Order,,weight_audit,TL Procure to Order,"Weight total not 100: level=output; kpi_type=KAI; parent=Tingkat pemenuhan tata kelola, manajemen risiko, dan kepatuhan internal (Penyelesaian Temuan Audit); raw_total=10.0; output_total=10.0; cause=Raw Data Issue."
info,Officer Procure to Order,9,IMPACT,Net Income,enum_issue category=normalized; field=Polarity; raw=Positif; normalized=POSITIVE; Polarity normalized to POSITIVE.
info,Officer Procure to Order,9,IMPACT,Net Income,enum_issue category=normalized; field=Period; raw=Triwulanan; normalized=TRIWULANAN; Period normalized to TRIWULANAN.
info,Officer Procure to Order,10,IMPACT,(ROIC > WACC) x Inv.Capital,enum_issue category=normalized; field=Polarity; raw=Positif; normalized=POSITIVE; Polarity normalized to POSITIVE.
info,Officer Procure to Order,10,IMPACT,(ROIC > WACC) x Inv.Capital,enum_issue category=normalized; field=Period; raw=Triwulanan; normalized=TRIWULANAN; Period normalized to TRIWULANAN.
info,Officer Procure to Order,11,IMPACT,Traffic Volume,enum_issue category=normalized; field=Polarity; raw=Positif; normalized=POSITIVE; Polarity normalized to POSITIVE.
info,Officer Procure to Order,11,IMPACT,Traffic Volume,enum_issue category=normalized; field=Period; raw=Triwulanan; normalized=TRIWULANAN; Period normalized to TRIWULANAN.
info,Officer Procure to Order,12,IMPACT,Total Productivity,enum_issue category=normalized; field=Polarity; raw=Positif; normalized=POSITIVE; Polarity normalized to POSITIVE.
info,Officer Procure to Order,12,IMPACT,Total Productivity,enum_issue category=normalized; field=Period; raw=Triwulanan; normalized=TRIWULANAN; Period normalized to TRIWULANAN.
info,Officer Procure to Order,13,IMPACT,Lost Time Injury Frequency Rate (LTIFR),enum_issue category=normalized; field=Polarity; raw=Negatif; normalized=NEGATIVE; Polarity normalized to NEGATIVE.
info,Officer Procure to Order,13,IMPACT,Lost Time Injury Frequency Rate (LTIFR),enum_issue category=normalized; field=Period; raw=Triwulanan; normalized=TRIWULANAN; Period normalized to TRIWULANAN.
info,Officer Procure to Order,14,IMPACT,Pengembangan Ekosistem Bali Maritime Tourism Hub (BMTH),enum_issue category=normalized; field=Polarity; raw=Positif; normalized=POSITIVE; Polarity normalized to POSITIVE.
info,Officer Procure to Order,14,IMPACT,Pengembangan Ekosistem Bali Maritime Tourism Hub (BMTH),enum_issue category=normalized; field=Period; raw=Triwulanan; normalized=TRIWULANAN; Period normalized to TRIWULANAN.
info,Officer Procure to Order,15,IMPACT,Number of KRI exceeding its risk tolerance limit,enum_issue category=normalized; field=Polarity; raw=Positif; normalized=POSITIVE; Polarity normalized to POSITIVE.
info,Officer Procure to Order,15,IMPACT,Number of KRI exceeding its risk tolerance limit,enum_issue category=normalized; field=Period; raw=Triwulanan; normalized=TRIWULANAN; Period normalized to TRIWULANAN.
info,Officer Procure to Order,16,IMPACT,ESG Rating,enum_issue category=normalized; field=Polarity; raw=Positif; normalized=POSITIVE; Polarity normalized to POSITIVE.
info,Officer Procure to Order,16,IMPACT,ESG Rating,enum_issue category=normalized; field=Period; raw=Tahunan; normalized=TAHUNAN; Period normalized to TAHUNAN.
info,Officer Procure to Order,17,IMPACT,Strategic Project Delivery,enum_issue category=normalized; field=Polarity; raw=Positif; normalized=POSITIVE; Polarity normalized to POSITIVE.
info,Officer Procure to Order,17,IMPACT,Strategic Project Delivery,enum_issue category=normalized; field=Period; raw=Triwulanan; normalized=TRIWULANAN; Period normalized to TRIWULANAN.
info,Officer Procure to Order,19,IMPACT,Manpower productivity (Revenue per total manpower),enum_issue category=normalized; field=Polarity; raw=Negatif; normalized=NEGATIVE; Polarity normalized to NEGATIVE.
info,Officer Procure to Order,19,IMPACT,Manpower productivity (Revenue per total manpower),enum_issue category=normalized; field=Period; raw=Triwulanan; normalized=TRIWULANAN; Period normalized to TRIWULANAN.
info,Officer Procure to Order,12,OUTPUT,Indeks kepuasan vendor,enum_issue category=normalized; field=Period; raw=Tahunan; normalized=TAHUNAN; Period normalized to TAHUNAN.
info,Officer Procure to Order,12,OUTPUT,Indeks kepuasan vendor,enum_issue category=normalized; field=Polarity; raw=Positif; normalized=POSITIVE; Polarity normalized to POSITIVE.
info,Officer Procure to Order,17,OUTPUT,Roll-out fungsi ssc pelayanan pengadaan di entitas anak / cucu / cicit perusahaan Pelindo Group,enum_issue category=normalized; field=Period; raw=Semester; normalized=SEMESTER; Period normalized to SEMESTER.
info,Officer Procure to Order,17,OUTPUT,Roll-out fungsi ssc pelayanan pengadaan di entitas anak / cucu / cicit perusahaan Pelindo Group,enum_issue category=normalized; field=Polarity; raw=Positif; normalized=POSITIVE; Polarity normalized to POSITIVE.
info,Officer Procure to Order,18,OUTPUT,Pemenuhan terhadap SLA Penerbitan PO/OA,enum_issue category=normalized; field=Period; raw=bulanan; normalized=BULANAN; Period normalized to BULANAN.
info,Officer Procure to Order,18,OUTPUT,Pemenuhan terhadap SLA Penerbitan PO/OA,enum_issue category=normalized; field=Polarity; raw=Positif; normalized=POSITIVE; Polarity normalized to POSITIVE.
info,Officer Procure to Order,19,OUTPUT,"Tingkat pemenuhan tata kelola, manajemen risiko, dan kepatuhan internal (Penyelesaian Temuan Audit)",enum_issue category=normalized; field=Period; raw=Semester; normalized=SEMESTER; Period normalized to SEMESTER.
info,Officer Procure to Order,19,OUTPUT,"Tingkat pemenuhan tata kelola, manajemen risiko, dan kepatuhan internal (Penyelesaian Temuan Audit)",enum_issue category=normalized; field=Polarity; raw=Positif; normalized=POSITIVE; Polarity normalized to POSITIVE.
info,Officer Procure to Order,12,KAI,"Mengkoordinasikan, menjaga alignment, mengintegrasikan, dan mengkonsolidasikan pelaksanaan survei dan pengumpulan data kepuasan vendor",enum_issue category=normalized; field=Nature Of Work; raw=Non routine; normalized=Non Routine; KAI Nature normalized to Non Routine.
info,Officer Procure to Order,17,KAI,"Mengkoordinasikan, menjaga alignment, mengintegrasikan, dan mengkonsolidasikan pelaksanaan roll-out fungsi ssc pelayanan pengadaan",enum_issue category=normalized; field=Nature Of Work; raw=Non routine; normalized=Non Routine; KAI Nature normalized to Non Routine.
warning,Officer Procure to Order,17,KAI,"Mengkoordinasikan, menjaga alignment, mengintegrasikan, dan mengkonsolidasikan pelaksanaan roll-out fungsi ssc pelayanan pengadaan",KAI formula may not be percentage-based or is blank.
info,Officer Procure to Order,19,KAI,"Mengkoordinasikan, menjaga alignment, mengintegrasikan, dan mengkonsolidasikan pelaksanaan penyelesaian temuan audit",enum_issue category=normalized; field=Nature Of Work; raw=Non routine; normalized=Non Routine; KAI Nature normalized to Non Routine.
warning,Officer Procure to Order,,weight_audit,Officer Procure to Order,Weight total not 100: level=impact; kpi_type=OUTPUT; parent=Manpower productivity (Revenue per total manpower); raw_total=10.0; output_total=10.0; cause=Raw Data Issue.
warning,Officer Procure to Order,,weight_audit,Officer Procure to Order,Weight total not 100: level=impact; kpi_type=OUTPUT; parent=Strategic Project Delivery; raw_total=70.0; output_total=70.0; cause=Raw Data Issue.
warning,Officer Procure to Order,,weight_audit,Officer Procure to Order,Weight total not 100: level=impact; kpi_type=OUTPUT; parent=Total Productivity; raw_total=20.0; output_total=20.0; cause=Raw Data Issue.
warning,Officer Procure to Order,,weight_audit,Officer Procure to Order,Weight total not 100: level=output; kpi_type=KAI; parent=Indeks kepuasan vendor; raw_total=20.0; output_total=20.0; cause=Raw Data Issue.
warning,Officer Procure to Order,,weight_audit,Officer Procure to Order,Weight total not 100: level=output; kpi_type=KAI; parent=Pemenuhan terhadap SLA Penerbitan PO/OA; raw_total=45.0; output_total=45.0; cause=Raw Data Issue.
warning,Officer Procure to Order,,weight_audit,Officer Procure to Order,Weight total not 100: level=output; kpi_type=KAI; parent=Roll-out fungsi ssc pelayanan pengadaan di entitas anak / cucu / cicit perusahaan Pelindo Group; raw_total=25.0; output_total=25.0; cause=Raw Data Issue.
warning,Officer Procure to Order,,weight_audit,Officer Procure to Order,"Weight total not 100: level=output; kpi_type=KAI; parent=Tingkat pemenuhan tata kelola, manajemen risiko, dan kepatuhan internal (Penyelesaian Temuan Audit); raw_total=10.0; output_total=10.0; cause=Raw Data Issue."
info,Team Lead Procurement Support,9,IMPACT,Net Income,enum_issue category=normalized; field=Polarity; raw=Positif; normalized=POSITIVE; Polarity normalized to POSITIVE.
info,Team Lead Procurement Support,9,IMPACT,Net Income,enum_issue category=normalized; field=Period; raw=Triwulanan; normalized=TRIWULANAN; Period normalized to TRIWULANAN.
info,Team Lead Procurement Support,10,IMPACT,(ROIC > WACC) x Inv.Capital,enum_issue category=normalized; field=Polarity; raw=Positif; normalized=POSITIVE; Polarity normalized to POSITIVE.
info,Team Lead Procurement Support,10,IMPACT,(ROIC > WACC) x Inv.Capital,enum_issue category=normalized; field=Period; raw=Triwulanan; normalized=TRIWULANAN; Period normalized to TRIWULANAN.
info,Team Lead Procurement Support,11,IMPACT,Traffic Volume,enum_issue category=normalized; field=Polarity; raw=Positif; normalized=POSITIVE; Polarity normalized to POSITIVE.
info,Team Lead Procurement Support,11,IMPACT,Traffic Volume,enum_issue category=normalized; field=Period; raw=Triwulanan; normalized=TRIWULANAN; Period normalized to TRIWULANAN.
info,Team Lead Procurement Support,12,IMPACT,Total Productivity,enum_issue category=normalized; field=Polarity; raw=Positif; normalized=POSITIVE; Polarity normalized to POSITIVE.
info,Team Lead Procurement Support,12,IMPACT,Total Productivity,enum_issue category=normalized; field=Period; raw=Triwulanan; normalized=TRIWULANAN; Period normalized to TRIWULANAN.
info,Team Lead Procurement Support,14,IMPACT,Lost Time Injury Frequency Rate (LTIFR),enum_issue category=normalized; field=Polarity; raw=Negatif; normalized=NEGATIVE; Polarity normalized to NEGATIVE.
info,Team Lead Procurement Support,14,IMPACT,Lost Time Injury Frequency Rate (LTIFR),enum_issue category=normalized; field=Period; raw=Triwulanan; normalized=TRIWULANAN; Period normalized to TRIWULANAN.
info,Team Lead Procurement Support,15,IMPACT,Pengembangan Ekosistem Bali Maritime Tourism Hub (BMTH),enum_issue category=normalized; field=Polarity; raw=Positif; normalized=POSITIVE; Polarity normalized to POSITIVE.
info,Team Lead Procurement Support,15,IMPACT,Pengembangan Ekosistem Bali Maritime Tourism Hub (BMTH),enum_issue category=normalized; field=Period; raw=Triwulanan; normalized=TRIWULANAN; Period normalized to TRIWULANAN.
info,Team Lead Procurement Support,16,IMPACT,Number of KRI exceeding its risk tolerance limit,enum_issue category=normalized; field=Polarity; raw=Positif; normalized=POSITIVE; Polarity normalized to POSITIVE.
info,Team Lead Procurement Support,16,IMPACT,Number of KRI exceeding its risk tolerance limit,enum_issue category=normalized; field=Period; raw=Triwulanan; normalized=TRIWULANAN; Period normalized to TRIWULANAN.
info,Team Lead Procurement Support,17,IMPACT,ESG Rating,enum_issue category=normalized; field=Polarity; raw=Positif; normalized=POSITIVE; Polarity normalized to POSITIVE.
info,Team Lead Procurement Support,17,IMPACT,ESG Rating,enum_issue category=normalized; field=Period; raw=Tahunan; normalized=TAHUNAN; Period normalized to TAHUNAN.
info,Team Lead Procurement Support,18,IMPACT,Strategic Project Delivery,enum_issue category=normalized; field=Polarity; raw=Positif; normalized=POSITIVE; Polarity normalized to POSITIVE.
info,Team Lead Procurement Support,18,IMPACT,Strategic Project Delivery,enum_issue category=normalized; field=Period; raw=Triwulanan; normalized=TRIWULANAN; Period normalized to TRIWULANAN.
info,Team Lead Procurement Support,21,IMPACT,Manpower productivity (Revenue per total manpower),enum_issue category=normalized; field=Polarity; raw=Negatif; normalized=NEGATIVE; Polarity normalized to NEGATIVE.
info,Team Lead Procurement Support,21,IMPACT,Manpower productivity (Revenue per total manpower),enum_issue category=normalized; field=Period; raw=Triwulanan; normalized=TRIWULANAN; Period normalized to TRIWULANAN.
info,Team Lead Procurement Support,11,OUTPUT,Pengadaan melalui PADI UMKM (Pelindo Group),enum_issue category=normalized; field=Period; raw=Tahunan; normalized=TAHUNAN; Period normalized to TAHUNAN.
info,Team Lead Procurement Support,11,OUTPUT,Pengadaan melalui PADI UMKM (Pelindo Group),enum_issue category=normalized; field=Polarity; raw=Positif; normalized=POSITIVE; Polarity normalized to POSITIVE.
info,Team Lead Procurement Support,12,OUTPUT,Indeks kepuasan vendor,enum_issue category=normalized; field=Period; raw=Tahunan; normalized=TAHUNAN; Period normalized to TAHUNAN.
info,Team Lead Procurement Support,12,OUTPUT,Indeks kepuasan vendor,enum_issue category=normalized; field=Polarity; raw=Positif; normalized=POSITIVE; Polarity normalized to POSITIVE.
info,Team Lead Procurement Support,13,OUTPUT,Pembuatan Laporan PaDi,enum_issue category=normalized; field=Period; raw=bulanan; normalized=BULANAN; Period normalized to BULANAN.
info,Team Lead Procurement Support,13,OUTPUT,Pembuatan Laporan PaDi,enum_issue category=normalized; field=Polarity; raw=Positif; normalized=POSITIVE; Polarity normalized to POSITIVE.
info,Team Lead Procurement Support,18,OUTPUT,Roll-out fungsi ssc pelayanan pengadaan di entitas anak / cucu / cicit perusahaan Pelindo Group,enum_issue category=normalized; field=Period; raw=Semester; normalized=SEMESTER; Period normalized to SEMESTER.
info,Team Lead Procurement Support,18,OUTPUT,Roll-out fungsi ssc pelayanan pengadaan di entitas anak / cucu / cicit perusahaan Pelindo Group,enum_issue category=normalized; field=Polarity; raw=Positif; normalized=POSITIVE; Polarity normalized to POSITIVE.
info,Team Lead Procurement Support,19,OUTPUT,Pemenuhan terhadap SLA Register/Update Master Data,enum_issue category=normalized; field=Period; raw=bulanan; normalized=BULANAN; Period normalized to BULANAN.
info,Team Lead Procurement Support,19,OUTPUT,Pemenuhan terhadap SLA Register/Update Master Data,enum_issue category=normalized; field=Polarity; raw=Positif; normalized=POSITIVE; Polarity normalized to POSITIVE.
info,Team Lead Procurement Support,20,OUTPUT,Pembuatan Laporan pengadaan barang dan jasa,enum_issue category=normalized; field=Period; raw=bulanan; normalized=BULANAN; Period normalized to BULANAN.
info,Team Lead Procurement Support,20,OUTPUT,Pembuatan Laporan pengadaan barang dan jasa,enum_issue category=normalized; field=Polarity; raw=Positif; normalized=POSITIVE; Polarity normalized to POSITIVE.
info,Team Lead Procurement Support,21,OUTPUT,"Tingkat pemenuhan tata kelola, manajemen risiko, dan kepatuhan internal (Penyelesaian Temuan Audit)",enum_issue category=normalized; field=Period; raw=Semester; normalized=SEMESTER; Period normalized to SEMESTER.
info,Team Lead Procurement Support,21,OUTPUT,"Tingkat pemenuhan tata kelola, manajemen risiko, dan kepatuhan internal (Penyelesaian Temuan Audit)",enum_issue category=normalized; field=Polarity; raw=Positif; normalized=POSITIVE; Polarity normalized to POSITIVE.
info,Team Lead Procurement Support,11,KAI,"Mengkoordinasikan, menjaga alignment, mengintegrasikan, dan mengkonsolidasikan pelaksanaan pengadaan melalui PADI UMKM",enum_issue category=normalized; field=Nature Of Work; raw=Non routine; normalized=Non Routine; KAI Nature normalized to Non Routine.
warning,Team Lead Procurement Support,11,KAI,"Mengkoordinasikan, menjaga alignment, mengintegrasikan, dan mengkonsolidasikan pelaksanaan pengadaan melalui PADI UMKM",KAI formula may not be percentage-based or is blank.
info,Team Lead Procurement Support,12,KAI,"Mengkoordinasikan, menjaga alignment, mengintegrasikan, dan mengkonsolidasikan pelaksanaan survei dan pengumpulan data kepuasan vendor",enum_issue category=normalized; field=Nature Of Work; raw=Non routine; normalized=Non Routine; KAI Nature normalized to Non Routine.
info,Team Lead Procurement Support,18,KAI,"Mengkoordinasikan, menjaga alignment, mengintegrasikan, dan mengkonsolidasikan pelaksanaan roll-out fungsi ssc pelayanan pengadaan",enum_issue category=normalized; field=Nature Of Work; raw=Non routine; normalized=Non Routine; KAI Nature normalized to Non Routine.
warning,Team Lead Procurement Support,18,KAI,"Mengkoordinasikan, menjaga alignment, mengintegrasikan, dan mengkonsolidasikan pelaksanaan roll-out fungsi ssc pelayanan pengadaan",KAI formula may not be percentage-based or is blank.
info,Team Lead Procurement Support,21,KAI,"Mengkoordinasikan, menjaga alignment, mengintegrasikan, dan mengkonsolidasikan pelaksanaan penyelesaian temuan audit",enum_issue category=normalized; field=Nature Of Work; raw=Non routine; normalized=Non Routine; KAI Nature normalized to Non Routine.
warning,Team Lead Procurement Support,,weight_audit,Team Lead Procurement Support,Weight total not 100: level=impact; kpi_type=OUTPUT; parent=Manpower productivity (Revenue per total manpower); raw_total=5.0; output_total=5.0; cause=Raw Data Issue.
warning,Team Lead Procurement Support,,weight_audit,Team Lead Procurement Support,Weight total not 100: level=impact; kpi_type=OUTPUT; parent=Strategic Project Delivery; raw_total=65.0; output_total=65.0; cause=Raw Data Issue.
warning,Team Lead Procurement Support,,weight_audit,Team Lead Procurement Support,Weight total not 100: level=impact; kpi_type=OUTPUT; parent=Total Productivity; raw_total=15.0; output_total=15.0; cause=Raw Data Issue.
warning,Team Lead Procurement Support,,weight_audit,Team Lead Procurement Support,Weight total not 100: level=impact; kpi_type=OUTPUT; parent=Traffic Volume; raw_total=15.0; output_total=15.0; cause=Raw Data Issue.
warning,Team Lead Procurement Support,,weight_audit,Team Lead Procurement Support,Weight total not 100: level=output; kpi_type=KAI; parent=Indeks kepuasan vendor; raw_total=5.0; output_total=5.0; cause=Raw Data Issue.
warning,Team Lead Procurement Support,,weight_audit,Team Lead Procurement Support,Weight total not 100: level=output; kpi_type=KAI; parent=Pembuatan Laporan PaDi; raw_total=10.0; output_total=10.0; cause=Raw Data Issue.
warning,Team Lead Procurement Support,,weight_audit,Team Lead Procurement Support,Weight total not 100: level=output; kpi_type=KAI; parent=Pembuatan Laporan pengadaan barang dan jasa; raw_total=20.0; output_total=20.0; cause=Raw Data Issue.
warning,Team Lead Procurement Support,,weight_audit,Team Lead Procurement Support,Weight total not 100: level=output; kpi_type=KAI; parent=Pemenuhan terhadap SLA Register/Update Master Data; raw_total=35.0; output_total=35.0; cause=Raw Data Issue.
warning,Team Lead Procurement Support,,weight_audit,Team Lead Procurement Support,Weight total not 100: level=output; kpi_type=KAI; parent=Pengadaan melalui PADI UMKM (Pelindo Group); raw_total=15.0; output_total=15.0; cause=Raw Data Issue.
warning,Team Lead Procurement Support,,weight_audit,Team Lead Procurement Support,Weight total not 100: level=output; kpi_type=KAI; parent=Roll-out fungsi ssc pelayanan pengadaan di entitas anak / cucu / cicit perusahaan Pelindo Group; raw_total=10.0; output_total=10.0; cause=Raw Data Issue.
warning,Team Lead Procurement Support,,weight_audit,Team Lead Procurement Support,"Weight total not 100: level=output; kpi_type=KAI; parent=Tingkat pemenuhan tata kelola, manajemen risiko, dan kepatuhan internal (Penyelesaian Temuan Audit); raw_total=5.0; output_total=5.0; cause=Raw Data Issue."
info,Officer Procurement Support,9,IMPACT,Net Income,enum_issue category=normalized; field=Polarity; raw=Positif; normalized=POSITIVE; Polarity normalized to POSITIVE.
info,Officer Procurement Support,9,IMPACT,Net Income,enum_issue category=normalized; field=Period; raw=Triwulanan; normalized=TRIWULANAN; Period normalized to TRIWULANAN.
info,Officer Procurement Support,10,IMPACT,(ROIC > WACC) x Inv.Capital,enum_issue category=normalized; field=Polarity; raw=Positif; normalized=POSITIVE; Polarity normalized to POSITIVE.
info,Officer Procurement Support,10,IMPACT,(ROIC > WACC) x Inv.Capital,enum_issue category=normalized; field=Period; raw=Triwulanan; normalized=TRIWULANAN; Period normalized to TRIWULANAN.
info,Officer Procurement Support,11,IMPACT,Traffic Volume,enum_issue category=normalized; field=Polarity; raw=Positif; normalized=POSITIVE; Polarity normalized to POSITIVE.
info,Officer Procurement Support,11,IMPACT,Traffic Volume,enum_issue category=normalized; field=Period; raw=Triwulanan; normalized=TRIWULANAN; Period normalized to TRIWULANAN.
info,Officer Procurement Support,12,IMPACT,Total Productivity,enum_issue category=normalized; field=Polarity; raw=Positif; normalized=POSITIVE; Polarity normalized to POSITIVE.
info,Officer Procurement Support,12,IMPACT,Total Productivity,enum_issue category=normalized; field=Period; raw=Triwulanan; normalized=TRIWULANAN; Period normalized to TRIWULANAN.
info,Officer Procurement Support,14,IMPACT,Lost Time Injury Frequency Rate (LTIFR),enum_issue category=normalized; field=Polarity; raw=Negatif; normalized=NEGATIVE; Polarity normalized to NEGATIVE.
info,Officer Procurement Support,14,IMPACT,Lost Time Injury Frequency Rate (LTIFR),enum_issue category=normalized; field=Period; raw=Triwulanan; normalized=TRIWULANAN; Period normalized to TRIWULANAN.
info,Officer Procurement Support,15,IMPACT,Pengembangan Ekosistem Bali Maritime Tourism Hub (BMTH),enum_issue category=normalized; field=Polarity; raw=Positif; normalized=POSITIVE; Polarity normalized to POSITIVE.
info,Officer Procurement Support,15,IMPACT,Pengembangan Ekosistem Bali Maritime Tourism Hub (BMTH),enum_issue category=normalized; field=Period; raw=Triwulanan; normalized=TRIWULANAN; Period normalized to TRIWULANAN.
info,Officer Procurement Support,16,IMPACT,Number of KRI exceeding its risk tolerance limit,enum_issue category=normalized; field=Polarity; raw=Positif; normalized=POSITIVE; Polarity normalized to POSITIVE.
info,Officer Procurement Support,16,IMPACT,Number of KRI exceeding its risk tolerance limit,enum_issue category=normalized; field=Period; raw=Triwulanan; normalized=TRIWULANAN; Period normalized to TRIWULANAN.
info,Officer Procurement Support,17,IMPACT,ESG Rating,enum_issue category=normalized; field=Polarity; raw=Positif; normalized=POSITIVE; Polarity normalized to POSITIVE.
info,Officer Procurement Support,17,IMPACT,ESG Rating,enum_issue category=normalized; field=Period; raw=Tahunan; normalized=TAHUNAN; Period normalized to TAHUNAN.
info,Officer Procurement Support,18,IMPACT,Strategic Project Delivery,enum_issue category=normalized; field=Polarity; raw=Positif; normalized=POSITIVE; Polarity normalized to POSITIVE.
info,Officer Procurement Support,18,IMPACT,Strategic Project Delivery,enum_issue category=normalized; field=Period; raw=Triwulanan; normalized=TRIWULANAN; Period normalized to TRIWULANAN.
info,Officer Procurement Support,20,IMPACT,Manpower productivity (Revenue per total manpower),enum_issue category=normalized; field=Polarity; raw=Positif; normalized=POSITIVE; Polarity normalized to POSITIVE.
info,Officer Procurement Support,20,IMPACT,Manpower productivity (Revenue per total manpower),enum_issue category=normalized; field=Period; raw=Triwulanan; normalized=TRIWULANAN; Period normalized to TRIWULANAN.
info,Officer Procurement Support,11,OUTPUT,Pengadaan melalui PADI UMKM (Pelindo Group),enum_issue category=normalized; field=Period; raw=Tahunan; normalized=TAHUNAN; Period normalized to TAHUNAN.
info,Officer Procurement Support,11,OUTPUT,Pengadaan melalui PADI UMKM (Pelindo Group),enum_issue category=normalized; field=Polarity; raw=Positif; normalized=POSITIVE; Polarity normalized to POSITIVE.
info,Officer Procurement Support,12,OUTPUT,Indeks kepuasan vendor,enum_issue category=normalized; field=Period; raw=Tahunan; normalized=TAHUNAN; Period normalized to TAHUNAN.
info,Officer Procurement Support,12,OUTPUT,Indeks kepuasan vendor,enum_issue category=normalized; field=Polarity; raw=Positif; normalized=POSITIVE; Polarity normalized to POSITIVE.
info,Officer Procurement Support,13,OUTPUT,Pembuatan Laporan PaDi,enum_issue category=normalized; field=Period; raw=bulanan; normalized=BULANAN; Period normalized to BULANAN.
info,Officer Procurement Support,13,OUTPUT,Pembuatan Laporan PaDi,enum_issue category=normalized; field=Polarity; raw=Positif; normalized=POSITIVE; Polarity normalized to POSITIVE.
info,Officer Procurement Support,18,OUTPUT,Pembuatan Laporan pengadaan barang dan jasa,enum_issue category=normalized; field=Period; raw=bulanan; normalized=BULANAN; Period normalized to BULANAN.
info,Officer Procurement Support,18,OUTPUT,Pembuatan Laporan pengadaan barang dan jasa,enum_issue category=normalized; field=Polarity; raw=Positif; normalized=POSITIVE; Polarity normalized to POSITIVE.
info,Officer Procurement Support,19,OUTPUT,Pemenuhan terhadap SLA Register/Update Master Data,enum_issue category=normalized; field=Period; raw=bulanan; normalized=BULANAN; Period normalized to BULANAN.
info,Officer Procurement Support,19,OUTPUT,Pemenuhan terhadap SLA Register/Update Master Data,enum_issue category=normalized; field=Polarity; raw=Positif; normalized=POSITIVE; Polarity normalized to POSITIVE.
info,Officer Procurement Support,11,KAI,"Mengkoordinasikan, menjaga alignment, mengintegrasikan, dan mengkonsolidasikan pelaksanaan pengadaan melalui PADI UMKM",enum_issue category=normalized; field=Nature Of Work; raw=Non routine; normalized=Non Routine; KAI Nature normalized to Non Routine.
warning,Officer Procurement Support,11,KAI,"Mengkoordinasikan, menjaga alignment, mengintegrasikan, dan mengkonsolidasikan pelaksanaan pengadaan melalui PADI UMKM",KAI formula may not be percentage-based or is blank.
info,Officer Procurement Support,12,KAI,"Mengkoordinasikan, menjaga alignment, mengintegrasikan, dan mengkonsolidasikan pelaksanaan survei dan pengumpulan data kepuasan vendor",enum_issue category=normalized; field=Nature Of Work; raw=Non routine; normalized=Non Routine; KAI Nature normalized to Non Routine.
warning,Officer Procurement Support,,weight_audit,Officer Procurement Support,Weight total not 100: level=impact; kpi_type=OUTPUT; parent=Strategic Project Delivery; raw_total=60.0; output_total=60.0; cause=Raw Data Issue.
warning,Officer Procurement Support,,weight_audit,Officer Procurement Support,Weight total not 100: level=impact; kpi_type=OUTPUT; parent=Total Productivity; raw_total=20.0; output_total=20.0; cause=Raw Data Issue.
warning,Officer Procurement Support,,weight_audit,Officer Procurement Support,Weight total not 100: level=impact; kpi_type=OUTPUT; parent=Traffic Volume; raw_total=20.0; output_total=20.0; cause=Raw Data Issue.
warning,Officer Procurement Support,,weight_audit,Officer Procurement Support,Weight total not 100: level=output; kpi_type=KAI; parent=Indeks kepuasan vendor; raw_total=5.0; output_total=5.0; cause=Raw Data Issue.
warning,Officer Procurement Support,,weight_audit,Officer Procurement Support,Weight total not 100: level=output; kpi_type=KAI; parent=Pembuatan Laporan PaDi; raw_total=15.0; output_total=15.0; cause=Raw Data Issue.
warning,Officer Procurement Support,,weight_audit,Officer Procurement Support,Weight total not 100: level=output; kpi_type=KAI; parent=Pembuatan Laporan pengadaan barang dan jasa; raw_total=20.0; output_total=20.0; cause=Raw Data Issue.
warning,Officer Procurement Support,,weight_audit,Officer Procurement Support,Weight total not 100: level=output; kpi_type=KAI; parent=Pemenuhan terhadap SLA Register/Update Master Data; raw_total=40.0; output_total=40.0; cause=Raw Data Issue.
warning,Officer Procurement Support,,weight_audit,Officer Procurement Support,Weight total not 100: level=output; kpi_type=KAI; parent=Pengadaan melalui PADI UMKM (Pelindo Group); raw_total=20.0; output_total=20.0; cause=Raw Data Issue.
info,TL Talent Service,9,IMPACT,Net Income,enum_issue category=normalized; field=Polarity; raw=Positif; normalized=POSITIVE; Polarity normalized to POSITIVE.
info,TL Talent Service,9,IMPACT,Net Income,enum_issue category=normalized; field=Period; raw=Triwulanan; normalized=TRIWULANAN; Period normalized to TRIWULANAN.
info,TL Talent Service,10,IMPACT,(ROIC > WACC) x Inv.Capital,enum_issue category=normalized; field=Polarity; raw=Positif; normalized=POSITIVE; Polarity normalized to POSITIVE.
info,TL Talent Service,10,IMPACT,(ROIC > WACC) x Inv.Capital,enum_issue category=normalized; field=Period; raw=Triwulanan; normalized=TRIWULANAN; Period normalized to TRIWULANAN.
info,TL Talent Service,11,IMPACT,Traffic Volume,enum_issue category=normalized; field=Polarity; raw=Positif; normalized=POSITIVE; Polarity normalized to POSITIVE.
info,TL Talent Service,11,IMPACT,Traffic Volume,enum_issue category=normalized; field=Period; raw=Triwulanan; normalized=TRIWULANAN; Period normalized to TRIWULANAN.
info,TL Talent Service,12,IMPACT,Total Productivity,enum_issue category=normalized; field=Polarity; raw=Positif; normalized=POSITIVE; Polarity normalized to POSITIVE.
info,TL Talent Service,12,IMPACT,Total Productivity,enum_issue category=normalized; field=Period; raw=Triwulanan; normalized=TRIWULANAN; Period normalized to TRIWULANAN.
info,TL Talent Service,13,IMPACT,Lost Time Injury Frequency Rate (LTIFR),enum_issue category=normalized; field=Polarity; raw=Negatif; normalized=NEGATIVE; Polarity normalized to NEGATIVE.
info,TL Talent Service,13,IMPACT,Lost Time Injury Frequency Rate (LTIFR),enum_issue category=normalized; field=Period; raw=Triwulanan; normalized=TRIWULANAN; Period normalized to TRIWULANAN.
info,TL Talent Service,14,IMPACT,Pengembangan Ekosistem Bali Maritime Tourism Hub (BMTH),enum_issue category=normalized; field=Polarity; raw=Positif; normalized=POSITIVE; Polarity normalized to POSITIVE.
info,TL Talent Service,14,IMPACT,Pengembangan Ekosistem Bali Maritime Tourism Hub (BMTH),enum_issue category=normalized; field=Period; raw=Triwulanan; normalized=TRIWULANAN; Period normalized to TRIWULANAN.
info,TL Talent Service,15,IMPACT,Number of KRI exceeding its risk tolerance limit,enum_issue category=normalized; field=Polarity; raw=Positif; normalized=POSITIVE; Polarity normalized to POSITIVE.
info,TL Talent Service,15,IMPACT,Number of KRI exceeding its risk tolerance limit,enum_issue category=normalized; field=Period; raw=Triwulanan; normalized=TRIWULANAN; Period normalized to TRIWULANAN.
info,TL Talent Service,16,IMPACT,ESG Rating,enum_issue category=normalized; field=Polarity; raw=Positif; normalized=POSITIVE; Polarity normalized to POSITIVE.
info,TL Talent Service,16,IMPACT,ESG Rating,enum_issue category=normalized; field=Period; raw=Tahunan; normalized=TAHUNAN; Period normalized to TAHUNAN.
info,TL Talent Service,17,IMPACT,Strategic Project Delivery,enum_issue category=normalized; field=Polarity; raw=Positif; normalized=POSITIVE; Polarity normalized to POSITIVE.
info,TL Talent Service,17,IMPACT,Strategic Project Delivery,enum_issue category=normalized; field=Period; raw=Triwulanan; normalized=TRIWULANAN; Period normalized to TRIWULANAN.
info,TL Talent Service,18,IMPACT,Manpower productivity (Revenue per total manpower),enum_issue category=normalized; field=Polarity; raw=Positif; normalized=POSITIVE; Polarity normalized to POSITIVE.
info,TL Talent Service,18,IMPACT,Manpower productivity (Revenue per total manpower),enum_issue category=normalized; field=Period; raw=Triwulanan; normalized=TRIWULANAN; Period normalized to TRIWULANAN.
info,TL Talent Service,18,OUTPUT,Roll-out fungsi SSC SDM di entitas anak / cucu / cicit perusahaan Pelindo Group,enum_issue category=normalized; field=Period; raw=Semester; normalized=SEMESTER; Period normalized to SEMESTER.
info,TL Talent Service,18,OUTPUT,Roll-out fungsi SSC SDM di entitas anak / cucu / cicit perusahaan Pelindo Group,enum_issue category=normalized; field=Polarity; raw=Positif; normalized=POSITIVE; Polarity normalized to POSITIVE.
info,TL Talent Service,19,OUTPUT,Update Nilai Kinerja individu,enum_issue category=normalized; field=Period; raw=bulanan; normalized=BULANAN; Period normalized to BULANAN.
info,TL Talent Service,19,OUTPUT,Update Nilai Kinerja individu,enum_issue category=normalized; field=Polarity; raw=Positif; normalized=POSITIVE; Polarity normalized to POSITIVE.
info,TL Talent Service,20,OUTPUT,Update posisi pekerja setelah released SK Mutasi,enum_issue category=normalized; field=Period; raw=bulanan; normalized=BULANAN; Period normalized to BULANAN.
info,TL Talent Service,20,OUTPUT,Update posisi pekerja setelah released SK Mutasi,enum_issue category=normalized; field=Polarity; raw=Positif; normalized=POSITIVE; Polarity normalized to POSITIVE.
info,TL Talent Service,21,OUTPUT,Penerbitan SK Kenaikan Pangkat/Golongan/Merit,enum_issue category=normalized; field=Period; raw=bulanan; normalized=BULANAN; Period normalized to BULANAN.
info,TL Talent Service,21,OUTPUT,Penerbitan SK Kenaikan Pangkat/Golongan/Merit,enum_issue category=normalized; field=Polarity; raw=Positif; normalized=POSITIVE; Polarity normalized to POSITIVE.
info,TL Talent Service,22,OUTPUT,"Tingkat pemenuhan tata kelola, manajemen risiko, dan kepatuhan internal (Penyelesaian Temuan Audit)",enum_issue category=normalized; field=Period; raw=Semester; normalized=SEMESTER; Period normalized to SEMESTER.
info,TL Talent Service,22,OUTPUT,"Tingkat pemenuhan tata kelola, manajemen risiko, dan kepatuhan internal (Penyelesaian Temuan Audit)",enum_issue category=normalized; field=Polarity; raw=Positif; normalized=POSITIVE; Polarity normalized to POSITIVE.
info,TL Talent Service,23,OUTPUT,Penerbitan SK Based Salary,enum_issue category=normalized; field=Period; raw=tahunan; normalized=TAHUNAN; Period normalized to TAHUNAN.
info,TL Talent Service,23,OUTPUT,Penerbitan SK Based Salary,enum_issue category=normalized; field=Polarity; raw=Positif; normalized=POSITIVE; Polarity normalized to POSITIVE.
warning,TL Talent Service,18,KAI,"Mengkoordinasikan, menjaga alignment, mengintegrasikan, dan mengkonsolidasikan pelaksanaan roll-out fungsi SSC SDM",KAI formula may not be percentage-based or is blank.
info,TL Talent Service,22,KAI,"Mengkoordinasikan, menjaga alignment, mengintegrasikan, dan mengkonsolidasikan pelaksanaan penyelesaian temuan audit",enum_issue category=normalized; field=Nature Of Work; raw=Non routine; normalized=Non Routine; KAI Nature normalized to Non Routine.
info,TL Talent Service,23,KAI,"Mengkoordinasikan, menjaga alignment, mengintegrasikan, dan mengkonsolidasikan pelaksanaan penerbitan SK Based Salary",enum_issue category=normalized; field=Nature Of Work; raw=Non routine; normalized=Non Routine; KAI Nature normalized to Non Routine.
warning,TL Talent Service,,weight_audit,TL Talent Service,Weight total not 100: level=output; kpi_type=KAI; parent=Penerbitan SK Based Salary; raw_total=15.0; output_total=15.0; cause=Raw Data Issue.
warning,TL Talent Service,,weight_audit,TL Talent Service,Weight total not 100: level=output; kpi_type=KAI; parent=Penerbitan SK Kenaikan Pangkat/Golongan/Merit; raw_total=20.0; output_total=20.0; cause=Raw Data Issue.
warning,TL Talent Service,,weight_audit,TL Talent Service,Weight total not 100: level=output; kpi_type=KAI; parent=Roll-out fungsi SSC SDM di entitas anak / cucu / cicit perusahaan Pelindo Group; raw_total=10.0; output_total=10.0; cause=Raw Data Issue.
warning,TL Talent Service,,weight_audit,TL Talent Service,"Weight total not 100: level=output; kpi_type=KAI; parent=Tingkat pemenuhan tata kelola, manajemen risiko, dan kepatuhan internal (Penyelesaian Temuan Audit); raw_total=5.0; output_total=5.0; cause=Raw Data Issue."
warning,TL Talent Service,,weight_audit,TL Talent Service,Weight total not 100: level=output; kpi_type=KAI; parent=Update Nilai Kinerja individu; raw_total=10.0; output_total=10.0; cause=Raw Data Issue.
warning,TL Talent Service,,weight_audit,TL Talent Service,Weight total not 100: level=output; kpi_type=KAI; parent=Update posisi pekerja setelah released SK Mutasi; raw_total=40.0; output_total=40.0; cause=Raw Data Issue.
info,Officer Talent Service,9,IMPACT,Net Income,enum_issue category=normalized; field=Polarity; raw=Positif; normalized=POSITIVE; Polarity normalized to POSITIVE.
info,Officer Talent Service,9,IMPACT,Net Income,enum_issue category=normalized; field=Period; raw=Triwulanan; normalized=TRIWULANAN; Period normalized to TRIWULANAN.
info,Officer Talent Service,10,IMPACT,(ROIC > WACC) x Inv.Capital,enum_issue category=normalized; field=Polarity; raw=Positif; normalized=POSITIVE; Polarity normalized to POSITIVE.
info,Officer Talent Service,10,IMPACT,(ROIC > WACC) x Inv.Capital,enum_issue category=normalized; field=Period; raw=Triwulanan; normalized=TRIWULANAN; Period normalized to TRIWULANAN.
info,Officer Talent Service,11,IMPACT,Traffic Volume,enum_issue category=normalized; field=Polarity; raw=Positif; normalized=POSITIVE; Polarity normalized to POSITIVE.
info,Officer Talent Service,11,IMPACT,Traffic Volume,enum_issue category=normalized; field=Period; raw=Triwulanan; normalized=TRIWULANAN; Period normalized to TRIWULANAN.
info,Officer Talent Service,12,IMPACT,Total Productivity,enum_issue category=normalized; field=Polarity; raw=Positif; normalized=POSITIVE; Polarity normalized to POSITIVE.
info,Officer Talent Service,12,IMPACT,Total Productivity,enum_issue category=normalized; field=Period; raw=Triwulanan; normalized=TRIWULANAN; Period normalized to TRIWULANAN.
info,Officer Talent Service,13,IMPACT,Lost Time Injury Frequency Rate (LTIFR),enum_issue category=normalized; field=Polarity; raw=Negatif; normalized=NEGATIVE; Polarity normalized to NEGATIVE.
info,Officer Talent Service,13,IMPACT,Lost Time Injury Frequency Rate (LTIFR),enum_issue category=normalized; field=Period; raw=Triwulanan; normalized=TRIWULANAN; Period normalized to TRIWULANAN.
info,Officer Talent Service,14,IMPACT,Pengembangan Ekosistem Bali Maritime Tourism Hub (BMTH),enum_issue category=normalized; field=Polarity; raw=Positif; normalized=POSITIVE; Polarity normalized to POSITIVE.
info,Officer Talent Service,14,IMPACT,Pengembangan Ekosistem Bali Maritime Tourism Hub (BMTH),enum_issue category=normalized; field=Period; raw=Triwulanan; normalized=TRIWULANAN; Period normalized to TRIWULANAN.
info,Officer Talent Service,15,IMPACT,Number of KRI exceeding its risk tolerance limit,enum_issue category=normalized; field=Polarity; raw=Positif; normalized=POSITIVE; Polarity normalized to POSITIVE.
info,Officer Talent Service,15,IMPACT,Number of KRI exceeding its risk tolerance limit,enum_issue category=normalized; field=Period; raw=Triwulanan; normalized=TRIWULANAN; Period normalized to TRIWULANAN.
info,Officer Talent Service,16,IMPACT,ESG Rating,enum_issue category=normalized; field=Polarity; raw=Positif; normalized=POSITIVE; Polarity normalized to POSITIVE.
info,Officer Talent Service,16,IMPACT,ESG Rating,enum_issue category=normalized; field=Period; raw=Tahunan; normalized=TAHUNAN; Period normalized to TAHUNAN.
info,Officer Talent Service,17,IMPACT,Strategic Project Delivery,enum_issue category=normalized; field=Polarity; raw=Positif; normalized=POSITIVE; Polarity normalized to POSITIVE.
info,Officer Talent Service,17,IMPACT,Strategic Project Delivery,enum_issue category=normalized; field=Period; raw=Triwulanan; normalized=TRIWULANAN; Period normalized to TRIWULANAN.
info,Officer Talent Service,18,IMPACT,Manpower productivity (Revenue per total manpower),enum_issue category=normalized; field=Polarity; raw=Positif; normalized=POSITIVE; Polarity normalized to POSITIVE.
info,Officer Talent Service,18,IMPACT,Manpower productivity (Revenue per total manpower),enum_issue category=normalized; field=Period; raw=Triwulanan; normalized=TRIWULANAN; Period normalized to TRIWULANAN.
info,Officer Talent Service,18,OUTPUT,Update Nilai Kinerja individu,enum_issue category=normalized; field=Period; raw=bulanan; normalized=BULANAN; Period normalized to BULANAN.
info,Officer Talent Service,18,OUTPUT,Update Nilai Kinerja individu,enum_issue category=normalized; field=Polarity; raw=Positif; normalized=POSITIVE; Polarity normalized to POSITIVE.
info,Officer Talent Service,19,OUTPUT,Update posisi pekerja setelah released SK Mutasi,enum_issue category=normalized; field=Period; raw=bulanan; normalized=BULANAN; Period normalized to BULANAN.
info,Officer Talent Service,19,OUTPUT,Update posisi pekerja setelah released SK Mutasi,enum_issue category=normalized; field=Polarity; raw=Positif; normalized=POSITIVE; Polarity normalized to POSITIVE.
info,Officer Talent Service,20,OUTPUT,Penerbitan SK Kenaikan Pangkat/Golongan/Merit,enum_issue category=normalized; field=Period; raw=bulanan; normalized=BULANAN; Period normalized to BULANAN.
info,Officer Talent Service,20,OUTPUT,Penerbitan SK Kenaikan Pangkat/Golongan/Merit,enum_issue category=normalized; field=Polarity; raw=Positif; normalized=POSITIVE; Polarity normalized to POSITIVE.
info,Officer Talent Service,21,OUTPUT,Penerbitan SK Based Salary,enum_issue category=normalized; field=Period; raw=tahunan; normalized=TAHUNAN; Period normalized to TAHUNAN.
info,Officer Talent Service,21,OUTPUT,Penerbitan SK Based Salary,enum_issue category=normalized; field=Polarity; raw=Positif; normalized=POSITIVE; Polarity normalized to POSITIVE.
info,Officer Talent Service,21,KAI,"Mengkoordinasikan, menjaga alignment, mengintegrasikan, dan mengkonsolidasikan pelaksanaan penerbitan SK Based Salary",enum_issue category=normalized; field=Nature Of Work; raw=Non routine; normalized=Non Routine; KAI Nature normalized to Non Routine.
warning,Officer Talent Service,,weight_audit,Officer Talent Service,Weight total not 100: level=output; kpi_type=KAI; parent=Penerbitan SK Based Salary; raw_total=20.0; output_total=20.0; cause=Raw Data Issue.
warning,Officer Talent Service,,weight_audit,Officer Talent Service,Weight total not 100: level=output; kpi_type=KAI; parent=Penerbitan SK Kenaikan Pangkat/Golongan/Merit; raw_total=30.0; output_total=30.0; cause=Raw Data Issue.
warning,Officer Talent Service,,weight_audit,Officer Talent Service,Weight total not 100: level=output; kpi_type=KAI; parent=Update Nilai Kinerja individu; raw_total=10.0; output_total=10.0; cause=Raw Data Issue.
warning,Officer Talent Service,,weight_audit,Officer Talent Service,Weight total not 100: level=output; kpi_type=KAI; parent=Update posisi pekerja setelah released SK Mutasi; raw_total=40.0; output_total=40.0; cause=Raw Data Issue.
info,DH Administrasi Perpajakan,9,IMPACT,Net Income,enum_issue category=normalized; field=Polarity; raw=Positif; normalized=POSITIVE; Polarity normalized to POSITIVE.
info,DH Administrasi Perpajakan,9,IMPACT,Net Income,enum_issue category=normalized; field=Period; raw=Triwulanan; normalized=TRIWULANAN; Period normalized to TRIWULANAN.
info,DH Administrasi Perpajakan,13,IMPACT,(ROIC > WACC) x Inv.Capital,enum_issue category=normalized; field=Polarity; raw=Positif; normalized=POSITIVE; Polarity normalized to POSITIVE.
info,DH Administrasi Perpajakan,13,IMPACT,(ROIC > WACC) x Inv.Capital,enum_issue category=normalized; field=Period; raw=Triwulanan; normalized=TRIWULANAN; Period normalized to TRIWULANAN.
info,DH Administrasi Perpajakan,14,IMPACT,Traffic Volume,enum_issue category=normalized; field=Polarity; raw=Positif; normalized=POSITIVE; Polarity normalized to POSITIVE.
info,DH Administrasi Perpajakan,14,IMPACT,Traffic Volume,enum_issue category=normalized; field=Period; raw=Triwulanan; normalized=TRIWULANAN; Period normalized to TRIWULANAN.
info,DH Administrasi Perpajakan,15,IMPACT,Total Productivity,enum_issue category=normalized; field=Polarity; raw=Positif; normalized=POSITIVE; Polarity normalized to POSITIVE.
info,DH Administrasi Perpajakan,15,IMPACT,Total Productivity,enum_issue category=normalized; field=Period; raw=Triwulanan; normalized=TRIWULANAN; Period normalized to TRIWULANAN.
info,DH Administrasi Perpajakan,16,IMPACT,Lost Time Injury Frequency Rate (LTIFR),enum_issue category=normalized; field=Polarity; raw=Negatif; normalized=NEGATIVE; Polarity normalized to NEGATIVE.
info,DH Administrasi Perpajakan,16,IMPACT,Lost Time Injury Frequency Rate (LTIFR),enum_issue category=normalized; field=Period; raw=Triwulanan; normalized=TRIWULANAN; Period normalized to TRIWULANAN.
info,DH Administrasi Perpajakan,17,IMPACT,Pengembangan Ekosistem Bali Maritime Tourism Hub (BMTH),enum_issue category=normalized; field=Polarity; raw=Positif; normalized=POSITIVE; Polarity normalized to POSITIVE.
info,DH Administrasi Perpajakan,17,IMPACT,Pengembangan Ekosistem Bali Maritime Tourism Hub (BMTH),enum_issue category=normalized; field=Period; raw=Triwulanan; normalized=TRIWULANAN; Period normalized to TRIWULANAN.
info,DH Administrasi Perpajakan,18,IMPACT,Number of KRI exceeding its risk tolerance limit,enum_issue category=normalized; field=Polarity; raw=Positif; normalized=POSITIVE; Polarity normalized to POSITIVE.
info,DH Administrasi Perpajakan,18,IMPACT,Number of KRI exceeding its risk tolerance limit,enum_issue category=normalized; field=Period; raw=Triwulanan; normalized=TRIWULANAN; Period normalized to TRIWULANAN.
info,DH Administrasi Perpajakan,19,IMPACT,ESG Rating,enum_issue category=normalized; field=Polarity; raw=Positif; normalized=POSITIVE; Polarity normalized to POSITIVE.
info,DH Administrasi Perpajakan,19,IMPACT,ESG Rating,enum_issue category=normalized; field=Period; raw=Tahunan; normalized=TAHUNAN; Period normalized to TAHUNAN.
info,DH Administrasi Perpajakan,20,IMPACT,Strategic Project Delivery,enum_issue category=normalized; field=Polarity; raw=Positif; normalized=POSITIVE; Polarity normalized to POSITIVE.
info,DH Administrasi Perpajakan,20,IMPACT,Strategic Project Delivery,enum_issue category=normalized; field=Period; raw=Triwulanan; normalized=TRIWULANAN; Period normalized to TRIWULANAN.
info,DH Administrasi Perpajakan,21,IMPACT,Manpower productivity (Revenue per total manpower),enum_issue category=normalized; field=Polarity; raw=Negatif; normalized=NEGATIVE; Polarity normalized to NEGATIVE.
info,DH Administrasi Perpajakan,21,IMPACT,Manpower productivity (Revenue per total manpower),enum_issue category=normalized; field=Period; raw=Triwulanan; normalized=TRIWULANAN; Period normalized to TRIWULANAN.
info,DH Administrasi Perpajakan,9,OUTPUT,OPEX Variance,enum_issue category=normalized; field=Period; raw=Triwulanan; normalized=TRIWULANAN; Period normalized to TRIWULANAN.
info,DH Administrasi Perpajakan,9,OUTPUT,OPEX Variance,enum_issue category=normalized; field=Polarity; raw=Negatif; normalized=NEGATIVE; Polarity normalized to NEGATIVE.
info,DH Administrasi Perpajakan,10,OUTPUT,Ketepatan Perhitungan dan Pelaporan Pajak (PPH),enum_issue category=normalized; field=Period; raw=Triwulanan; normalized=TRIWULANAN; Period normalized to TRIWULANAN.
info,DH Administrasi Perpajakan,10,OUTPUT,Ketepatan Perhitungan dan Pelaporan Pajak (PPH),enum_issue category=normalized; field=Polarity; raw=Negatif; normalized=NEGATIVE; Polarity normalized to NEGATIVE.
info,DH Administrasi Perpajakan,11,OUTPUT,Ketepatan Perhitungan dan Pelaporan Pajak (PPN),enum_issue category=normalized; field=Period; raw=Triwulanan; normalized=TRIWULANAN; Period normalized to TRIWULANAN.
info,DH Administrasi Perpajakan,11,OUTPUT,Ketepatan Perhitungan dan Pelaporan Pajak (PPN),enum_issue category=normalized; field=Polarity; raw=Negatif; normalized=NEGATIVE; Polarity normalized to NEGATIVE.
info,DH Administrasi Perpajakan,12,OUTPUT,Implementasi SimTax pph pasal 21,enum_issue category=normalized; field=Period; raw=tahunan; normalized=TAHUNAN; Period normalized to TAHUNAN.
info,DH Administrasi Perpajakan,12,OUTPUT,Implementasi SimTax pph pasal 21,enum_issue category=normalized; field=Polarity; raw=Positif; normalized=POSITIVE; Polarity normalized to POSITIVE.
info,DH Administrasi Perpajakan,21,OUTPUT,"Tingkat pemenuhan tata kelola, manajemen risiko, dan kepatuhan internal (Penyelesaian Temuan Audit)",enum_issue category=normalized; field=Period; raw=Semester; normalized=SEMESTER; Period normalized to SEMESTER.
info,DH Administrasi Perpajakan,21,OUTPUT,"Tingkat pemenuhan tata kelola, manajemen risiko, dan kepatuhan internal (Penyelesaian Temuan Audit)",enum_issue category=normalized; field=Polarity; raw=Positif; normalized=POSITIVE; Polarity normalized to POSITIVE.
warning,DH Administrasi Perpajakan,9,KAI,Pelaksanaan inisiatif strategis efisiensi biaya pada Group Pengembangan SSC,KAI formula may not be percentage-based or is blank.
info,DH Administrasi Perpajakan,12,KAI,Pelaksanaan implementasi SimTax PPh pasal 21,enum_issue category=normalized; field=Nature Of Work; raw=Non routine; normalized=Non Routine; KAI Nature normalized to Non Routine.
info,DH Administrasi Perpajakan,21,KAI,"Mengkoordinasikan, menjaga alignment, mengintegrasikan, dan mengkonsolidasikan pelaksanaan penyelesaian temuan audit",enum_issue category=normalized; field=Nature Of Work; raw=Non routine; normalized=Non Routine; KAI Nature normalized to Non Routine.
warning,DH Administrasi Perpajakan,,weight_audit,Department Head Administrasi Perpajakan,Weight total not 100: level=impact; kpi_type=OUTPUT; parent=Manpower productivity (Revenue per total manpower); raw_total=5.0; output_total=5.0; cause=Raw Data Issue.
warning,DH Administrasi Perpajakan,,weight_audit,Department Head Administrasi Perpajakan,Weight total not 100: level=impact; kpi_type=OUTPUT; parent=Net Income; raw_total=75.0; output_total=75.0; cause=Raw Data Issue.
warning,DH Administrasi Perpajakan,,weight_audit,Department Head Administrasi Perpajakan,Weight total not 100: level=output; kpi_type=KAI; parent=Implementasi SimTax pph pasal 21; raw_total=15.0; output_total=15.0; cause=Raw Data Issue.
warning,DH Administrasi Perpajakan,,weight_audit,Department Head Administrasi Perpajakan,Weight total not 100: level=output; kpi_type=KAI; parent=Ketepatan Perhitungan dan Pelaporan Pajak (PPH); raw_total=25.0; output_total=25.0; cause=Raw Data Issue.
warning,DH Administrasi Perpajakan,,weight_audit,Department Head Administrasi Perpajakan,Weight total not 100: level=output; kpi_type=KAI; parent=Ketepatan Perhitungan dan Pelaporan Pajak (PPN); raw_total=25.0; output_total=25.0; cause=Raw Data Issue.
warning,DH Administrasi Perpajakan,,weight_audit,Department Head Administrasi Perpajakan,Weight total not 100: level=output; kpi_type=KAI; parent=OPEX Variance; raw_total=10.0; output_total=10.0; cause=Raw Data Issue.
warning,DH Administrasi Perpajakan,,weight_audit,Department Head Administrasi Perpajakan,"Weight total not 100: level=output; kpi_type=KAI; parent=Tingkat pemenuhan tata kelola, manajemen risiko, dan kepatuhan internal (Penyelesaian Temuan Audit); raw_total=5.0; output_total=5.0; cause=Raw Data Issue."
warning,DH Administrasi Perpajakan,,weight_audit,Department Head Administrasi Perpajakan,Weight total not 100: level=position; kpi_type=KAI; raw_total=80.0; output_total=80.0; cause=Raw Data Issue.
warning,DH Administrasi Perpajakan,,weight_audit,Department Head Administrasi Perpajakan,Weight total not 100: level=position; kpi_type=OUTPUT; raw_total=80.0; output_total=80.0; cause=Raw Data Issue.
info,Manager PPN,9,IMPACT,Net Income,enum_issue category=normalized; field=Polarity; raw=Positif; normalized=POSITIVE; Polarity normalized to POSITIVE.
info,Manager PPN,9,IMPACT,Net Income,enum_issue category=normalized; field=Period; raw=Triwulanan; normalized=TRIWULANAN; Period normalized to TRIWULANAN.
info,Manager PPN,13,IMPACT,(ROIC > WACC) x Inv.Capital,enum_issue category=normalized; field=Polarity; raw=Positif; normalized=POSITIVE; Polarity normalized to POSITIVE.
info,Manager PPN,13,IMPACT,(ROIC > WACC) x Inv.Capital,enum_issue category=normalized; field=Period; raw=Triwulanan; normalized=TRIWULANAN; Period normalized to TRIWULANAN.
info,Manager PPN,14,IMPACT,Traffic Volume,enum_issue category=normalized; field=Polarity; raw=Positif; normalized=POSITIVE; Polarity normalized to POSITIVE.
info,Manager PPN,14,IMPACT,Traffic Volume,enum_issue category=normalized; field=Period; raw=Triwulanan; normalized=TRIWULANAN; Period normalized to TRIWULANAN.
info,Manager PPN,15,IMPACT,Total Productivity,enum_issue category=normalized; field=Polarity; raw=Negatif; normalized=NEGATIVE; Polarity normalized to NEGATIVE.
info,Manager PPN,15,IMPACT,Total Productivity,enum_issue category=normalized; field=Period; raw=Triwulanan; normalized=TRIWULANAN; Period normalized to TRIWULANAN.
info,Manager PPN,16,IMPACT,Lost Time Injury Frequency Rate (LTIFR),enum_issue category=normalized; field=Polarity; raw=Negatif; normalized=NEGATIVE; Polarity normalized to NEGATIVE.
info,Manager PPN,16,IMPACT,Lost Time Injury Frequency Rate (LTIFR),enum_issue category=normalized; field=Period; raw=Triwulanan; normalized=TRIWULANAN; Period normalized to TRIWULANAN.
info,Manager PPN,17,IMPACT,Pengembangan Ekosistem Bali Maritime Tourism Hub (BMTH),enum_issue category=normalized; field=Polarity; raw=Positif; normalized=POSITIVE; Polarity normalized to POSITIVE.
info,Manager PPN,17,IMPACT,Pengembangan Ekosistem Bali Maritime Tourism Hub (BMTH),enum_issue category=normalized; field=Period; raw=Triwulanan; normalized=TRIWULANAN; Period normalized to TRIWULANAN.
info,Manager PPN,18,IMPACT,Number of KRI exceeding its risk tolerance limit,enum_issue category=normalized; field=Polarity; raw=Positif; normalized=POSITIVE; Polarity normalized to POSITIVE.
info,Manager PPN,18,IMPACT,Number of KRI exceeding its risk tolerance limit,enum_issue category=normalized; field=Period; raw=Triwulanan; normalized=TRIWULANAN; Period normalized to TRIWULANAN.
info,Manager PPN,19,IMPACT,ESG Rating,enum_issue category=normalized; field=Polarity; raw=Positif; normalized=POSITIVE; Polarity normalized to POSITIVE.
info,Manager PPN,19,IMPACT,ESG Rating,enum_issue category=normalized; field=Period; raw=Tahunan; normalized=TAHUNAN; Period normalized to TAHUNAN.
info,Manager PPN,20,IMPACT,Strategic Project Delivery,enum_issue category=normalized; field=Polarity; raw=Positif; normalized=POSITIVE; Polarity normalized to POSITIVE.
info,Manager PPN,20,IMPACT,Strategic Project Delivery,enum_issue category=normalized; field=Period; raw=Triwulanan; normalized=TRIWULANAN; Period normalized to TRIWULANAN.
info,Manager PPN,21,IMPACT,Manpower productivity (Revenue per total manpower),enum_issue category=normalized; field=Polarity; raw=Negatif; normalized=NEGATIVE; Polarity normalized to NEGATIVE.
info,Manager PPN,21,IMPACT,Manpower productivity (Revenue per total manpower),enum_issue category=normalized; field=Period; raw=Triwulanan; normalized=TRIWULANAN; Period normalized to TRIWULANAN.
info,Manager PPN,9,OUTPUT,OPEX Variance,enum_issue category=normalized; field=Period; raw=Triwulanan; normalized=TRIWULANAN; Period normalized to TRIWULANAN.
info,Manager PPN,9,OUTPUT,OPEX Variance,enum_issue category=normalized; field=Polarity; raw=Negatif; normalized=NEGATIVE; Polarity normalized to NEGATIVE.
info,Manager PPN,10,OUTPUT,Ketepatan Perhitungan dan Pelaporan Pajak (PPN),enum_issue category=normalized; field=Period; raw=Triwulanan; normalized=TRIWULANAN; Period normalized to TRIWULANAN.
info,Manager PPN,10,OUTPUT,Ketepatan Perhitungan dan Pelaporan Pajak (PPN),enum_issue category=normalized; field=Polarity; raw=Negatif; normalized=NEGATIVE; Polarity normalized to NEGATIVE.
info,Manager PPN,11,OUTPUT,Ketepatan Perhitungan dan Pelaporan bea meterai,enum_issue category=normalized; field=Period; raw=Triwulanan; normalized=TRIWULANAN; Period normalized to TRIWULANAN.
info,Manager PPN,11,OUTPUT,Ketepatan Perhitungan dan Pelaporan bea meterai,enum_issue category=normalized; field=Polarity; raw=Negatif; normalized=NEGATIVE; Polarity normalized to NEGATIVE.
info,Manager PPN,12,OUTPUT,Rekonsiliasi dan Ekualisasi PPN,enum_issue category=normalized; field=Period; raw=Bulanan; normalized=BULANAN; Period normalized to BULANAN.
info,Manager PPN,12,OUTPUT,Rekonsiliasi dan Ekualisasi PPN,enum_issue category=normalized; field=Polarity; raw=Negatif; normalized=NEGATIVE; Polarity normalized to NEGATIVE.
info,Manager PPN,21,OUTPUT,"Tingkat pemenuhan tata kelola, manajemen risiko, dan kepatuhan internal (Penyelesaian Temuan Audit)",enum_issue category=normalized; field=Period; raw=Semester; normalized=SEMESTER; Period normalized to SEMESTER.
info,Manager PPN,21,OUTPUT,"Tingkat pemenuhan tata kelola, manajemen risiko, dan kepatuhan internal (Penyelesaian Temuan Audit)",enum_issue category=normalized; field=Polarity; raw=Positif; normalized=POSITIVE; Polarity normalized to POSITIVE.
warning,Manager PPN,9,KAI,Pelaksanaan inisiatif strategis efisiensi biaya pada Group Pengembangan SSC,KAI formula may not be percentage-based or is blank.
info,Manager PPN,21,KAI,"Mengkoordinasikan, menjaga alignment, mengintegrasikan, dan mengkonsolidasikan pelaksanaan penyelesaian temuan audit",enum_issue category=normalized; field=Nature Of Work; raw=Non routine; normalized=Non Routine; KAI Nature normalized to Non Routine.
warning,Manager PPN,,weight_audit,Manager PPN,Weight total not 100: level=impact; kpi_type=OUTPUT; parent=Manpower productivity (Revenue per total manpower); raw_total=5.0; output_total=5.0; cause=Raw Data Issue.
warning,Manager PPN,,weight_audit,Manager PPN,Weight total not 100: level=impact; kpi_type=OUTPUT; parent=Net Income; raw_total=80.0; output_total=80.0; cause=Raw Data Issue.
warning,Manager PPN,,weight_audit,Manager PPN,Weight total not 100: level=output; kpi_type=KAI; parent=Ketepatan Perhitungan dan Pelaporan Pajak (PPN); raw_total=30.0; output_total=30.0; cause=Raw Data Issue.
warning,Manager PPN,,weight_audit,Manager PPN,Weight total not 100: level=output; kpi_type=KAI; parent=Ketepatan Perhitungan dan Pelaporan bea meterai; raw_total=20.0; output_total=20.0; cause=Raw Data Issue.
warning,Manager PPN,,weight_audit,Manager PPN,Weight total not 100: level=output; kpi_type=KAI; parent=OPEX Variance; raw_total=10.0; output_total=10.0; cause=Raw Data Issue.
warning,Manager PPN,,weight_audit,Manager PPN,Weight total not 100: level=output; kpi_type=KAI; parent=Rekonsiliasi dan Ekualisasi PPN; raw_total=20.0; output_total=20.0; cause=Raw Data Issue.
warning,Manager PPN,,weight_audit,Manager PPN,"Weight total not 100: level=output; kpi_type=KAI; parent=Tingkat pemenuhan tata kelola, manajemen risiko, dan kepatuhan internal (Penyelesaian Temuan Audit); raw_total=5.0; output_total=5.0; cause=Raw Data Issue."
warning,Manager PPN,,weight_audit,Manager PPN,Weight total not 100: level=position; kpi_type=KAI; raw_total=85.0; output_total=85.0; cause=Raw Data Issue.
warning,Manager PPN,,weight_audit,Manager PPN,Weight total not 100: level=position; kpi_type=OUTPUT; raw_total=85.0; output_total=85.0; cause=Raw Data Issue.
info,Officer PPN,9,IMPACT,Net Income,enum_issue category=normalized; field=Polarity; raw=Positif; normalized=POSITIVE; Polarity normalized to POSITIVE.
info,Officer PPN,9,IMPACT,Net Income,enum_issue category=normalized; field=Period; raw=Triwulanan; normalized=TRIWULANAN; Period normalized to TRIWULANAN.
info,Officer PPN,13,IMPACT,(ROIC > WACC) x Inv.Capital,enum_issue category=normalized; field=Polarity; raw=Positif; normalized=POSITIVE; Polarity normalized to POSITIVE.
info,Officer PPN,13,IMPACT,(ROIC > WACC) x Inv.Capital,enum_issue category=normalized; field=Period; raw=Triwulanan; normalized=TRIWULANAN; Period normalized to TRIWULANAN.
info,Officer PPN,14,IMPACT,Traffic Volume,enum_issue category=normalized; field=Polarity; raw=Positif; normalized=POSITIVE; Polarity normalized to POSITIVE.
info,Officer PPN,14,IMPACT,Traffic Volume,enum_issue category=normalized; field=Period; raw=Triwulanan; normalized=TRIWULANAN; Period normalized to TRIWULANAN.
info,Officer PPN,15,IMPACT,Total Productivity,enum_issue category=normalized; field=Polarity; raw=Negatif; normalized=NEGATIVE; Polarity normalized to NEGATIVE.
info,Officer PPN,15,IMPACT,Total Productivity,enum_issue category=normalized; field=Period; raw=Triwulanan; normalized=TRIWULANAN; Period normalized to TRIWULANAN.
info,Officer PPN,16,IMPACT,Lost Time Injury Frequency Rate (LTIFR),enum_issue category=normalized; field=Polarity; raw=Negatif; normalized=NEGATIVE; Polarity normalized to NEGATIVE.
info,Officer PPN,16,IMPACT,Lost Time Injury Frequency Rate (LTIFR),enum_issue category=normalized; field=Period; raw=Triwulanan; normalized=TRIWULANAN; Period normalized to TRIWULANAN.
info,Officer PPN,17,IMPACT,Pengembangan Ekosistem Bali Maritime Tourism Hub (BMTH),enum_issue category=normalized; field=Polarity; raw=Positif; normalized=POSITIVE; Polarity normalized to POSITIVE.
info,Officer PPN,17,IMPACT,Pengembangan Ekosistem Bali Maritime Tourism Hub (BMTH),enum_issue category=normalized; field=Period; raw=Triwulanan; normalized=TRIWULANAN; Period normalized to TRIWULANAN.
info,Officer PPN,18,IMPACT,Number of KRI exceeding its risk tolerance limit,enum_issue category=normalized; field=Polarity; raw=Positif; normalized=POSITIVE; Polarity normalized to POSITIVE.
info,Officer PPN,18,IMPACT,Number of KRI exceeding its risk tolerance limit,enum_issue category=normalized; field=Period; raw=Triwulanan; normalized=TRIWULANAN; Period normalized to TRIWULANAN.
info,Officer PPN,19,IMPACT,ESG Rating,enum_issue category=normalized; field=Polarity; raw=Positif; normalized=POSITIVE; Polarity normalized to POSITIVE.
info,Officer PPN,19,IMPACT,ESG Rating,enum_issue category=normalized; field=Period; raw=Tahunan; normalized=TAHUNAN; Period normalized to TAHUNAN.
info,Officer PPN,20,IMPACT,Strategic Project Delivery,enum_issue category=normalized; field=Polarity; raw=Positif; normalized=POSITIVE; Polarity normalized to POSITIVE.
info,Officer PPN,20,IMPACT,Strategic Project Delivery,enum_issue category=normalized; field=Period; raw=Triwulanan; normalized=TRIWULANAN; Period normalized to TRIWULANAN.
info,Officer PPN,21,IMPACT,Manpower productivity (Revenue per total manpower),enum_issue category=normalized; field=Polarity; raw=Negatif; normalized=NEGATIVE; Polarity normalized to NEGATIVE.
info,Officer PPN,21,IMPACT,Manpower productivity (Revenue per total manpower),enum_issue category=normalized; field=Period; raw=Triwulanan; normalized=TRIWULANAN; Period normalized to TRIWULANAN.
info,Officer PPN,9,OUTPUT,OPEX Variance,enum_issue category=normalized; field=Period; raw=Triwulanan; normalized=TRIWULANAN; Period normalized to TRIWULANAN.
info,Officer PPN,9,OUTPUT,OPEX Variance,enum_issue category=normalized; field=Polarity; raw=Negatif; normalized=NEGATIVE; Polarity normalized to NEGATIVE.
info,Officer PPN,10,OUTPUT,Ketepatan Perhitungan dan Pelaporan Pajak (PPN),enum_issue category=normalized; field=Period; raw=Triwulanan; normalized=TRIWULANAN; Period normalized to TRIWULANAN.
info,Officer PPN,10,OUTPUT,Ketepatan Perhitungan dan Pelaporan Pajak (PPN),enum_issue category=normalized; field=Polarity; raw=Negatif; normalized=NEGATIVE; Polarity normalized to NEGATIVE.
info,Officer PPN,11,OUTPUT,Ketepatan Perhitungan dan Pelaporan bea meterai,enum_issue category=normalized; field=Period; raw=Triwulanan; normalized=TRIWULANAN; Period normalized to TRIWULANAN.
info,Officer PPN,11,OUTPUT,Ketepatan Perhitungan dan Pelaporan bea meterai,enum_issue category=normalized; field=Polarity; raw=Negatif; normalized=NEGATIVE; Polarity normalized to NEGATIVE.
info,Officer PPN,12,OUTPUT,Rekonsiliasi dan Ekualisasi PPN,enum_issue category=normalized; field=Period; raw=Bulanan; normalized=BULANAN; Period normalized to BULANAN.
info,Officer PPN,12,OUTPUT,Rekonsiliasi dan Ekualisasi PPN,enum_issue category=normalized; field=Polarity; raw=Negatif; normalized=NEGATIVE; Polarity normalized to NEGATIVE.
info,Officer PPN,21,OUTPUT,"Tingkat pemenuhan tata kelola, manajemen risiko, dan kepatuhan internal (Penyelesaian Temuan Audit)",enum_issue category=normalized; field=Period; raw=Semester; normalized=SEMESTER; Period normalized to SEMESTER.
info,Officer PPN,21,OUTPUT,"Tingkat pemenuhan tata kelola, manajemen risiko, dan kepatuhan internal (Penyelesaian Temuan Audit)",enum_issue category=normalized; field=Polarity; raw=Positif; normalized=POSITIVE; Polarity normalized to POSITIVE.
warning,Officer PPN,9,KAI,Pelaksanaan inisiatif strategis efisiensi biaya pada Group Pengembangan SSC,KAI formula may not be percentage-based or is blank.
info,Officer PPN,21,KAI,"Mengkoordinasikan, menjaga alignment, mengintegrasikan, dan mengkonsolidasikan pelaksanaan penyelesaian temuan audit",enum_issue category=normalized; field=Nature Of Work; raw=Non routine; normalized=Non Routine; KAI Nature normalized to Non Routine.
warning,Officer PPN,,weight_audit,Officer PPN,Weight total not 100: level=impact; kpi_type=OUTPUT; parent=Manpower productivity (Revenue per total manpower); raw_total=5.0; output_total=5.0; cause=Raw Data Issue.
warning,Officer PPN,,weight_audit,Officer PPN,Weight total not 100: level=impact; kpi_type=OUTPUT; parent=Net Income; raw_total=80.0; output_total=80.0; cause=Raw Data Issue.
warning,Officer PPN,,weight_audit,Officer PPN,Weight total not 100: level=output; kpi_type=KAI; parent=Ketepatan Perhitungan dan Pelaporan Pajak (PPN); raw_total=30.0; output_total=30.0; cause=Raw Data Issue.
warning,Officer PPN,,weight_audit,Officer PPN,Weight total not 100: level=output; kpi_type=KAI; parent=Ketepatan Perhitungan dan Pelaporan bea meterai; raw_total=20.0; output_total=20.0; cause=Raw Data Issue.
warning,Officer PPN,,weight_audit,Officer PPN,Weight total not 100: level=output; kpi_type=KAI; parent=OPEX Variance; raw_total=10.0; output_total=10.0; cause=Raw Data Issue.
warning,Officer PPN,,weight_audit,Officer PPN,Weight total not 100: level=output; kpi_type=KAI; parent=Rekonsiliasi dan Ekualisasi PPN; raw_total=20.0; output_total=20.0; cause=Raw Data Issue.
warning,Officer PPN,,weight_audit,Officer PPN,"Weight total not 100: level=output; kpi_type=KAI; parent=Tingkat pemenuhan tata kelola, manajemen risiko, dan kepatuhan internal (Penyelesaian Temuan Audit); raw_total=5.0; output_total=5.0; cause=Raw Data Issue."
warning,Officer PPN,,weight_audit,Officer PPN,Weight total not 100: level=position; kpi_type=KAI; raw_total=85.0; output_total=85.0; cause=Raw Data Issue.
warning,Officer PPN,,weight_audit,Officer PPN,Weight total not 100: level=position; kpi_type=OUTPUT; raw_total=85.0; output_total=85.0; cause=Raw Data Issue.
info,Manager PPh,9,IMPACT,Net Income,enum_issue category=normalized; field=Polarity; raw=Positif; normalized=POSITIVE; Polarity normalized to POSITIVE.
info,Manager PPh,9,IMPACT,Net Income,enum_issue category=normalized; field=Period; raw=Triwulanan; normalized=TRIWULANAN; Period normalized to TRIWULANAN.
info,Manager PPh,13,IMPACT,(ROIC > WACC) x Inv.Capital,enum_issue category=normalized; field=Polarity; raw=Positif; normalized=POSITIVE; Polarity normalized to POSITIVE.
info,Manager PPh,13,IMPACT,(ROIC > WACC) x Inv.Capital,enum_issue category=normalized; field=Period; raw=Triwulanan; normalized=TRIWULANAN; Period normalized to TRIWULANAN.
info,Manager PPh,14,IMPACT,Traffic Volume,enum_issue category=normalized; field=Polarity; raw=Positif; normalized=POSITIVE; Polarity normalized to POSITIVE.
info,Manager PPh,14,IMPACT,Traffic Volume,enum_issue category=normalized; field=Period; raw=Triwulanan; normalized=TRIWULANAN; Period normalized to TRIWULANAN.
info,Manager PPh,15,IMPACT,Total Productivity,enum_issue category=normalized; field=Polarity; raw=Negatif; normalized=NEGATIVE; Polarity normalized to NEGATIVE.
info,Manager PPh,15,IMPACT,Total Productivity,enum_issue category=normalized; field=Period; raw=Triwulanan; normalized=TRIWULANAN; Period normalized to TRIWULANAN.
info,Manager PPh,16,IMPACT,Lost Time Injury Frequency Rate (LTIFR),enum_issue category=normalized; field=Polarity; raw=Negatif; normalized=NEGATIVE; Polarity normalized to NEGATIVE.
info,Manager PPh,16,IMPACT,Lost Time Injury Frequency Rate (LTIFR),enum_issue category=normalized; field=Period; raw=Triwulanan; normalized=TRIWULANAN; Period normalized to TRIWULANAN.
info,Manager PPh,17,IMPACT,Pengembangan Ekosistem Bali Maritime Tourism Hub (BMTH),enum_issue category=normalized; field=Polarity; raw=Positif; normalized=POSITIVE; Polarity normalized to POSITIVE.
info,Manager PPh,17,IMPACT,Pengembangan Ekosistem Bali Maritime Tourism Hub (BMTH),enum_issue category=normalized; field=Period; raw=Triwulanan; normalized=TRIWULANAN; Period normalized to TRIWULANAN.
info,Manager PPh,18,IMPACT,Number of KRI exceeding its risk tolerance limit,enum_issue category=normalized; field=Polarity; raw=Positif; normalized=POSITIVE; Polarity normalized to POSITIVE.
info,Manager PPh,18,IMPACT,Number of KRI exceeding its risk tolerance limit,enum_issue category=normalized; field=Period; raw=Triwulanan; normalized=TRIWULANAN; Period normalized to TRIWULANAN.
info,Manager PPh,19,IMPACT,ESG Rating,enum_issue category=normalized; field=Polarity; raw=Positif; normalized=POSITIVE; Polarity normalized to POSITIVE.
info,Manager PPh,19,IMPACT,ESG Rating,enum_issue category=normalized; field=Period; raw=Tahunan; normalized=TAHUNAN; Period normalized to TAHUNAN.
info,Manager PPh,20,IMPACT,Strategic Project Delivery,enum_issue category=normalized; field=Polarity; raw=Positif; normalized=POSITIVE; Polarity normalized to POSITIVE.
info,Manager PPh,20,IMPACT,Strategic Project Delivery,enum_issue category=normalized; field=Period; raw=Triwulanan; normalized=TRIWULANAN; Period normalized to TRIWULANAN.
info,Manager PPh,21,IMPACT,Manpower productivity (Revenue per total manpower),enum_issue category=normalized; field=Polarity; raw=Negatif; normalized=NEGATIVE; Polarity normalized to NEGATIVE.
info,Manager PPh,21,IMPACT,Manpower productivity (Revenue per total manpower),enum_issue category=normalized; field=Period; raw=Triwulanan; normalized=TRIWULANAN; Period normalized to TRIWULANAN.
info,Manager PPh,9,OUTPUT,OPEX Variance,enum_issue category=normalized; field=Period; raw=Triwulanan; normalized=TRIWULANAN; Period normalized to TRIWULANAN.
info,Manager PPh,9,OUTPUT,OPEX Variance,enum_issue category=normalized; field=Polarity; raw=Negatif; normalized=NEGATIVE; Polarity normalized to NEGATIVE.
info,Manager PPh,10,OUTPUT,Rekonsiliasi dan Ekualisasi PPh (Witholding),enum_issue category=normalized; field=Period; raw=Bulanan; normalized=BULANAN; Period normalized to BULANAN.
info,Manager PPh,10,OUTPUT,Rekonsiliasi dan Ekualisasi PPh (Witholding),enum_issue category=normalized; field=Polarity; raw=Negatif; normalized=NEGATIVE; Polarity normalized to NEGATIVE.
info,Manager PPh,11,OUTPUT,Ketepatan Perhitungan dan Pelaporan Pajak (PPH),enum_issue category=normalized; field=Period; raw=Triwulanan; normalized=TRIWULANAN; Period normalized to TRIWULANAN.
info,Manager PPh,11,OUTPUT,Ketepatan Perhitungan dan Pelaporan Pajak (PPH),enum_issue category=normalized; field=Polarity; raw=Negatif; normalized=NEGATIVE; Polarity normalized to NEGATIVE.
info,Manager PPh,12,OUTPUT,Implementasi SimTax pph pasal 21,enum_issue category=normalized; field=Period; raw=tahunan; normalized=TAHUNAN; Period normalized to TAHUNAN.
info,Manager PPh,12,OUTPUT,Implementasi SimTax pph pasal 21,enum_issue category=normalized; field=Polarity; raw=Positif; normalized=POSITIVE; Polarity normalized to POSITIVE.
info,Manager PPh,21,OUTPUT,"Tingkat pemenuhan tata kelola, manajemen risiko, dan kepatuhan internal (Penyelesaian Temuan Audit)",enum_issue category=normalized; field=Period; raw=Semester; normalized=SEMESTER; Period normalized to SEMESTER.
info,Manager PPh,21,OUTPUT,"Tingkat pemenuhan tata kelola, manajemen risiko, dan kepatuhan internal (Penyelesaian Temuan Audit)",enum_issue category=normalized; field=Polarity; raw=Positif; normalized=POSITIVE; Polarity normalized to POSITIVE.
warning,Manager PPh,9,KAI,Pelaksanaan inisiatif strategis efisiensi biaya pada Dept Pajak,KAI formula may not be percentage-based or is blank.
info,Manager PPh,12,KAI,Pelaksanaan implementasi SimTax PPh pasal 21,enum_issue category=normalized; field=Nature Of Work; raw=Non routine; normalized=Non Routine; KAI Nature normalized to Non Routine.
info,Manager PPh,21,KAI,"Mengkoordinasikan, menjaga alignment, mengintegrasikan, dan mengkonsolidasikan pelaksanaan penyelesaian temuan audit",enum_issue category=normalized; field=Nature Of Work; raw=Non routine; normalized=Non Routine; KAI Nature normalized to Non Routine.
warning,Manager PPh,,weight_audit,Manager PPh,Weight total not 100: level=impact; kpi_type=OUTPUT; parent=Manpower productivity (Revenue per total manpower); raw_total=5.0; output_total=5.0; cause=Raw Data Issue.
warning,Manager PPh,,weight_audit,Manager PPh,Weight total not 100: level=impact; kpi_type=OUTPUT; parent=Net Income; raw_total=80.0; output_total=80.0; cause=Raw Data Issue.
warning,Manager PPh,,weight_audit,Manager PPh,Weight total not 100: level=output; kpi_type=KAI; parent=Implementasi SimTax pph pasal 21; raw_total=20.0; output_total=20.0; cause=Raw Data Issue.
warning,Manager PPh,,weight_audit,Manager PPh,Weight total not 100: level=output; kpi_type=KAI; parent=Ketepatan Perhitungan dan Pelaporan Pajak (PPH); raw_total=30.0; output_total=30.0; cause=Raw Data Issue.
warning,Manager PPh,,weight_audit,Manager PPh,Weight total not 100: level=output; kpi_type=KAI; parent=OPEX Variance; raw_total=10.0; output_total=10.0; cause=Raw Data Issue.
warning,Manager PPh,,weight_audit,Manager PPh,Weight total not 100: level=output; kpi_type=KAI; parent=Rekonsiliasi dan Ekualisasi PPh (Witholding); raw_total=20.0; output_total=20.0; cause=Raw Data Issue.
warning,Manager PPh,,weight_audit,Manager PPh,"Weight total not 100: level=output; kpi_type=KAI; parent=Tingkat pemenuhan tata kelola, manajemen risiko, dan kepatuhan internal (Penyelesaian Temuan Audit); raw_total=5.0; output_total=5.0; cause=Raw Data Issue."
warning,Manager PPh,,weight_audit,Manager PPh,Weight total not 100: level=position; kpi_type=KAI; raw_total=85.0; output_total=85.0; cause=Raw Data Issue.
warning,Manager PPh,,weight_audit,Manager PPh,Weight total not 100: level=position; kpi_type=OUTPUT; raw_total=85.0; output_total=85.0; cause=Raw Data Issue.
info,Officer PPh,9,IMPACT,Net Income,enum_issue category=normalized; field=Polarity; raw=Positif; normalized=POSITIVE; Polarity normalized to POSITIVE.
info,Officer PPh,9,IMPACT,Net Income,enum_issue category=normalized; field=Period; raw=Triwulanan; normalized=TRIWULANAN; Period normalized to TRIWULANAN.
info,Officer PPh,13,IMPACT,(ROIC > WACC) x Inv.Capital,enum_issue category=normalized; field=Polarity; raw=Positif; normalized=POSITIVE; Polarity normalized to POSITIVE.
info,Officer PPh,13,IMPACT,(ROIC > WACC) x Inv.Capital,enum_issue category=normalized; field=Period; raw=Triwulanan; normalized=TRIWULANAN; Period normalized to TRIWULANAN.
info,Officer PPh,14,IMPACT,Traffic Volume,enum_issue category=normalized; field=Polarity; raw=Positif; normalized=POSITIVE; Polarity normalized to POSITIVE.
info,Officer PPh,14,IMPACT,Traffic Volume,enum_issue category=normalized; field=Period; raw=Triwulanan; normalized=TRIWULANAN; Period normalized to TRIWULANAN.
info,Officer PPh,15,IMPACT,Total Productivity,enum_issue category=normalized; field=Polarity; raw=Negatif; normalized=NEGATIVE; Polarity normalized to NEGATIVE.
info,Officer PPh,15,IMPACT,Total Productivity,enum_issue category=normalized; field=Period; raw=Triwulanan; normalized=TRIWULANAN; Period normalized to TRIWULANAN.
info,Officer PPh,16,IMPACT,Lost Time Injury Frequency Rate (LTIFR),enum_issue category=normalized; field=Polarity; raw=Negatif; normalized=NEGATIVE; Polarity normalized to NEGATIVE.
info,Officer PPh,16,IMPACT,Lost Time Injury Frequency Rate (LTIFR),enum_issue category=normalized; field=Period; raw=Triwulanan; normalized=TRIWULANAN; Period normalized to TRIWULANAN.
info,Officer PPh,17,IMPACT,Pengembangan Ekosistem Bali Maritime Tourism Hub (BMTH),enum_issue category=normalized; field=Polarity; raw=Positif; normalized=POSITIVE; Polarity normalized to POSITIVE.
info,Officer PPh,17,IMPACT,Pengembangan Ekosistem Bali Maritime Tourism Hub (BMTH),enum_issue category=normalized; field=Period; raw=Triwulanan; normalized=TRIWULANAN; Period normalized to TRIWULANAN.
info,Officer PPh,18,IMPACT,Number of KRI exceeding its risk tolerance limit,enum_issue category=normalized; field=Polarity; raw=Positif; normalized=POSITIVE; Polarity normalized to POSITIVE.
info,Officer PPh,18,IMPACT,Number of KRI exceeding its risk tolerance limit,enum_issue category=normalized; field=Period; raw=Triwulanan; normalized=TRIWULANAN; Period normalized to TRIWULANAN.
info,Officer PPh,19,IMPACT,ESG Rating,enum_issue category=normalized; field=Polarity; raw=Positif; normalized=POSITIVE; Polarity normalized to POSITIVE.
info,Officer PPh,19,IMPACT,ESG Rating,enum_issue category=normalized; field=Period; raw=Tahunan; normalized=TAHUNAN; Period normalized to TAHUNAN.
info,Officer PPh,20,IMPACT,Strategic Project Delivery,enum_issue category=normalized; field=Polarity; raw=Positif; normalized=POSITIVE; Polarity normalized to POSITIVE.
info,Officer PPh,20,IMPACT,Strategic Project Delivery,enum_issue category=normalized; field=Period; raw=Triwulanan; normalized=TRIWULANAN; Period normalized to TRIWULANAN.
info,Officer PPh,21,IMPACT,Manpower productivity (Revenue per total manpower),enum_issue category=normalized; field=Polarity; raw=Negatif; normalized=NEGATIVE; Polarity normalized to NEGATIVE.
info,Officer PPh,21,IMPACT,Manpower productivity (Revenue per total manpower),enum_issue category=normalized; field=Period; raw=Triwulanan; normalized=TRIWULANAN; Period normalized to TRIWULANAN.
info,Officer PPh,9,OUTPUT,OPEX Variance,enum_issue category=normalized; field=Period; raw=Triwulanan; normalized=TRIWULANAN; Period normalized to TRIWULANAN.
info,Officer PPh,9,OUTPUT,OPEX Variance,enum_issue category=normalized; field=Polarity; raw=Negatif; normalized=NEGATIVE; Polarity normalized to NEGATIVE.
info,Officer PPh,10,OUTPUT,Rekonsiliasi dan Ekualisasi PPh (Witholding),enum_issue category=normalized; field=Period; raw=Bulanan; normalized=BULANAN; Period normalized to BULANAN.
info,Officer PPh,10,OUTPUT,Rekonsiliasi dan Ekualisasi PPh (Witholding),enum_issue category=normalized; field=Polarity; raw=Negatif; normalized=NEGATIVE; Polarity normalized to NEGATIVE.
info,Officer PPh,11,OUTPUT,Ketepatan Perhitungan dan Pelaporan Pajak (PPH),enum_issue category=normalized; field=Period; raw=Triwulanan; normalized=TRIWULANAN; Period normalized to TRIWULANAN.
info,Officer PPh,11,OUTPUT,Ketepatan Perhitungan dan Pelaporan Pajak (PPH),enum_issue category=normalized; field=Polarity; raw=Negatif; normalized=NEGATIVE; Polarity normalized to NEGATIVE.
info,Officer PPh,12,OUTPUT,Implementasi SimTax pph pasal 21,enum_issue category=normalized; field=Period; raw=tahunan; normalized=TAHUNAN; Period normalized to TAHUNAN.
info,Officer PPh,12,OUTPUT,Implementasi SimTax pph pasal 21,enum_issue category=normalized; field=Polarity; raw=Positif; normalized=POSITIVE; Polarity normalized to POSITIVE.
info,Officer PPh,21,OUTPUT,"Tingkat pemenuhan tata kelola, manajemen risiko, dan kepatuhan internal (Penyelesaian Temuan Audit)",enum_issue category=normalized; field=Period; raw=Semester; normalized=SEMESTER; Period normalized to SEMESTER.
info,Officer PPh,21,OUTPUT,"Tingkat pemenuhan tata kelola, manajemen risiko, dan kepatuhan internal (Penyelesaian Temuan Audit)",enum_issue category=normalized; field=Polarity; raw=Positif; normalized=POSITIVE; Polarity normalized to POSITIVE.
warning,Officer PPh,9,KAI,Pelaksanaan inisiatif strategis efisiensi biaya pada Dept Pajak,KAI formula may not be percentage-based or is blank.
info,Officer PPh,12,KAI,Pelaksanaan implementasi SimTax PPh pasal 21,enum_issue category=normalized; field=Nature Of Work; raw=Non routine; normalized=Non Routine; KAI Nature normalized to Non Routine.
info,Officer PPh,21,KAI,"Mengkoordinasikan, menjaga alignment, mengintegrasikan, dan mengkonsolidasikan pelaksanaan penyelesaian temuan audit",enum_issue category=normalized; field=Nature Of Work; raw=Non routine; normalized=Non Routine; KAI Nature normalized to Non Routine.
warning,Officer PPh,,weight_audit,Officer PPh,Weight total not 100: level=impact; kpi_type=OUTPUT; parent=Manpower productivity (Revenue per total manpower); raw_total=5.0; output_total=5.0; cause=Raw Data Issue.
warning,Officer PPh,,weight_audit,Officer PPh,Weight total not 100: level=impact; kpi_type=OUTPUT; parent=Net Income; raw_total=85.0; output_total=85.0; cause=Raw Data Issue.
warning,Officer PPh,,weight_audit,Officer PPh,Weight total not 100: level=output; kpi_type=KAI; parent=Implementasi SimTax pph pasal 21; raw_total=20.0; output_total=20.0; cause=Raw Data Issue.
warning,Officer PPh,,weight_audit,Officer PPh,Weight total not 100: level=output; kpi_type=KAI; parent=Ketepatan Perhitungan dan Pelaporan Pajak (PPH); raw_total=30.0; output_total=30.0; cause=Raw Data Issue.
warning,Officer PPh,,weight_audit,Officer PPh,Weight total not 100: level=output; kpi_type=KAI; parent=OPEX Variance; raw_total=10.0; output_total=10.0; cause=Raw Data Issue.
warning,Officer PPh,,weight_audit,Officer PPh,Weight total not 100: level=output; kpi_type=KAI; parent=Rekonsiliasi dan Ekualisasi PPh (Witholding); raw_total=25.0; output_total=25.0; cause=Raw Data Issue.
warning,Officer PPh,,weight_audit,Officer PPh,"Weight total not 100: level=output; kpi_type=KAI; parent=Tingkat pemenuhan tata kelola, manajemen risiko, dan kepatuhan internal (Penyelesaian Temuan Audit); raw_total=5.0; output_total=5.0; cause=Raw Data Issue."
warning,Officer PPh,,weight_audit,Officer PPh,Weight total not 100: level=position; kpi_type=KAI; raw_total=90.0; output_total=90.0; cause=Raw Data Issue.
warning,Officer PPh,,weight_audit,Officer PPh,Weight total not 100: level=position; kpi_type=OUTPUT; raw_total=90.0; output_total=90.0; cause=Raw Data Issue.
info,DH Integrasi dan Pengembangan,9,IMPACT,Net Income,enum_issue category=normalized; field=Polarity; raw=Positif; normalized=POSITIVE; Polarity normalized to POSITIVE.
info,DH Integrasi dan Pengembangan,9,IMPACT,Net Income,enum_issue category=normalized; field=Period; raw=Triwulanan; normalized=TRIWULANAN; Period normalized to TRIWULANAN.
info,DH Integrasi dan Pengembangan,10,IMPACT,(ROIC > WACC) x Inv.Capital,enum_issue category=normalized; field=Polarity; raw=Positif; normalized=POSITIVE; Polarity normalized to POSITIVE.
info,DH Integrasi dan Pengembangan,10,IMPACT,(ROIC > WACC) x Inv.Capital,enum_issue category=normalized; field=Period; raw=Triwulanan; normalized=TRIWULANAN; Period normalized to TRIWULANAN.
info,DH Integrasi dan Pengembangan,11,IMPACT,Traffic Volume,enum_issue category=normalized; field=Polarity; raw=Positif; normalized=POSITIVE; Polarity normalized to POSITIVE.
info,DH Integrasi dan Pengembangan,11,IMPACT,Traffic Volume,enum_issue category=normalized; field=Period; raw=Triwulanan; normalized=TRIWULANAN; Period normalized to TRIWULANAN.
info,DH Integrasi dan Pengembangan,12,IMPACT,Total Productivity,enum_issue category=normalized; field=Polarity; raw=Negatif; normalized=NEGATIVE; Polarity normalized to NEGATIVE.
info,DH Integrasi dan Pengembangan,12,IMPACT,Total Productivity,enum_issue category=normalized; field=Period; raw=Triwulanan; normalized=TRIWULANAN; Period normalized to TRIWULANAN.
info,DH Integrasi dan Pengembangan,13,IMPACT,Lost Time Injury Frequency Rate (LTIFR),enum_issue category=normalized; field=Polarity; raw=Negatif; normalized=NEGATIVE; Polarity normalized to NEGATIVE.
info,DH Integrasi dan Pengembangan,13,IMPACT,Lost Time Injury Frequency Rate (LTIFR),enum_issue category=normalized; field=Period; raw=Triwulanan; normalized=TRIWULANAN; Period normalized to TRIWULANAN.
info,DH Integrasi dan Pengembangan,14,IMPACT,Pengembangan Ekosistem Bali Maritime Tourism Hub (BMTH),enum_issue category=normalized; field=Polarity; raw=Positif; normalized=POSITIVE; Polarity normalized to POSITIVE.
info,DH Integrasi dan Pengembangan,14,IMPACT,Pengembangan Ekosistem Bali Maritime Tourism Hub (BMTH),enum_issue category=normalized; field=Period; raw=Triwulanan; normalized=TRIWULANAN; Period normalized to TRIWULANAN.
info,DH Integrasi dan Pengembangan,15,IMPACT,Number of KRI exceeding its risk tolerance limit,enum_issue category=normalized; field=Polarity; raw=Positif; normalized=POSITIVE; Polarity normalized to POSITIVE.
info,DH Integrasi dan Pengembangan,15,IMPACT,Number of KRI exceeding its risk tolerance limit,enum_issue category=normalized; field=Period; raw=Triwulanan; normalized=TRIWULANAN; Period normalized to TRIWULANAN.
info,DH Integrasi dan Pengembangan,16,IMPACT,ESG Rating,enum_issue category=normalized; field=Polarity; raw=Positif; normalized=POSITIVE; Polarity normalized to POSITIVE.
info,DH Integrasi dan Pengembangan,16,IMPACT,ESG Rating,enum_issue category=normalized; field=Period; raw=Tahunan; normalized=TAHUNAN; Period normalized to TAHUNAN.
info,DH Integrasi dan Pengembangan,17,IMPACT,Strategic Project Delivery,enum_issue category=normalized; field=Polarity; raw=Positif; normalized=POSITIVE; Polarity normalized to POSITIVE.
info,DH Integrasi dan Pengembangan,17,IMPACT,Strategic Project Delivery,enum_issue category=normalized; field=Period; raw=Triwulanan; normalized=TRIWULANAN; Period normalized to TRIWULANAN.
info,DH Integrasi dan Pengembangan,21,IMPACT,Manpower productivity (Revenue per total manpower),enum_issue category=normalized; field=Polarity; raw=Negatif; normalized=NEGATIVE; Polarity normalized to NEGATIVE.
info,DH Integrasi dan Pengembangan,21,IMPACT,Manpower productivity (Revenue per total manpower),enum_issue category=normalized; field=Period; raw=Triwulanan; normalized=TRIWULANAN; Period normalized to TRIWULANAN.
info,DH Integrasi dan Pengembangan,9,OUTPUT,OPEX Variance,enum_issue category=normalized; field=Period; raw=Triwulanan; normalized=TRIWULANAN; Period normalized to TRIWULANAN.
info,DH Integrasi dan Pengembangan,9,OUTPUT,OPEX Variance,enum_issue category=normalized; field=Polarity; raw=Negatif; normalized=NEGATIVE; Polarity normalized to NEGATIVE.
info,DH Integrasi dan Pengembangan,17,OUTPUT,Roll-out Fungsi Shared Service Center  di entitas anak / cucu / cicit perusahaan Pelindo Group,enum_issue category=normalized; field=Period; raw=Semester; normalized=SEMESTER; Period normalized to SEMESTER.
info,DH Integrasi dan Pengembangan,17,OUTPUT,Roll-out Fungsi Shared Service Center  di entitas anak / cucu / cicit perusahaan Pelindo Group,enum_issue category=normalized; field=Polarity; raw=Positif; normalized=POSITIVE; Polarity normalized to POSITIVE.
info,DH Integrasi dan Pengembangan,18,OUTPUT,Perkuatan Fungsi SSC melalui Pengembangan Sistem,enum_issue category=normalized; field=Period; raw=Triwulanan; normalized=TRIWULANAN; Period normalized to TRIWULANAN.
info,DH Integrasi dan Pengembangan,18,OUTPUT,Perkuatan Fungsi SSC melalui Pengembangan Sistem,enum_issue category=normalized; field=Polarity; raw=Positif; normalized=POSITIVE; Polarity normalized to POSITIVE.
info,DH Integrasi dan Pengembangan,19,OUTPUT,Survey Layanan SSC,enum_issue category=normalized; field=Period; raw=Semester; normalized=SEMESTER; Period normalized to SEMESTER.
info,DH Integrasi dan Pengembangan,19,OUTPUT,Survey Layanan SSC,enum_issue category=normalized; field=Polarity; raw=Positif; normalized=POSITIVE; Polarity normalized to POSITIVE.
info,DH Integrasi dan Pengembangan,20,OUTPUT,Pengembangan Dashboard SSC SDM dan Pengadaan,enum_issue category=normalized; field=Period; raw=Semester; normalized=SEMESTER; Period normalized to SEMESTER.
info,DH Integrasi dan Pengembangan,20,OUTPUT,Pengembangan Dashboard SSC SDM dan Pengadaan,enum_issue category=normalized; field=Polarity; raw=Positif; normalized=POSITIVE; Polarity normalized to POSITIVE.
info,DH Integrasi dan Pengembangan,21,OUTPUT,"Tingkat pemenuhan tata kelola, manajemen risiko, dan kepatuhan internal (Penyelesaian Temuan Audit)",enum_issue category=normalized; field=Period; raw=Semester; normalized=SEMESTER; Period normalized to SEMESTER.
info,DH Integrasi dan Pengembangan,21,OUTPUT,"Tingkat pemenuhan tata kelola, manajemen risiko, dan kepatuhan internal (Penyelesaian Temuan Audit)",enum_issue category=normalized; field=Polarity; raw=Positif; normalized=POSITIVE; Polarity normalized to POSITIVE.
warning,DH Integrasi dan Pengembangan,9,KAI,Pelaksanaan inisiatif strategis efisiensi biaya pada Group Pengembangan SSC,KAI formula may not be percentage-based or is blank.
warning,DH Integrasi dan Pengembangan,17,KAI,"Mengkoordinasikan, menjaga alignment, mengintegrasikan, dan mengkonsolidasikan pelaksanaan roll-out fungsi Shared Service Center",KAI formula may not be percentage-based or is blank.
info,DH Integrasi dan Pengembangan,21,KAI,"Mengkoordinasikan, menjaga alignment, mengintegrasikan, dan mengkonsolidasikan pelaksanaan penyelesaian temuan audit",enum_issue category=normalized; field=Nature Of Work; raw=Non routine; normalized=Non Routine; KAI Nature normalized to Non Routine.
warning,DH Integrasi dan Pengembangan,,weight_audit,DH Integrasi dan Pengembangan,Weight total not 100: level=impact; kpi_type=OUTPUT; parent=Manpower productivity (Revenue per total manpower); raw_total=10.0; output_total=10.0; cause=Raw Data Issue.
warning,DH Integrasi dan Pengembangan,,weight_audit,DH Integrasi dan Pengembangan,Weight total not 100: level=impact; kpi_type=OUTPUT; parent=Net Income; raw_total=10.0; output_total=10.0; cause=Raw Data Issue.
warning,DH Integrasi dan Pengembangan,,weight_audit,DH Integrasi dan Pengembangan,Weight total not 100: level=impact; kpi_type=OUTPUT; parent=Strategic Project Delivery; raw_total=80.0; output_total=80.0; cause=Raw Data Issue.
warning,DH Integrasi dan Pengembangan,,weight_audit,DH Integrasi dan Pengembangan,Weight total not 100: level=output; kpi_type=KAI; parent=OPEX Variance; raw_total=10.0; output_total=10.0; cause=Raw Data Issue.
warning,DH Integrasi dan Pengembangan,,weight_audit,DH Integrasi dan Pengembangan,Weight total not 100: level=output; kpi_type=KAI; parent=Pengembangan Dashboard SSC SDM dan Pengadaan; raw_total=15.0; output_total=15.0; cause=Raw Data Issue.
warning,DH Integrasi dan Pengembangan,,weight_audit,DH Integrasi dan Pengembangan,Weight total not 100: level=output; kpi_type=KAI; parent=Perkuatan Fungsi SSC melalui Pengembangan Sistem; raw_total=20.0; output_total=20.0; cause=Raw Data Issue.
warning,DH Integrasi dan Pengembangan,,weight_audit,DH Integrasi dan Pengembangan,Weight total not 100: level=output; kpi_type=KAI; parent=Roll-out Fungsi Shared Service Center  di entitas anak / cucu / cicit perusahaan Pelindo Group; raw_total=25.0; output_total=25.0; cause=Raw Data Issue.
warning,DH Integrasi dan Pengembangan,,weight_audit,DH Integrasi dan Pengembangan,Weight total not 100: level=output; kpi_type=KAI; parent=Survey Layanan SSC; raw_total=20.0; output_total=20.0; cause=Raw Data Issue.
warning,DH Integrasi dan Pengembangan,,weight_audit,DH Integrasi dan Pengembangan,"Weight total not 100: level=output; kpi_type=KAI; parent=Tingkat pemenuhan tata kelola, manajemen risiko, dan kepatuhan internal (Penyelesaian Temuan Audit); raw_total=10.0; output_total=10.0; cause=Raw Data Issue."
info,Manager MonEv Layanan SSC,9,IMPACT,Net Income,enum_issue category=normalized; field=Polarity; raw=Positif; normalized=POSITIVE; Polarity normalized to POSITIVE.
info,Manager MonEv Layanan SSC,9,IMPACT,Net Income,enum_issue category=normalized; field=Period; raw=Triwulanan; normalized=TRIWULANAN; Period normalized to TRIWULANAN.
info,Manager MonEv Layanan SSC,10,IMPACT,(ROIC > WACC) x Inv.Capital,enum_issue category=normalized; field=Polarity; raw=Positif; normalized=POSITIVE; Polarity normalized to POSITIVE.
info,Manager MonEv Layanan SSC,10,IMPACT,(ROIC > WACC) x Inv.Capital,enum_issue category=normalized; field=Period; raw=Triwulanan; normalized=TRIWULANAN; Period normalized to TRIWULANAN.
info,Manager MonEv Layanan SSC,11,IMPACT,Traffic Volume,enum_issue category=normalized; field=Polarity; raw=Positif; normalized=POSITIVE; Polarity normalized to POSITIVE.
info,Manager MonEv Layanan SSC,11,IMPACT,Traffic Volume,enum_issue category=normalized; field=Period; raw=Triwulanan; normalized=TRIWULANAN; Period normalized to TRIWULANAN.
info,Manager MonEv Layanan SSC,12,IMPACT,Total Productivity,enum_issue category=normalized; field=Polarity; raw=Positif; normalized=POSITIVE; Polarity normalized to POSITIVE.
info,Manager MonEv Layanan SSC,12,IMPACT,Total Productivity,enum_issue category=normalized; field=Period; raw=Triwulanan; normalized=TRIWULANAN; Period normalized to TRIWULANAN.
info,Manager MonEv Layanan SSC,14,IMPACT,Lost Time Injury Frequency Rate (LTIFR),enum_issue category=normalized; field=Polarity; raw=Negatif; normalized=NEGATIVE; Polarity normalized to NEGATIVE.
info,Manager MonEv Layanan SSC,14,IMPACT,Lost Time Injury Frequency Rate (LTIFR),enum_issue category=normalized; field=Period; raw=Triwulanan; normalized=TRIWULANAN; Period normalized to TRIWULANAN.
info,Manager MonEv Layanan SSC,15,IMPACT,Pengembangan Ekosistem Bali Maritime Tourism Hub (BMTH),enum_issue category=normalized; field=Polarity; raw=Positif; normalized=POSITIVE; Polarity normalized to POSITIVE.
info,Manager MonEv Layanan SSC,15,IMPACT,Pengembangan Ekosistem Bali Maritime Tourism Hub (BMTH),enum_issue category=normalized; field=Period; raw=Triwulanan; normalized=TRIWULANAN; Period normalized to TRIWULANAN.
info,Manager MonEv Layanan SSC,16,IMPACT,Number of KRI exceeding its risk tolerance limit,enum_issue category=normalized; field=Polarity; raw=Positif; normalized=POSITIVE; Polarity normalized to POSITIVE.
info,Manager MonEv Layanan SSC,16,IMPACT,Number of KRI exceeding its risk tolerance limit,enum_issue category=normalized; field=Period; raw=Triwulanan; normalized=TRIWULANAN; Period normalized to TRIWULANAN.
info,Manager MonEv Layanan SSC,17,IMPACT,ESG Rating,enum_issue category=normalized; field=Polarity; raw=Positif; normalized=POSITIVE; Polarity normalized to POSITIVE.
info,Manager MonEv Layanan SSC,17,IMPACT,ESG Rating,enum_issue category=normalized; field=Period; raw=Tahunan; normalized=TAHUNAN; Period normalized to TAHUNAN.
info,Manager MonEv Layanan SSC,18,IMPACT,Strategic Project Delivery,enum_issue category=normalized; field=Polarity; raw=Positif; normalized=POSITIVE; Polarity normalized to POSITIVE.
info,Manager MonEv Layanan SSC,18,IMPACT,Strategic Project Delivery,enum_issue category=normalized; field=Period; raw=Triwulanan; normalized=TRIWULANAN; Period normalized to TRIWULANAN.
info,Manager MonEv Layanan SSC,20,IMPACT,Manpower productivity (Revenue per total manpower),enum_issue category=normalized; field=Polarity; raw=Negatif; normalized=NEGATIVE; Polarity normalized to NEGATIVE.
info,Manager MonEv Layanan SSC,20,IMPACT,Manpower productivity (Revenue per total manpower),enum_issue category=normalized; field=Period; raw=Triwulanan; normalized=TRIWULANAN; Period normalized to TRIWULANAN.
info,Manager MonEv Layanan SSC,12,OUTPUT,Laporan monitoring dan evaluasi SSC,enum_issue category=normalized; field=Period; raw=Triwulanan; normalized=TRIWULANAN; Period normalized to TRIWULANAN.
info,Manager MonEv Layanan SSC,12,OUTPUT,Laporan monitoring dan evaluasi SSC,enum_issue category=normalized; field=Polarity; raw=Positif; normalized=POSITIVE; Polarity normalized to POSITIVE.
info,Manager MonEv Layanan SSC,13,OUTPUT,Laporan realisasi layanan SSC,enum_issue category=normalized; field=Period; raw=Bulanan; normalized=BULANAN; Period normalized to BULANAN.
info,Manager MonEv Layanan SSC,13,OUTPUT,Laporan realisasi layanan SSC,enum_issue category=normalized; field=Polarity; raw=Positif; normalized=POSITIVE; Polarity normalized to POSITIVE.
info,Manager MonEv Layanan SSC,18,OUTPUT,Roll-out Fungsi Shared Service Center  di entitas anak / cucu / cicit perusahaan Pelindo Group,enum_issue category=normalized; field=Period; raw=Semester; normalized=SEMESTER; Period normalized to SEMESTER.
info,Manager MonEv Layanan SSC,18,OUTPUT,Roll-out Fungsi Shared Service Center  di entitas anak / cucu / cicit perusahaan Pelindo Group,enum_issue category=normalized; field=Polarity; raw=Positif; normalized=POSITIVE; Polarity normalized to POSITIVE.
info,Manager MonEv Layanan SSC,19,OUTPUT,Survey Layanan SSC,enum_issue category=normalized; field=Period; raw=Semester; normalized=SEMESTER; Period normalized to SEMESTER.
info,Manager MonEv Layanan SSC,19,OUTPUT,Survey Layanan SSC,enum_issue category=normalized; field=Polarity; raw=Positif; normalized=POSITIVE; Polarity normalized to POSITIVE.
info,Manager MonEv Layanan SSC,20,OUTPUT,"Tingkat pemenuhan tata kelola, manajemen risiko, dan kepatuhan internal (Penyelesaian Temuan Audit)",enum_issue category=normalized; field=Period; raw=Semester; normalized=SEMESTER; Period normalized to SEMESTER.
info,Manager MonEv Layanan SSC,20,OUTPUT,"Tingkat pemenuhan tata kelola, manajemen risiko, dan kepatuhan internal (Penyelesaian Temuan Audit)",enum_issue category=normalized; field=Polarity; raw=Positif; normalized=POSITIVE; Polarity normalized to POSITIVE.
warning,Manager MonEv Layanan SSC,18,KAI,"Mengkoordinasikan, menjaga alignment, mengintegrasikan, dan mengkonsolidasikan pelaksanaan roll-out fungsi Shared Service Center",KAI formula may not be percentage-based or is blank.
info,Manager MonEv Layanan SSC,20,KAI,"Mengkoordinasikan, menjaga alignment, mengintegrasikan, dan mengkonsolidasikan pelaksanaan penyelesaian temuan audit",enum_issue category=normalized; field=Nature Of Work; raw=Non routine; normalized=Non Routine; KAI Nature normalized to Non Routine.
warning,Manager MonEv Layanan SSC,,weight_audit,Manager MonEv Layanan SSC,Weight total not 100: level=impact; kpi_type=OUTPUT; parent=Manpower productivity (Revenue per total manpower); raw_total=10.0; output_total=10.0; cause=Raw Data Issue.
warning,Manager MonEv Layanan SSC,,weight_audit,Manager MonEv Layanan SSC,Weight total not 100: level=impact; kpi_type=OUTPUT; parent=Strategic Project Delivery; raw_total=45.0; output_total=45.0; cause=Raw Data Issue.
warning,Manager MonEv Layanan SSC,,weight_audit,Manager MonEv Layanan SSC,Weight total not 100: level=impact; kpi_type=OUTPUT; parent=Total Productivity; raw_total=45.0; output_total=45.0; cause=Raw Data Issue.
warning,Manager MonEv Layanan SSC,,weight_audit,Manager MonEv Layanan SSC,Weight total not 100: level=output; kpi_type=KAI; parent=Laporan monitoring dan evaluasi SSC; raw_total=30.0; output_total=30.0; cause=Raw Data Issue.
warning,Manager MonEv Layanan SSC,,weight_audit,Manager MonEv Layanan SSC,Weight total not 100: level=output; kpi_type=KAI; parent=Laporan realisasi layanan SSC; raw_total=15.0; output_total=15.0; cause=Raw Data Issue.
warning,Manager MonEv Layanan SSC,,weight_audit,Manager MonEv Layanan SSC,Weight total not 100: level=output; kpi_type=KAI; parent=Roll-out Fungsi Shared Service Center  di entitas anak / cucu / cicit perusahaan Pelindo Group; raw_total=25.0; output_total=25.0; cause=Raw Data Issue.
warning,Manager MonEv Layanan SSC,,weight_audit,Manager MonEv Layanan SSC,Weight total not 100: level=output; kpi_type=KAI; parent=Survey Layanan SSC; raw_total=20.0; output_total=20.0; cause=Raw Data Issue.
warning,Manager MonEv Layanan SSC,,weight_audit,Manager MonEv Layanan SSC,"Weight total not 100: level=output; kpi_type=KAI; parent=Tingkat pemenuhan tata kelola, manajemen risiko, dan kepatuhan internal (Penyelesaian Temuan Audit); raw_total=10.0; output_total=10.0; cause=Raw Data Issue."
info,TL Service Management,9,IMPACT,Net Income,enum_issue category=normalized; field=Polarity; raw=Positif; normalized=POSITIVE; Polarity normalized to POSITIVE.
info,TL Service Management,9,IMPACT,Net Income,enum_issue category=normalized; field=Period; raw=Triwulanan; normalized=TRIWULANAN; Period normalized to TRIWULANAN.
info,TL Service Management,10,IMPACT,(ROIC > WACC) x Inv.Capital,enum_issue category=normalized; field=Polarity; raw=Positif; normalized=POSITIVE; Polarity normalized to POSITIVE.
info,TL Service Management,10,IMPACT,(ROIC > WACC) x Inv.Capital,enum_issue category=normalized; field=Period; raw=Triwulanan; normalized=TRIWULANAN; Period normalized to TRIWULANAN.
info,TL Service Management,11,IMPACT,Traffic Volume,enum_issue category=normalized; field=Polarity; raw=Positif; normalized=POSITIVE; Polarity normalized to POSITIVE.
info,TL Service Management,11,IMPACT,Traffic Volume,enum_issue category=normalized; field=Period; raw=Triwulanan; normalized=TRIWULANAN; Period normalized to TRIWULANAN.
info,TL Service Management,12,IMPACT,Total Productivity,enum_issue category=normalized; field=Polarity; raw=Negatif; normalized=NEGATIVE; Polarity normalized to NEGATIVE.
info,TL Service Management,12,IMPACT,Total Productivity,enum_issue category=normalized; field=Period; raw=Triwulanan; normalized=TRIWULANAN; Period normalized to TRIWULANAN.
info,TL Service Management,13,IMPACT,Lost Time Injury Frequency Rate (LTIFR),enum_issue category=normalized; field=Polarity; raw=Negatif; normalized=NEGATIVE; Polarity normalized to NEGATIVE.
info,TL Service Management,13,IMPACT,Lost Time Injury Frequency Rate (LTIFR),enum_issue category=normalized; field=Period; raw=Triwulanan; normalized=TRIWULANAN; Period normalized to TRIWULANAN.
info,TL Service Management,14,IMPACT,Pengembangan Ekosistem Bali Maritime Tourism Hub (BMTH),enum_issue category=normalized; field=Polarity; raw=Positif; normalized=POSITIVE; Polarity normalized to POSITIVE.
info,TL Service Management,14,IMPACT,Pengembangan Ekosistem Bali Maritime Tourism Hub (BMTH),enum_issue category=normalized; field=Period; raw=Triwulanan; normalized=TRIWULANAN; Period normalized to TRIWULANAN.
info,TL Service Management,15,IMPACT,Number of KRI exceeding its risk tolerance limit,enum_issue category=normalized; field=Polarity; raw=Positif; normalized=POSITIVE; Polarity normalized to POSITIVE.
info,TL Service Management,15,IMPACT,Number of KRI exceeding its risk tolerance limit,enum_issue category=normalized; field=Period; raw=Triwulanan; normalized=TRIWULANAN; Period normalized to TRIWULANAN.
info,TL Service Management,16,IMPACT,ESG Rating,enum_issue category=normalized; field=Polarity; raw=Positif; normalized=POSITIVE; Polarity normalized to POSITIVE.
info,TL Service Management,16,IMPACT,ESG Rating,enum_issue category=normalized; field=Period; raw=Tahunan; normalized=TAHUNAN; Period normalized to TAHUNAN.
info,TL Service Management,17,IMPACT,Strategic Project Delivery,enum_issue category=normalized; field=Polarity; raw=Positif; normalized=POSITIVE; Polarity normalized to POSITIVE.
info,TL Service Management,17,IMPACT,Strategic Project Delivery,enum_issue category=normalized; field=Period; raw=Triwulanan; normalized=TRIWULANAN; Period normalized to TRIWULANAN.
info,TL Service Management,19,IMPACT,Manpower productivity (Revenue per total manpower),enum_issue category=normalized; field=Polarity; raw=Positif; normalized=POSITIVE; Polarity normalized to POSITIVE.
info,TL Service Management,19,IMPACT,Manpower productivity (Revenue per total manpower),enum_issue category=normalized; field=Period; raw=Triwulanan; normalized=TRIWULANAN; Period normalized to TRIWULANAN.
info,TL Service Management,17,OUTPUT,Roll-out Fungsi Shared Service Center  di entitas anak / cucu / cicit perusahaan Pelindo Group sebagai support service desk,enum_issue category=normalized; field=Period; raw=Semester; normalized=SEMESTER; Period normalized to SEMESTER.
info,TL Service Management,17,OUTPUT,Roll-out Fungsi Shared Service Center  di entitas anak / cucu / cicit perusahaan Pelindo Group sebagai support service desk,enum_issue category=normalized; field=Polarity; raw=Positif; normalized=POSITIVE; Polarity normalized to POSITIVE.
info,TL Service Management,18,OUTPUT,Survey Layanan SSC,enum_issue category=normalized; field=Period; raw=Semester; normalized=SEMESTER; Period normalized to SEMESTER.
info,TL Service Management,18,OUTPUT,Survey Layanan SSC,enum_issue category=normalized; field=Polarity; raw=Positif; normalized=POSITIVE; Polarity normalized to POSITIVE.
info,TL Service Management,19,OUTPUT,Pelaksanaan kegiatan SSC Service Management dan Service Desk,enum_issue category=normalized; field=Period; raw=bulanan; normalized=BULANAN; Period normalized to BULANAN.
info,TL Service Management,19,OUTPUT,Pelaksanaan kegiatan SSC Service Management dan Service Desk,enum_issue category=normalized; field=Polarity; raw=Positif; normalized=POSITIVE; Polarity normalized to POSITIVE.
info,TL Service Management,20,OUTPUT,"Tingkat pemenuhan tata kelola, manajemen risiko, dan kepatuhan internal (Penyelesaian Temuan Audit)",enum_issue category=normalized; field=Period; raw=Semester; normalized=SEMESTER; Period normalized to SEMESTER.
info,TL Service Management,20,OUTPUT,"Tingkat pemenuhan tata kelola, manajemen risiko, dan kepatuhan internal (Penyelesaian Temuan Audit)",enum_issue category=normalized; field=Polarity; raw=Positif; normalized=POSITIVE; Polarity normalized to POSITIVE.
info,TL Service Management,21,OUTPUT,Monitoring dan pencapaian SLA SSC,enum_issue category=normalized; field=Period; raw=triwulanan; normalized=TRIWULANAN; Period normalized to TRIWULANAN.
info,TL Service Management,21,OUTPUT,Monitoring dan pencapaian SLA SSC,enum_issue category=normalized; field=Polarity; raw=Positif; normalized=POSITIVE; Polarity normalized to POSITIVE.
info,TL Service Management,17,KAI,"Mengkoordinasikan, menjaga alignment, mengintegrasikan, dan mengkonsolidasikan pelaksanaan roll-out fungsi Shared Service Center sebagai support service desk",enum_issue category=normalized; field=Nature Of Work; raw=Non routine; normalized=Non Routine; KAI Nature normalized to Non Routine.
warning,TL Service Management,17,KAI,"Mengkoordinasikan, menjaga alignment, mengintegrasikan, dan mengkonsolidasikan pelaksanaan roll-out fungsi Shared Service Center sebagai support service desk",KAI formula may not be percentage-based or is blank.
info,TL Service Management,18,KAI,Pelaksanaan survey layanan SSC,enum_issue category=normalized; field=Nature Of Work; raw=Non routine; normalized=Non Routine; KAI Nature normalized to Non Routine.
warning,TL Service Management,19,KAI,"Mengkoordinasikan, menjaga alignment, mengintegrasikan, dan mengkonsolidasikan pelaksanaan kegiatan SSC Service Management dan Service Desk",KAI formula may not be percentage-based or is blank.
info,TL Service Management,20,KAI,"Mengkoordinasikan, menjaga alignment, mengintegrasikan, dan mengkonsolidasikan pelaksanaan penyelesaian temuan audit",enum_issue category=normalized; field=Nature Of Work; raw=Non routine; normalized=Non Routine; KAI Nature normalized to Non Routine.
warning,TL Service Management,,weight_audit,TL Service Management,Weight total not 100: level=impact; kpi_type=OUTPUT; parent=Manpower productivity (Revenue per total manpower); raw_total=55.0; output_total=55.0; cause=Raw Data Issue.
warning,TL Service Management,,weight_audit,TL Service Management,Weight total not 100: level=impact; kpi_type=OUTPUT; parent=Strategic Project Delivery; raw_total=45.0; output_total=45.0; cause=Raw Data Issue.
warning,TL Service Management,,weight_audit,TL Service Management,Weight total not 100: level=output; kpi_type=KAI; parent=Monitoring dan pencapaian SLA SSC; raw_total=25.0; output_total=25.0; cause=Raw Data Issue.
warning,TL Service Management,,weight_audit,TL Service Management,Weight total not 100: level=output; kpi_type=KAI; parent=Pelaksanaan kegiatan SSC Service Management dan Service Desk; raw_total=25.0; output_total=25.0; cause=Raw Data Issue.
warning,TL Service Management,,weight_audit,TL Service Management,Weight total not 100: level=output; kpi_type=KAI; parent=Roll-out Fungsi Shared Service Center  di entitas anak / cucu / cicit perusahaan Pelindo Group sebagai support service desk; raw_total=25.0; output_total=25.0; cause=Raw Data Issue.
warning,TL Service Management,,weight_audit,TL Service Management,Weight total not 100: level=output; kpi_type=KAI; parent=Survey Layanan SSC; raw_total=20.0; output_total=20.0; cause=Raw Data Issue.
warning,TL Service Management,,weight_audit,TL Service Management,"Weight total not 100: level=output; kpi_type=KAI; parent=Tingkat pemenuhan tata kelola, manajemen risiko, dan kepatuhan internal (Penyelesaian Temuan Audit); raw_total=5.0; output_total=5.0; cause=Raw Data Issue."
info,Officer Service Management,9,IMPACT,Net Income,enum_issue category=normalized; field=Polarity; raw=Positif; normalized=POSITIVE; Polarity normalized to POSITIVE.
info,Officer Service Management,9,IMPACT,Net Income,enum_issue category=normalized; field=Period; raw=Triwulanan; normalized=TRIWULANAN; Period normalized to TRIWULANAN.
info,Officer Service Management,10,IMPACT,(ROIC > WACC) x Inv.Capital,enum_issue category=normalized; field=Polarity; raw=Positif; normalized=POSITIVE; Polarity normalized to POSITIVE.
info,Officer Service Management,10,IMPACT,(ROIC > WACC) x Inv.Capital,enum_issue category=normalized; field=Period; raw=Triwulanan; normalized=TRIWULANAN; Period normalized to TRIWULANAN.
info,Officer Service Management,11,IMPACT,Traffic Volume,enum_issue category=normalized; field=Polarity; raw=Positif; normalized=POSITIVE; Polarity normalized to POSITIVE.
info,Officer Service Management,11,IMPACT,Traffic Volume,enum_issue category=normalized; field=Period; raw=Triwulanan; normalized=TRIWULANAN; Period normalized to TRIWULANAN.
info,Officer Service Management,12,IMPACT,Total Productivity,enum_issue category=normalized; field=Polarity; raw=Positif; normalized=POSITIVE; Polarity normalized to POSITIVE.
info,Officer Service Management,12,IMPACT,Total Productivity,enum_issue category=normalized; field=Period; raw=Triwulanan; normalized=TRIWULANAN; Period normalized to TRIWULANAN.
info,Officer Service Management,13,IMPACT,Lost Time Injury Frequency Rate (LTIFR),enum_issue category=normalized; field=Polarity; raw=Negatif; normalized=NEGATIVE; Polarity normalized to NEGATIVE.
info,Officer Service Management,13,IMPACT,Lost Time Injury Frequency Rate (LTIFR),enum_issue category=normalized; field=Period; raw=Triwulanan; normalized=TRIWULANAN; Period normalized to TRIWULANAN.
info,Officer Service Management,14,IMPACT,Pengembangan Ekosistem Bali Maritime Tourism Hub (BMTH),enum_issue category=normalized; field=Polarity; raw=Positif; normalized=POSITIVE; Polarity normalized to POSITIVE.
info,Officer Service Management,14,IMPACT,Pengembangan Ekosistem Bali Maritime Tourism Hub (BMTH),enum_issue category=normalized; field=Period; raw=Triwulanan; normalized=TRIWULANAN; Period normalized to TRIWULANAN.
info,Officer Service Management,15,IMPACT,Number of KRI exceeding its risk tolerance limit,enum_issue category=normalized; field=Polarity; raw=Positif; normalized=POSITIVE; Polarity normalized to POSITIVE.
info,Officer Service Management,15,IMPACT,Number of KRI exceeding its risk tolerance limit,enum_issue category=normalized; field=Period; raw=Triwulanan; normalized=TRIWULANAN; Period normalized to TRIWULANAN.
info,Officer Service Management,16,IMPACT,ESG Rating,enum_issue category=normalized; field=Polarity; raw=Positif; normalized=POSITIVE; Polarity normalized to POSITIVE.
info,Officer Service Management,16,IMPACT,ESG Rating,enum_issue category=normalized; field=Period; raw=Tahunan; normalized=TAHUNAN; Period normalized to TAHUNAN.
info,Officer Service Management,17,IMPACT,Strategic Project Delivery,enum_issue category=normalized; field=Polarity; raw=Positif; normalized=POSITIVE; Polarity normalized to POSITIVE.
info,Officer Service Management,17,IMPACT,Strategic Project Delivery,enum_issue category=normalized; field=Period; raw=Triwulanan; normalized=TRIWULANAN; Period normalized to TRIWULANAN.
info,Officer Service Management,18,IMPACT,Manpower productivity (Revenue per total manpower),enum_issue category=normalized; field=Polarity; raw=Positif; normalized=POSITIVE; Polarity normalized to POSITIVE.
info,Officer Service Management,18,IMPACT,Manpower productivity (Revenue per total manpower),enum_issue category=normalized; field=Period; raw=Triwulanan; normalized=TRIWULANAN; Period normalized to TRIWULANAN.
info,Officer Service Management,12,OUTPUT,Proses Verifikasi Tagihan vendor travel,enum_issue category=normalized; field=Period; raw=Bulanan; normalized=BULANAN; Period normalized to BULANAN.
info,Officer Service Management,12,OUTPUT,Proses Verifikasi Tagihan vendor travel,enum_issue category=normalized; field=Polarity; raw=Positif; normalized=POSITIVE; Polarity normalized to POSITIVE.
info,Officer Service Management,17,OUTPUT,Survey Layanan SSC,enum_issue category=normalized; field=Period; raw=Semester; normalized=SEMESTER; Period normalized to SEMESTER.
info,Officer Service Management,17,OUTPUT,Survey Layanan SSC,enum_issue category=normalized; field=Polarity; raw=Positif; normalized=POSITIVE; Polarity normalized to POSITIVE.
info,Officer Service Management,18,OUTPUT,Pelaksanaan kegiatan SSC Service Management dan Service Desk,enum_issue category=normalized; field=Period; raw=bulanan; normalized=BULANAN; Period normalized to BULANAN.
info,Officer Service Management,18,OUTPUT,Pelaksanaan kegiatan SSC Service Management dan Service Desk,enum_issue category=normalized; field=Polarity; raw=Positif; normalized=POSITIVE; Polarity normalized to POSITIVE.
info,Officer Service Management,19,OUTPUT,Monitoring dan pencapaian SLA SSC,enum_issue category=normalized; field=Period; raw=triwulanan; normalized=TRIWULANAN; Period normalized to TRIWULANAN.
info,Officer Service Management,19,OUTPUT,Monitoring dan pencapaian SLA SSC,enum_issue category=normalized; field=Polarity; raw=Positif; normalized=POSITIVE; Polarity normalized to POSITIVE.
info,Officer Service Management,17,KAI,Pelaksanaan survey layanan SSC,enum_issue category=normalized; field=Nature Of Work; raw=Non routine; normalized=Non Routine; KAI Nature normalized to Non Routine.
warning,Officer Service Management,18,KAI,"Mengkoordinasikan, menjaga alignment, mengintegrasikan, dan mengkonsolidasikan pelaksanaan kegiatan SSC Service Management dan Service Desk",KAI formula may not be percentage-based or is blank.
warning,Officer Service Management,,weight_audit,Officer Service Management,Weight total not 100: level=impact; kpi_type=OUTPUT; parent=Manpower productivity (Revenue per total manpower); raw_total=50.0; output_total=50.0; cause=Raw Data Issue.
warning,Officer Service Management,,weight_audit,Officer Service Management,Weight total not 100: level=impact; kpi_type=OUTPUT; parent=Strategic Project Delivery; raw_total=20.0; output_total=20.0; cause=Raw Data Issue.
warning,Officer Service Management,,weight_audit,Officer Service Management,Weight total not 100: level=impact; kpi_type=OUTPUT; parent=Total Productivity; raw_total=30.0; output_total=30.0; cause=Raw Data Issue.
warning,Officer Service Management,,weight_audit,Officer Service Management,Weight total not 100: level=output; kpi_type=KAI; parent=Monitoring dan pencapaian SLA SSC; raw_total=25.0; output_total=25.0; cause=Raw Data Issue.
warning,Officer Service Management,,weight_audit,Officer Service Management,Weight total not 100: level=output; kpi_type=KAI; parent=Pelaksanaan kegiatan SSC Service Management dan Service Desk; raw_total=25.0; output_total=25.0; cause=Raw Data Issue.
warning,Officer Service Management,,weight_audit,Officer Service Management,Weight total not 100: level=output; kpi_type=KAI; parent=Proses Verifikasi Tagihan vendor travel; raw_total=30.0; output_total=30.0; cause=Raw Data Issue.
warning,Officer Service Management,,weight_audit,Officer Service Management,Weight total not 100: level=output; kpi_type=KAI; parent=Survey Layanan SSC; raw_total=20.0; output_total=20.0; cause=Raw Data Issue.
info,Mgr Perencanaan dan Pengembanga,9,IMPACT,Net Income,enum_issue category=normalized; field=Polarity; raw=Positif; normalized=POSITIVE; Polarity normalized to POSITIVE.
info,Mgr Perencanaan dan Pengembanga,9,IMPACT,Net Income,enum_issue category=normalized; field=Period; raw=Triwulanan; normalized=TRIWULANAN; Period normalized to TRIWULANAN.
info,Mgr Perencanaan dan Pengembanga,10,IMPACT,(ROIC > WACC) x Inv.Capital,enum_issue category=normalized; field=Polarity; raw=Positif; normalized=POSITIVE; Polarity normalized to POSITIVE.
info,Mgr Perencanaan dan Pengembanga,10,IMPACT,(ROIC > WACC) x Inv.Capital,enum_issue category=normalized; field=Period; raw=Triwulanan; normalized=TRIWULANAN; Period normalized to TRIWULANAN.
info,Mgr Perencanaan dan Pengembanga,11,IMPACT,Traffic Volume,enum_issue category=normalized; field=Polarity; raw=Positif; normalized=POSITIVE; Polarity normalized to POSITIVE.
info,Mgr Perencanaan dan Pengembanga,11,IMPACT,Traffic Volume,enum_issue category=normalized; field=Period; raw=Triwulanan; normalized=TRIWULANAN; Period normalized to TRIWULANAN.
info,Mgr Perencanaan dan Pengembanga,12,IMPACT,Total Productivity,enum_issue category=normalized; field=Polarity; raw=Positif; normalized=POSITIVE; Polarity normalized to POSITIVE.
info,Mgr Perencanaan dan Pengembanga,12,IMPACT,Total Productivity,enum_issue category=normalized; field=Period; raw=Triwulanan; normalized=TRIWULANAN; Period normalized to TRIWULANAN.
info,Mgr Perencanaan dan Pengembanga,13,IMPACT,Lost Time Injury Frequency Rate (LTIFR),enum_issue category=normalized; field=Polarity; raw=Negatif; normalized=NEGATIVE; Polarity normalized to NEGATIVE.
info,Mgr Perencanaan dan Pengembanga,13,IMPACT,Lost Time Injury Frequency Rate (LTIFR),enum_issue category=normalized; field=Period; raw=Triwulanan; normalized=TRIWULANAN; Period normalized to TRIWULANAN.
info,Mgr Perencanaan dan Pengembanga,14,IMPACT,Pengembangan Ekosistem Bali Maritime Tourism Hub (BMTH),enum_issue category=normalized; field=Polarity; raw=Positif; normalized=POSITIVE; Polarity normalized to POSITIVE.
info,Mgr Perencanaan dan Pengembanga,14,IMPACT,Pengembangan Ekosistem Bali Maritime Tourism Hub (BMTH),enum_issue category=normalized; field=Period; raw=Triwulanan; normalized=TRIWULANAN; Period normalized to TRIWULANAN.
info,Mgr Perencanaan dan Pengembanga,15,IMPACT,Number of KRI exceeding its risk tolerance limit,enum_issue category=normalized; field=Polarity; raw=Positif; normalized=POSITIVE; Polarity normalized to POSITIVE.
info,Mgr Perencanaan dan Pengembanga,15,IMPACT,Number of KRI exceeding its risk tolerance limit,enum_issue category=normalized; field=Period; raw=Triwulanan; normalized=TRIWULANAN; Period normalized to TRIWULANAN.
info,Mgr Perencanaan dan Pengembanga,16,IMPACT,ESG Rating,enum_issue category=normalized; field=Polarity; raw=Positif; normalized=POSITIVE; Polarity normalized to POSITIVE.
info,Mgr Perencanaan dan Pengembanga,16,IMPACT,ESG Rating,enum_issue category=normalized; field=Period; raw=Tahunan; normalized=TAHUNAN; Period normalized to TAHUNAN.
info,Mgr Perencanaan dan Pengembanga,17,IMPACT,Strategic Project Delivery,enum_issue category=normalized; field=Polarity; raw=Positif; normalized=POSITIVE; Polarity normalized to POSITIVE.
info,Mgr Perencanaan dan Pengembanga,17,IMPACT,Strategic Project Delivery,enum_issue category=normalized; field=Period; raw=Triwulanan; normalized=TRIWULANAN; Period normalized to TRIWULANAN.
info,Mgr Perencanaan dan Pengembanga,20,IMPACT,Manpower productivity (Revenue per total manpower),enum_issue category=normalized; field=Polarity; raw=Negatif; normalized=NEGATIVE; Polarity normalized to NEGATIVE.
info,Mgr Perencanaan dan Pengembanga,20,IMPACT,Manpower productivity (Revenue per total manpower),enum_issue category=normalized; field=Period; raw=Triwulanan; normalized=TRIWULANAN; Period normalized to TRIWULANAN.
info,Mgr Perencanaan dan Pengembanga,12,OUTPUT,Laporan realisasi layanan SSC,enum_issue category=normalized; field=Period; raw=Bulanan; normalized=BULANAN; Period normalized to BULANAN.
info,Mgr Perencanaan dan Pengembanga,12,OUTPUT,Laporan realisasi layanan SSC,enum_issue category=normalized; field=Polarity; raw=Positif; normalized=POSITIVE; Polarity normalized to POSITIVE.
info,Mgr Perencanaan dan Pengembanga,17,OUTPUT,Roll-out Fungsi Shared Service Center  di entitas anak / cucu / cicit perusahaan Pelindo Group,enum_issue category=normalized; field=Period; raw=Semester; normalized=SEMESTER; Period normalized to SEMESTER.
info,Mgr Perencanaan dan Pengembanga,17,OUTPUT,Roll-out Fungsi Shared Service Center  di entitas anak / cucu / cicit perusahaan Pelindo Group,enum_issue category=normalized; field=Polarity; raw=Positif; normalized=POSITIVE; Polarity normalized to POSITIVE.
info,Mgr Perencanaan dan Pengembanga,18,OUTPUT,Pengembangan Sistem SSC,enum_issue category=normalized; field=Period; raw=triwulanan; normalized=TRIWULANAN; Period normalized to TRIWULANAN.
info,Mgr Perencanaan dan Pengembanga,18,OUTPUT,Pengembangan Sistem SSC,enum_issue category=normalized; field=Polarity; raw=Positif; normalized=POSITIVE; Polarity normalized to POSITIVE.
info,Mgr Perencanaan dan Pengembanga,19,OUTPUT,Survey Layanan SSC,enum_issue category=normalized; field=Period; raw=Semester; normalized=SEMESTER; Period normalized to SEMESTER.
info,Mgr Perencanaan dan Pengembanga,19,OUTPUT,Survey Layanan SSC,enum_issue category=normalized; field=Polarity; raw=Positif; normalized=POSITIVE; Polarity normalized to POSITIVE.
info,Mgr Perencanaan dan Pengembanga,20,OUTPUT,"Tingkat pemenuhan tata kelola, manajemen risiko, dan kepatuhan internal (Penyelesaian Temuan Audit)",enum_issue category=normalized; field=Period; raw=Semester; normalized=SEMESTER; Period normalized to SEMESTER.
info,Mgr Perencanaan dan Pengembanga,20,OUTPUT,"Tingkat pemenuhan tata kelola, manajemen risiko, dan kepatuhan internal (Penyelesaian Temuan Audit)",enum_issue category=normalized; field=Polarity; raw=Positif; normalized=POSITIVE; Polarity normalized to POSITIVE.
warning,Mgr Perencanaan dan Pengembanga,17,KAI,"Mengkoordinasikan, menjaga alignment, mengintegrasikan, dan mengkonsolidasikan pelaksanaan roll-out fungsi Shared Service Center",KAI formula may not be percentage-based or is blank.
info,Mgr Perencanaan dan Pengembanga,20,KAI,"Mengkoordinasikan, menjaga alignment, mengintegrasikan, dan mengkonsolidasikan pelaksanaan penyelesaian temuan audit",enum_issue category=normalized; field=Nature Of Work; raw=Non routine; normalized=Non Routine; KAI Nature normalized to Non Routine.
warning,Mgr Perencanaan dan Pengembanga,,weight_audit,Mgr Perencanaan dan Pengembanga,Weight total not 100: level=impact; kpi_type=OUTPUT; parent=Manpower productivity (Revenue per total manpower); raw_total=10.0; output_total=10.0; cause=Raw Data Issue.
warning,Mgr Perencanaan dan Pengembanga,,weight_audit,Mgr Perencanaan dan Pengembanga,Weight total not 100: level=impact; kpi_type=OUTPUT; parent=Strategic Project Delivery; raw_total=75.0; output_total=75.0; cause=Raw Data Issue.
warning,Mgr Perencanaan dan Pengembanga,,weight_audit,Mgr Perencanaan dan Pengembanga,Weight total not 100: level=impact; kpi_type=OUTPUT; parent=Total Productivity; raw_total=15.0; output_total=15.0; cause=Raw Data Issue.
warning,Mgr Perencanaan dan Pengembanga,,weight_audit,Mgr Perencanaan dan Pengembanga,Weight total not 100: level=output; kpi_type=KAI; parent=Laporan realisasi layanan SSC; raw_total=15.0; output_total=15.0; cause=Raw Data Issue.
warning,Mgr Perencanaan dan Pengembanga,,weight_audit,Mgr Perencanaan dan Pengembanga,Weight total not 100: level=output; kpi_type=KAI; parent=Pengembangan Sistem SSC; raw_total=30.0; output_total=30.0; cause=Raw Data Issue.
warning,Mgr Perencanaan dan Pengembanga,,weight_audit,Mgr Perencanaan dan Pengembanga,Weight total not 100: level=output; kpi_type=KAI; parent=Roll-out Fungsi Shared Service Center  di entitas anak / cucu / cicit perusahaan Pelindo Group; raw_total=25.0; output_total=25.0; cause=Raw Data Issue.
warning,Mgr Perencanaan dan Pengembanga,,weight_audit,Mgr Perencanaan dan Pengembanga,Weight total not 100: level=output; kpi_type=KAI; parent=Survey Layanan SSC; raw_total=20.0; output_total=20.0; cause=Raw Data Issue.
warning,Mgr Perencanaan dan Pengembanga,,weight_audit,Mgr Perencanaan dan Pengembanga,"Weight total not 100: level=output; kpi_type=KAI; parent=Tingkat pemenuhan tata kelola, manajemen risiko, dan kepatuhan internal (Penyelesaian Temuan Audit); raw_total=10.0; output_total=10.0; cause=Raw Data Issue."
info,Officer Perencanaan dan Pengemb,9,IMPACT,Net Income,enum_issue category=normalized; field=Polarity; raw=Positif; normalized=POSITIVE; Polarity normalized to POSITIVE.
info,Officer Perencanaan dan Pengemb,9,IMPACT,Net Income,enum_issue category=normalized; field=Period; raw=Triwulanan; normalized=TRIWULANAN; Period normalized to TRIWULANAN.
info,Officer Perencanaan dan Pengemb,10,IMPACT,(ROIC > WACC) x Inv.Capital,enum_issue category=normalized; field=Polarity; raw=Positif; normalized=POSITIVE; Polarity normalized to POSITIVE.
info,Officer Perencanaan dan Pengemb,10,IMPACT,(ROIC > WACC) x Inv.Capital,enum_issue category=normalized; field=Period; raw=Triwulanan; normalized=TRIWULANAN; Period normalized to TRIWULANAN.
info,Officer Perencanaan dan Pengemb,11,IMPACT,Traffic Volume,enum_issue category=normalized; field=Polarity; raw=Positif; normalized=POSITIVE; Polarity normalized to POSITIVE.
info,Officer Perencanaan dan Pengemb,11,IMPACT,Traffic Volume,enum_issue category=normalized; field=Period; raw=Triwulanan; normalized=TRIWULANAN; Period normalized to TRIWULANAN.
info,Officer Perencanaan dan Pengemb,12,IMPACT,Total Productivity,enum_issue category=normalized; field=Polarity; raw=Positif; normalized=POSITIVE; Polarity normalized to POSITIVE.
info,Officer Perencanaan dan Pengemb,12,IMPACT,Total Productivity,enum_issue category=normalized; field=Period; raw=Triwulanan; normalized=TRIWULANAN; Period normalized to TRIWULANAN.
info,Officer Perencanaan dan Pengemb,13,IMPACT,Lost Time Injury Frequency Rate (LTIFR),enum_issue category=normalized; field=Polarity; raw=Negatif; normalized=NEGATIVE; Polarity normalized to NEGATIVE.
info,Officer Perencanaan dan Pengemb,13,IMPACT,Lost Time Injury Frequency Rate (LTIFR),enum_issue category=normalized; field=Period; raw=Triwulanan; normalized=TRIWULANAN; Period normalized to TRIWULANAN.
info,Officer Perencanaan dan Pengemb,14,IMPACT,Pengembangan Ekosistem Bali Maritime Tourism Hub (BMTH),enum_issue category=normalized; field=Polarity; raw=Positif; normalized=POSITIVE; Polarity normalized to POSITIVE.
info,Officer Perencanaan dan Pengemb,14,IMPACT,Pengembangan Ekosistem Bali Maritime Tourism Hub (BMTH),enum_issue category=normalized; field=Period; raw=Triwulanan; normalized=TRIWULANAN; Period normalized to TRIWULANAN.
info,Officer Perencanaan dan Pengemb,15,IMPACT,Number of KRI exceeding its risk tolerance limit,enum_issue category=normalized; field=Polarity; raw=Positif; normalized=POSITIVE; Polarity normalized to POSITIVE.
info,Officer Perencanaan dan Pengemb,15,IMPACT,Number of KRI exceeding its risk tolerance limit,enum_issue category=normalized; field=Period; raw=Triwulanan; normalized=TRIWULANAN; Period normalized to TRIWULANAN.
info,Officer Perencanaan dan Pengemb,16,IMPACT,ESG Rating,enum_issue category=normalized; field=Polarity; raw=Positif; normalized=POSITIVE; Polarity normalized to POSITIVE.
info,Officer Perencanaan dan Pengemb,16,IMPACT,ESG Rating,enum_issue category=normalized; field=Period; raw=Tahunan; normalized=TAHUNAN; Period normalized to TAHUNAN.
info,Officer Perencanaan dan Pengemb,17,IMPACT,Strategic Project Delivery,enum_issue category=normalized; field=Polarity; raw=Positif; normalized=POSITIVE; Polarity normalized to POSITIVE.
info,Officer Perencanaan dan Pengemb,17,IMPACT,Strategic Project Delivery,enum_issue category=normalized; field=Period; raw=Triwulanan; normalized=TRIWULANAN; Period normalized to TRIWULANAN.
info,Officer Perencanaan dan Pengemb,20,IMPACT,Manpower productivity (Revenue per total manpower),enum_issue category=normalized; field=Polarity; raw=Negatif; normalized=NEGATIVE; Polarity normalized to NEGATIVE.
info,Officer Perencanaan dan Pengemb,20,IMPACT,Manpower productivity (Revenue per total manpower),enum_issue category=normalized; field=Period; raw=Triwulanan; normalized=TRIWULANAN; Period normalized to TRIWULANAN.
info,Officer Perencanaan dan Pengemb,9,OUTPUT,SLA verifikasi pembayaran hutang usaha,enum_issue category=normalized; field=Period; raw=Triwulanan; normalized=TRIWULANAN; Period normalized to TRIWULANAN.
info,Officer Perencanaan dan Pengemb,9,OUTPUT,SLA verifikasi pembayaran hutang usaha,enum_issue category=normalized; field=Polarity; raw=Negatif; normalized=NEGATIVE; Polarity normalized to NEGATIVE.
info,Officer Perencanaan dan Pengemb,12,OUTPUT,Laporan realisasi layanan SSC,enum_issue category=normalized; field=Period; raw=Bulanan; normalized=BULANAN; Period normalized to BULANAN.
info,Officer Perencanaan dan Pengemb,12,OUTPUT,Laporan realisasi layanan SSC,enum_issue category=normalized; field=Polarity; raw=Positif; normalized=POSITIVE; Polarity normalized to POSITIVE.
info,Officer Perencanaan dan Pengemb,17,OUTPUT,Roll-out Fungsi Shared Service Center  di entitas anak / cucu / cicit perusahaan Pelindo Group,enum_issue category=normalized; field=Period; raw=Semester; normalized=SEMESTER; Period normalized to SEMESTER.
info,Officer Perencanaan dan Pengemb,17,OUTPUT,Roll-out Fungsi Shared Service Center  di entitas anak / cucu / cicit perusahaan Pelindo Group,enum_issue category=normalized; field=Polarity; raw=Positif; normalized=POSITIVE; Polarity normalized to POSITIVE.
info,Officer Perencanaan dan Pengemb,18,OUTPUT,Pengembangan Sistem SSC,enum_issue category=normalized; field=Period; raw=triwulanan; normalized=TRIWULANAN; Period normalized to TRIWULANAN.
info,Officer Perencanaan dan Pengemb,18,OUTPUT,Pengembangan Sistem SSC,enum_issue category=normalized; field=Polarity; raw=Positif; normalized=POSITIVE; Polarity normalized to POSITIVE.
info,Officer Perencanaan dan Pengemb,19,OUTPUT,Survey Layanan SSC,enum_issue category=normalized; field=Period; raw=Semester; normalized=SEMESTER; Period normalized to SEMESTER.
info,Officer Perencanaan dan Pengemb,19,OUTPUT,Survey Layanan SSC,enum_issue category=normalized; field=Polarity; raw=Positif; normalized=POSITIVE; Polarity normalized to POSITIVE.
info,Officer Perencanaan dan Pengemb,20,OUTPUT,"Tingkat pemenuhan tata kelola, manajemen risiko, dan kepatuhan internal (Penyelesaian Temuan Audit)",enum_issue category=normalized; field=Period; raw=Semester; normalized=SEMESTER; Period normalized to SEMESTER.
info,Officer Perencanaan dan Pengemb,20,OUTPUT,"Tingkat pemenuhan tata kelola, manajemen risiko, dan kepatuhan internal (Penyelesaian Temuan Audit)",enum_issue category=normalized; field=Polarity; raw=Positif; normalized=POSITIVE; Polarity normalized to POSITIVE.
warning,Officer Perencanaan dan Pengemb,17,KAI,"Mengkoordinasikan, menjaga alignment, mengintegrasikan, dan mengkonsolidasikan pelaksanaan roll-out fungsi Shared Service Center",KAI formula may not be percentage-based or is blank.
info,Officer Perencanaan dan Pengemb,20,KAI,"Mengkoordinasikan, menjaga alignment, mengintegrasikan, dan mengkonsolidasikan pelaksanaan penyelesaian temuan audit",enum_issue category=normalized; field=Nature Of Work; raw=Non routine; normalized=Non Routine; KAI Nature normalized to Non Routine.
warning,Officer Perencanaan dan Pengemb,,weight_audit,Officer Perencanaan dan Pengemb,Weight total not 100: level=impact; kpi_type=OUTPUT; parent=Manpower productivity (Revenue per total manpower); raw_total=10.0; output_total=10.0; cause=Raw Data Issue.
warning,Officer Perencanaan dan Pengemb,,weight_audit,Officer Perencanaan dan Pengemb,Weight total not 100: level=impact; kpi_type=OUTPUT; parent=Net Income; raw_total=5.0; output_total=5.0; cause=Raw Data Issue.
warning,Officer Perencanaan dan Pengemb,,weight_audit,Officer Perencanaan dan Pengemb,Weight total not 100: level=impact; kpi_type=OUTPUT; parent=Strategic Project Delivery; raw_total=70.0; output_total=70.0; cause=Raw Data Issue.
warning,Officer Perencanaan dan Pengemb,,weight_audit,Officer Perencanaan dan Pengemb,Weight total not 100: level=impact; kpi_type=OUTPUT; parent=Total Productivity; raw_total=15.0; output_total=15.0; cause=Raw Data Issue.
warning,Officer Perencanaan dan Pengemb,,weight_audit,Officer Perencanaan dan Pengemb,Weight total not 100: level=output; kpi_type=KAI; parent=Laporan realisasi layanan SSC; raw_total=15.0; output_total=15.0; cause=Raw Data Issue.
warning,Officer Perencanaan dan Pengemb,,weight_audit,Officer Perencanaan dan Pengemb,Weight total not 100: level=output; kpi_type=KAI; parent=Pengembangan Sistem SSC; raw_total=25.0; output_total=25.0; cause=Raw Data Issue.
warning,Officer Perencanaan dan Pengemb,,weight_audit,Officer Perencanaan dan Pengemb,Weight total not 100: level=output; kpi_type=KAI; parent=Roll-out Fungsi Shared Service Center  di entitas anak / cucu / cicit perusahaan Pelindo Group; raw_total=25.0; output_total=25.0; cause=Raw Data Issue.
warning,Officer Perencanaan dan Pengemb,,weight_audit,Officer Perencanaan dan Pengemb,Weight total not 100: level=output; kpi_type=KAI; parent=SLA verifikasi pembayaran hutang usaha; raw_total=5.0; output_total=5.0; cause=Raw Data Issue.
warning,Officer Perencanaan dan Pengemb,,weight_audit,Officer Perencanaan dan Pengemb,Weight total not 100: level=output; kpi_type=KAI; parent=Survey Layanan SSC; raw_total=20.0; output_total=20.0; cause=Raw Data Issue.
warning,Officer Perencanaan dan Pengemb,,weight_audit,Officer Perencanaan dan Pengemb,"Weight total not 100: level=output; kpi_type=KAI; parent=Tingkat pemenuhan tata kelola, manajemen risiko, dan kepatuhan internal (Penyelesaian Temuan Audit); raw_total=10.0; output_total=10.0; cause=Raw Data Issue."
