severity,sheet_name,source_row,record_type,title,message
info,Manager Pelaporan dan Monitor,9,output,(blank),Dropped OUTPUT row because output weight is blank.
info,Manager Pelaporan dan Monitor,10,output,(blank),Dropped OUTPUT row because output weight is blank.
info,Manager Pelaporan dan Monitor,11,output,(blank),Dropped OUTPUT row because output weight is blank.
info,Manager Pelaporan dan Monitor,12,output,(blank),Dropped OUTPUT row because output weight is blank.
info,Manager Pelaporan dan Monitor,13,output,(blank),Dropped OUTPUT row because output weight is blank.
info,Manager Pelaporan dan Monitor,14,output,(blank),Dropped OUTPUT row because output weight is blank.
info,Manager Pelaporan dan Monitor,15,output,(blank),Dropped OUTPUT row because output weight is blank.
info,Manager Pelaporan dan Monitor,16,kai,Pelaksanaan pengisian data dalam sistem Informasi TJSL Kementerian BUMN,KAI period inferred from KPI Output Frequency because the source sheet does not provide a separate KAI period column.
info,Manager Pelaporan dan Monitor,17,kai,Pelaksanaan penyaluran anggaran Program TJSL sesuai rencana kerja dan ketentuan yang berlaku,KAI period inferred from KPI Output Frequency because the source sheet does not provide a separate KAI period column.
info,Manager Pelaporan dan Monitor,18,kai,Pelaksanaan perlibatan peran serta karyawan secara aktif dalam program TJSL,KAI period inferred from KPI Output Frequency because the source sheet does not provide a separate KAI period column.
info,Manager Pelaporan dan Monitor,19,kai,Pelaksanaan kolaborasi Program TJSL antar BUMN dan Non BUMN sesuai kompetensi untuk meningkatkan dampak positif program,KAI period inferred from KPI Output Frequency because the source sheet does not provide a separate KAI period column.
info,Manager Pelaporan dan Monitor,20,kai,Pelaksanaan pengukuran dampak Program TJSL dengan metode SROI,KAI period inferred from KPI Output Frequency because the source sheet does not provide a separate KAI period column.
info,Manager Pelaporan dan Monitor,21,kai,Pelaksanaan monitoring mitra binaan sesuai ketentuan dan target tahun berjalan,KAI period inferred from KPI Output Frequency because the source sheet does not provide a separate KAI period column.
info,Manager Pelaporan dan Monitor,22,output,(blank),Dropped OUTPUT row because output weight is blank.
info,Manager Pelaporan dan Monitor,23,kai,Pelaksanaan pelatihan TJSL bagi pegawai pengelola TJSL,KAI period inferred from KPI Output Frequency because the source sheet does not provide a separate KAI period column.
info,Manager Pengelolaan dan Perenca,9,output,(blank),Dropped OUTPUT row because output weight is blank.
info,Manager Pengelolaan dan Perenca,10,output,(blank),Dropped OUTPUT row because output weight is blank.
info,Manager Pengelolaan dan Perenca,11,output,(blank),Dropped OUTPUT row because output weight is blank.
info,Manager Pengelolaan dan Perenca,12,output,(blank),Dropped OUTPUT row because output weight is blank.
info,Manager Pengelolaan dan Perenca,13,output,(blank),Dropped OUTPUT row because output weight is blank.
info,Manager Pengelolaan dan Perenca,14,output,(blank),Dropped OUTPUT row because output weight is blank.
info,Manager Pengelolaan dan Perenca,15,output,(blank),Dropped OUTPUT row because output weight is blank.
info,Manager Pengelolaan dan Perenca,16,kai,Pelaksanaan penyaluran anggaran Program TJSL sesuai rencana kerja dan ketentuan yang berlaku,KAI period inferred from KPI Output Frequency because the source sheet does not provide a separate KAI period column.
info,Manager Pengelolaan dan Perenca,17,kai,Pelaksanaan perlibatan peran serta karyawan secara aktif dalam program TJSL,KAI period inferred from KPI Output Frequency because the source sheet does not provide a separate KAI period column.
info,Manager Pengelolaan dan Perenca,18,kai,Pelaksanaan kolaborasi Program TJSL antar BUMN dan Non BUMN sesuai kompetensi untuk meningkatkan dampak positif program,KAI period inferred from KPI Output Frequency because the source sheet does not provide a separate KAI period column.
info,Manager Pengelolaan dan Perenca,19,kai,Pelaksanaan pengukuran dampak Program TJSL dengan metode SROI,KAI period inferred from KPI Output Frequency because the source sheet does not provide a separate KAI period column.
info,Manager Pengelolaan dan Perenca,20,output,(blank),Dropped OUTPUT row because output weight is blank.
info,Manager Pengelolaan dan Perenca,21,kai,Pelaksanaan pelatihan TJSL bagi pegawai pengelola TJSL,KAI period inferred from KPI Output Frequency because the source sheet does not provide a separate KAI period column.
info,Officer Corcomm,9,kai,Jumlah Rilis Berita Positif yang Diterbitkan di Media Massa,KAI period inferred from KPI Output Frequency because the source sheet does not provide a separate KAI period column.
info,Officer Corcomm,10,kai,Persentase laporan pengelolaan barang kebutuhan promosi yang diselesaikan tepat waktu,KAI period inferred from KPI Output Frequency because the source sheet does not provide a separate KAI period column.
info,Officer Corcomm,11,output,Penyusunan RKAP Group,Dropped OUTPUT row because comment is Drop and output weight is blank.
warning,Officer Corcomm,11,kai,Persentase Penyelesaian Draft RKAP Tepat Waktu,Skipped KAI because its OUTPUT row was dropped or missing.
info,Officer Corcomm,12,output,(blank),Dropped OUTPUT row because output weight is blank.
info,Officer Corcomm,13,kai,Persentase Realisasi Jumlah Sponsorship yang Diraih,KAI period inferred from KPI Output Frequency because the source sheet does not provide a separate KAI period column.
info,Officer Corcomm,14,kai,Persentase Kegiatan Promosi yang Terselenggara Sesuai Jadwal dan Target,KAI period inferred from KPI Output Frequency because the source sheet does not provide a separate KAI period column.
info,Officer Corcomm,15,kai,Persentase realisasi kegiatan promosi media sesuai rencana,KAI period inferred from KPI Output Frequency because the source sheet does not provide a separate KAI period column.
info,Officer Corcomm,16,kai,Persentase realisasi kerjasama media yang disepakati dalam periode,KAI period inferred from KPI Output Frequency because the source sheet does not provide a separate KAI period column.
info,Officer Corcomm,17,kai,Pelaksanaan koordinasi dan pengumpulan data untuk penyusunan laporan tahunan,KAI period inferred from KPI Output Frequency because the source sheet does not provide a separate KAI period column.
info,Officer Corcomm,18,kai,Waktu Penyelesaian Draft Laporan Kehumasan,KAI period inferred from KPI Output Frequency because the source sheet does not provide a separate KAI period column.
info,Officer Corcomm,19,output,(blank),Dropped OUTPUT row because output weight is blank.
info,Officer Corcomm,20,output,(blank),Dropped OUTPUT row because output weight is blank.
info,Officer Corcomm,21,output,(blank),Dropped OUTPUT row because output weight is blank.
info,Officer Corcomm,22,output,(blank),Dropped OUTPUT row because output weight is blank.
info,Officer Corcomm,23,output,(blank),Dropped OUTPUT row because output weight is blank.
info,Officer Corcomm,24,output,(blank),Dropped OUTPUT row because output weight is blank.
info,Officer Hubungan Lembaga-Invest,9,kai,Pelaksanaan penyusunan dan pengiriman laporan OJK sesuai ketentuan,KAI period inferred from KPI Output Frequency because the source sheet does not provide a separate KAI period column.
info,Officer Hubungan Lembaga-Invest,10,output,(blank),Dropped OUTPUT row because output weight is blank.
info,Officer Hubungan Lembaga-Invest,11,kai,"Mengkoordinasikan, menjaga alignment, mengintegrasikan, dan mengkonsolidasikan pelaksanaan konsolidasi dan pelaporan kegiatan stakeholder management",KAI period inferred from KPI Output Frequency because the source sheet does not provide a separate KAI period column.
info,Officer Hubungan Lembaga-Invest,12,kai,Pelaksanaan koordinasi dan eksekusi kegiatan Stakeholder Gathering sesuai rencana kerja,KAI period inferred from KPI Output Frequency because the source sheet does not provide a separate KAI period column.
info,Officer Hubungan Lembaga-Invest,13,kai,Pelaksanaan pengelolaan hubungan kelembagaan dan stakeholder secara efektif,KAI period inferred from KPI Output Frequency because the source sheet does not provide a separate KAI period column.
info,Officer Hubungan Lembaga-Invest,14,kai,Jumlah Kegiatan Kolaborasi dengan Lembaga Non-DPR RI,KAI period inferred from KPI Output Frequency because the source sheet does not provide a separate KAI period column.
info,Officer Hubungan Lembaga-Invest,15,output,(blank),Dropped OUTPUT row because output weight is blank.
info,Officer Hubungan Lembaga-Invest,16,output,(blank),Dropped OUTPUT row because output weight is blank.
info,Officer Hubungan Lembaga-Invest,17,output,(blank),Dropped OUTPUT row because output weight is blank.
info,Officer Hubungan Lembaga-Invest,18,output,(blank),Dropped OUTPUT row because output weight is blank.
info,Officer Hubungan Lembaga-Invest,19,output,(blank),Dropped OUTPUT row because output weight is blank.
info,Officer Hubungan Lembaga-Invest,20,output,(blank),Dropped OUTPUT row because output weight is blank.
info,Officer Pelaporan dan Monitor,9,output,(blank),Dropped OUTPUT row because output weight is blank.
info,Officer Pelaporan dan Monitor,10,output,(blank),Dropped OUTPUT row because output weight is blank.
info,Officer Pelaporan dan Monitor,11,output,(blank),Dropped OUTPUT row because output weight is blank.
info,Officer Pelaporan dan Monitor,12,output,(blank),Dropped OUTPUT row because output weight is blank.
info,Officer Pelaporan dan Monitor,13,output,(blank),Dropped OUTPUT row because output weight is blank.
info,Officer Pelaporan dan Monitor,14,output,(blank),Dropped OUTPUT row because output weight is blank.
info,Officer Pelaporan dan Monitor,15,output,(blank),Dropped OUTPUT row because output weight is blank.
info,Officer Pelaporan dan Monitor,16,kai,Pelaksanaan pengisian data dalam sistem Informasi TJSL Kementerian BUMN,KAI period inferred from KPI Output Frequency because the source sheet does not provide a separate KAI period column.
info,Officer Pelaporan dan Monitor,17,kai,Pelaksanaan penyaluran anggaran Program TJSL sesuai rencana kerja dan ketentuan yang berlaku,KAI period inferred from KPI Output Frequency because the source sheet does not provide a separate KAI period column.
info,Officer Pelaporan dan Monitor,18,kai,Pelaksanaan perlibatan peran serta karyawan secara aktif dalam program TJSL,KAI period inferred from KPI Output Frequency because the source sheet does not provide a separate KAI period column.
info,Officer Pelaporan dan Monitor,19,kai,Pelaksanaan kolaborasi Program TJSL antar BUMN dan Non BUMN sesuai kompetensi untuk meningkatkan dampak positif program,KAI period inferred from KPI Output Frequency because the source sheet does not provide a separate KAI period column.
info,Officer Pelaporan dan Monitor,20,kai,Pelaksanaan pengukuran dampak Program TJSL dengan metode SROI,KAI period inferred from KPI Output Frequency because the source sheet does not provide a separate KAI period column.
info,Officer Pelaporan dan Monitor,21,kai,Pelaksanaan monitoring mitra binaan sesuai ketentuan dan target tahun berjalan,KAI period inferred from KPI Output Frequency because the source sheet does not provide a separate KAI period column.
info,Officer Pelaporan dan Monitor,22,output,(blank),Dropped OUTPUT row because output weight is blank.
info,Officer Pelaporan dan Monitor,23,kai,Pelaksanaan pelatihan TJSL bagi pegawai pengelola TJSL,KAI period inferred from KPI Output Frequency because the source sheet does not provide a separate KAI period column.
info,Officer Pengelolaan dan Perenca,9,output,(blank),Dropped OUTPUT row because output weight is blank.
info,Officer Pengelolaan dan Perenca,10,output,(blank),Dropped OUTPUT row because output weight is blank.
info,Officer Pengelolaan dan Perenca,11,output,(blank),Dropped OUTPUT row because output weight is blank.
info,Officer Pengelolaan dan Perenca,12,output,(blank),Dropped OUTPUT row because output weight is blank.
info,Officer Pengelolaan dan Perenca,13,output,(blank),Dropped OUTPUT row because output weight is blank.
info,Officer Pengelolaan dan Perenca,14,output,(blank),Dropped OUTPUT row because output weight is blank.
info,Officer Pengelolaan dan Perenca,15,output,(blank),Dropped OUTPUT row because output weight is blank.
info,Officer Pengelolaan dan Perenca,16,kai,Pelaksanaan penyaluran anggaran Program TJSL sesuai rencana kerja dan ketentuan yang berlaku,KAI period inferred from KPI Output Frequency because the source sheet does not provide a separate KAI period column.
info,Officer Pengelolaan dan Perenca,17,kai,Pelaksanaan perlibatan peran serta karyawan secara aktif dalam program TJSL,KAI period inferred from KPI Output Frequency because the source sheet does not provide a separate KAI period column.
info,Officer Pengelolaan dan Perenca,18,kai,Pelaksanaan kolaborasi Program TJSL antar BUMN dan Non BUMN sesuai kompetensi untuk meningkatkan dampak positif program,KAI period inferred from KPI Output Frequency because the source sheet does not provide a separate KAI period column.
info,Officer Pengelolaan dan Perenca,19,kai,Pelaksanaan pengukuran dampak Program TJSL dengan metode SROI,KAI period inferred from KPI Output Frequency because the source sheet does not provide a separate KAI period column.
info,Officer Pengelolaan dan Perenca,20,output,(blank),Dropped OUTPUT row because output weight is blank.
info,Officer Pengelolaan dan Perenca,21,kai,Pelaksanaan pelatihan TJSL bagi pegawai pengelola TJSL,KAI period inferred from KPI Output Frequency because the source sheet does not provide a separate KAI period column.
info,Officer Manajemen Kesekretariat,9,output,"Perhitungan, input data pada SAP dan pembayaran penghasilan direksi dan dewan komisaris.",Dropped OUTPUT row because output weight is blank.
warning,Officer Manajemen Kesekretariat,9,kai,Persentase Ketepatan waktu input data dan pembayaran penghasilan direksi dan dewan komisaris,Skipped KAI because its OUTPUT row was dropped or missing.
info,Officer Manajemen Kesekretariat,10,kai,Persentase Penyelesaian Pengadaan Kendaraan Dinas Dalam Waktu 90 Hari,KAI period inferred from KPI Output Frequency because the source sheet does not provide a separate KAI period column.
info,Officer Manajemen Kesekretariat,11,kai,Persentase Dokumen Administrasi dan Pembayaran Operasional Direksi yang Diselesaikan Sesuai SLA,KAI period inferred from KPI Output Frequency because the source sheet does not provide a separate KAI period column.
info,Officer Manajemen Kesekretariat,12,kai,Penyusunan dan Verifikasi Draft Risalah Rapat Direksi,KAI period inferred from KPI Output Frequency because the source sheet does not provide a separate KAI period column.
info,Officer Manajemen Kesekretariat,13,kai,Rata-rata Waktu Penyelesaian Penerbitan Cover Note RUPS,KAI period inferred from KPI Output Frequency because the source sheet does not provide a separate KAI period column.
info,Officer Manajemen Kesekretariat,14,kai,Waktu Penyelesaian Persiapan Rapat Dewan Komisaris,KAI period inferred from KPI Output Frequency because the source sheet does not provide a separate KAI period column.
info,Officer Manajemen Kesekretariat,15,kai,Verifikasi Dokumen Klaim Asuransi Purna Jabatan,KAI period inferred from KPI Output Frequency because the source sheet does not provide a separate KAI period column.
info,Officer Manajemen Kesekretariat,16,output,(blank),Dropped OUTPUT row because output weight is blank.
info,Officer Manajemen Kesekretariat,17,output,(blank),Dropped OUTPUT row because output weight is blank.
info,Officer Manajemen Kesekretariat,18,kai,Waktu Penyelesaian Draft Laporan Triwulanan/Tahunan,KAI period inferred from KPI Output Frequency because the source sheet does not provide a separate KAI period column.
info,Officer Manajemen Kesekretariat,19,output,(blank),Dropped OUTPUT row because output weight is blank.
info,Officer Manajemen Kesekretariat,20,output,(blank),Dropped OUTPUT row because output weight is blank.
info,Officer Manajemen Kesekretariat,21,output,(blank),Dropped OUTPUT row because output weight is blank.
info,Officer Manajemen Kesekretariat,22,output,Kompilasi Penyusunan Materi Paparan hingga Koordinasi terkait Pelaksanaan Rapat Dewan Komisaris dan Direksi (Rakomdir) dan Monitoring Sirkuler Risalah Rakomdir,Dropped OUTPUT row because output weight is blank.
warning,Officer Manajemen Kesekretariat,22,kai,Persentase Penyelesaian Materi Paparan dan Koordinasi Pelaksanaan Rakomdir Sesuai SLA,Skipped KAI because its OUTPUT row was dropped or missing.
info,Officer Manajemen Kesekretariat,23,kai,Persentase Dokumen Reviu dan Revisi Peraturan yang Diselesaikan Tepat Waktu,KAI period inferred from KPI Output Frequency because the source sheet does not provide a separate KAI period column.
info,Officer Manajemen Kesekretariat,24,kai,Pelaksanaan pelayanan dan pendampingan kepada Direksi dan Dewan Komisaris sesuai standar operasional prosedur,KAI period inferred from KPI Output Frequency because the source sheet does not provide a separate KAI period column.
info,Officer Manajemen Kesekretariat,25,kai,Persiapan dan koordinasi internal untuk penyusunan admin keskretariatan Direksi,KAI period inferred from KPI Output Frequency because the source sheet does not provide a separate KAI period column.
info,Officer Manajemen Kesekretariat,26,output,Koordinasi Persiapan Kebutuhan Akomodasi Rakomdir dan Kompilasi Penyusunan Materi Paparan serta Monitoring Sirkuler Risalah Rakomdir,Dropped OUTPUT row because output weight is blank.
warning,Officer Manajemen Kesekretariat,26,kai,Persiapan dan Finalisasi Materi Paparan Sesuai Jadwal SLA,Skipped KAI because its OUTPUT row was dropped or missing.
info,Officer Manajemen Kesekretariat,27,output,Koordinasi persiapan/kebutuhan terkait Kunjungan Kerja dan Pendampingan Dewan Komisaris dalam acara Internal dan Eksternal,Dropped OUTPUT row because output weight is blank.
warning,Officer Manajemen Kesekretariat,27,kai,Persentase penyelesaian koordinasi persiapan kunjungan kerja dalam waktu SLA 5 hari,Skipped KAI because its OUTPUT row was dropped or missing.
info,Officer Manajemen Kesekretariat,28,output,Pengajuan Nota Dinas Permohonan Persetujuan Pembayaran Tagihan serta Pembuatan Nota Dinas atas Disposisi Masuk Lainnya,Dropped OUTPUT row because output weight is blank.
warning,Officer Manajemen Kesekretariat,28,kai,Waktu Penyelesaian Verifikasi dan Persetujuan Nota Dinas,Skipped KAI because its OUTPUT row was dropped or missing.
info,Officer Manajemen Kesekretariat,29,kai,Waktu Penyelesaian Proses Administrasi Pengajuan dan Pembayaran Pelatihan,KAI period inferred from KPI Output Frequency because the source sheet does not provide a separate KAI period column.
info,DH Hubungan Lembaga-Investor,9,kai,Pelaksanaan penyusunan dan pengiriman laporan OJK sesuai ketentuan,KAI period inferred from KPI Output Frequency because the source sheet does not provide a separate KAI period column.
info,DH Hubungan Lembaga-Investor,10,output,(blank),Dropped OUTPUT row because output weight is blank.
info,DH Hubungan Lembaga-Investor,11,kai,"Mengkoordinasikan, menjaga alignment, mengintegrasikan, dan mengkonsolidasikan pelaksanaan konsolidasi dan pelaporan kegiatan stakeholder management oleh Department Head Hubungan Lembaga dan Investor",KAI period inferred from KPI Output Frequency because the source sheet does not provide a separate KAI period column.
info,DH Hubungan Lembaga-Investor,12,output,Penguatan Keterlibatan Korporasi dalam Asosiasi dan Ekosistem Kepelabuhanan,Dropped OUTPUT row because comment is Drop.
warning,DH Hubungan Lembaga-Investor,12,kai,"Partisipasi aktif dalam forum/pameran, working group, dan/atau agenda strategis",Skipped KAI because its OUTPUT row was dropped or missing.
info,DH Hubungan Lembaga-Investor,13,kai,"Program ini bertujuan menyusun Pedoman Tata Kelola Hubungan Kelembagaan dan Investor sebagai acuan tunggal untuk mengelola komunikasi eksternal secara konsisten dan strategis. Program ini mencakup pemetaan stakeholder, klasifikasi, penyusunan key messaging, tools komunikasi, dan sistem monitoring hubungan lembaga dan investor.",KAI period inferred from KPI Output Frequency because the source sheet does not provide a separate KAI period column.
info,DH Hubungan Lembaga-Investor,14,output,(blank),Dropped OUTPUT row because output weight is blank.
info,DH Hubungan Lembaga-Investor,15,output,(blank),Dropped OUTPUT row because output weight is blank.
info,DH Hubungan Lembaga-Investor,16,output,(blank),Dropped OUTPUT row because output weight is blank.
info,DH Hubungan Lembaga-Investor,17,output,(blank),Dropped OUTPUT row because output weight is blank.
info,DH Hubungan Lembaga-Investor,18,output,(blank),Dropped OUTPUT row because output weight is blank.
info,DH Hubungan Lembaga-Investor,19,kai,Pelaksanaan monitoring dan evaluasi penyelesaian temuan audit internal dan eksternal,KAI period inferred from KPI Output Frequency because the source sheet does not provide a separate KAI period column.
info,DH Corcomm,9,output,(blank),Dropped OUTPUT row because output weight is blank.
info,DH Corcomm,10,output,(blank),Dropped OUTPUT row because output weight is blank.
info,DH Corcomm,11,kai,Pelaksanaan pengelolaan kegiatan promosi perusahaan dan sponsorship,KAI period inferred from KPI Output Frequency because the source sheet does not provide a separate KAI period column.
info,DH Corcomm,12,kai,Pelaksanaan pengelolaan keterbukaan informasi publik sesuai ketentuan,KAI period inferred from KPI Output Frequency because the source sheet does not provide a separate KAI period column.
info,DH Corcomm,13,kai,Pelaksanaan koordinasi dan pengumpulan data untuk penyusunan laporan tahunan,KAI period inferred from KPI Output Frequency because the source sheet does not provide a separate KAI period column.
info,DH Corcomm,14,kai,Pelaksanaan penyusunan desain dan konten visual grafis sesuai jadwal dan standar kualitas,KAI period inferred from KPI Output Frequency because the source sheet does not provide a separate KAI period column.
info,DH Corcomm,15,output,(blank),Dropped OUTPUT row because output weight is blank.
info,DH Corcomm,16,output,(blank),Dropped OUTPUT row because output weight is blank.
info,DH Corcomm,17,kai,"Mengkoordinasikan, menjaga alignment, mengintegrasikan, dan mengkonsolidasikan pelaksanaan publikasi pemberitaan Pelindo Group",KAI period inferred from KPI Output Frequency because the source sheet does not provide a separate KAI period column.
info,DH Corcomm,18,kai,Pelaksanaan monitoring dan evaluasi program implementasi brand guidelines sesuai rencana kerja,KAI period inferred from KPI Output Frequency because the source sheet does not provide a separate KAI period column.
info,DH Corcomm,19,output,(blank),Dropped OUTPUT row because output weight is blank.
info,DH Corcomm,20,kai,Pelaksanaan monitoring dan evaluasi penyelesaian temuan audit internal dan eksternal,KAI period inferred from KPI Output Frequency because the source sheet does not provide a separate KAI period column.
info,DH TJSL,9,output,(blank),Dropped OUTPUT row because output weight is blank.
info,DH TJSL,10,output,(blank),Dropped OUTPUT row because output weight is blank.
info,DH TJSL,11,output,(blank),Dropped OUTPUT row because output weight is blank.
info,DH TJSL,12,output,(blank),Dropped OUTPUT row because output weight is blank.
info,DH TJSL,13,output,(blank),Dropped OUTPUT row because output weight is blank.
info,DH TJSL,14,output,(blank),Dropped OUTPUT row because output weight is blank.
info,DH TJSL,15,output,(blank),Dropped OUTPUT row because output weight is blank.
info,DH TJSL,16,kai,Pelaksanaan pengisian data dalam sistem Informasi TJSL Kementerian BUMN,KAI period inferred from KPI Output Frequency because the source sheet does not provide a separate KAI period column.
info,DH TJSL,17,kai,Pelaksanaan penyaluran anggaran Program TJSL sesuai rencana kerja dan ketentuan yang berlaku,KAI period inferred from KPI Output Frequency because the source sheet does not provide a separate KAI period column.
info,DH TJSL,18,kai,Pelaksanaan perlibatan peran serta karyawan secara aktif dalam program TJSL,KAI period inferred from KPI Output Frequency because the source sheet does not provide a separate KAI period column.
info,DH TJSL,19,kai,Pelaksanaan kolaborasi Program TJSL antar BUMN dan Non BUMN sesuai kompetensi untuk meningkatkan dampak positif program,KAI period inferred from KPI Output Frequency because the source sheet does not provide a separate KAI period column.
info,DH TJSL,20,kai,Pelaksanaan pengukuran dampak Program TJSL dengan metode SROI,KAI period inferred from KPI Output Frequency because the source sheet does not provide a separate KAI period column.
info,DH TJSL,21,kai,Pelaksanaan monitoring mitra binaan sesuai ketentuan dan target tahun berjalan,KAI period inferred from KPI Output Frequency because the source sheet does not provide a separate KAI period column.
info,DH TJSL,22,output,(blank),Dropped OUTPUT row because output weight is blank.
info,DH TJSL,23,kai,Pelaksanaan pelatihan TJSL bagi pegawai pengelola TJSL,KAI period inferred from KPI Output Frequency because the source sheet does not provide a separate KAI period column.
info,DH TJSL,24,kai,Pelaksanaan monitoring dan evaluasi penyelesaian temuan audit internal dan eksternal,KAI period inferred from KPI Output Frequency because the source sheet does not provide a separate KAI period column.
info,DH Manajemen Kesekretariatan,9,kai,Pelaksanaan administrasi dan keuangan kegiatan operasional Dewan Komisaris dan Direksi,KAI period inferred from KPI Output Frequency because the source sheet does not provide a separate KAI period column.
info,DH Manajemen Kesekretariatan,10,kai,Pelaksanaan administrasi radir dan rakomdir sesuai standar dan jadwal yang ditetapkan,KAI period inferred from KPI Output Frequency because the source sheet does not provide a separate KAI period column.
warning,DH Manajemen Kesekretariatan,11,kai,Pelaksanaan administrasi rapat Dewan Komisaris dan Direksi sesuai ketentuan,Skipped KAI because its OUTPUT row was dropped or missing.
info,DH Manajemen Kesekretariatan,12,kai,Pelaksanaan koordinasi dan administrasi penyelenggaraan Rapat Umum Pemegang Saham (RUPS),KAI period inferred from KPI Output Frequency because the source sheet does not provide a separate KAI period column.
info,DH Manajemen Kesekretariatan,13,output,(blank),Dropped OUTPUT row because output weight is blank.
info,DH Manajemen Kesekretariatan,14,output,(blank),Dropped OUTPUT row because output weight is blank.
info,DH Manajemen Kesekretariatan,15,output,(blank),Dropped OUTPUT row because output weight is blank.
info,DH Manajemen Kesekretariatan,16,kai,Pelaksanaan pengelolaan administrasi dan dukungan kesekretariatan Direksi dan Dewan Komisaris,KAI period inferred from KPI Output Frequency because the source sheet does not provide a separate KAI period column.
info,DH Manajemen Kesekretariatan,17,output,(blank),Dropped OUTPUT row because output weight is blank.
info,DH Manajemen Kesekretariatan,18,output,(blank),Dropped OUTPUT row because output weight is blank.
info,DH Manajemen Kesekretariatan,19,output,(blank),Dropped OUTPUT row because output weight is blank.
info,DH Manajemen Kesekretariatan,20,kai,Pelaksanaan pelayanan dan pendampingan kepada Direksi dan Dewan Komisaris sesuai standar operasional prosedur,KAI period inferred from KPI Output Frequency because the source sheet does not provide a separate KAI period column.
info,DH Manajemen Kesekretariatan,21,kai,Pelaksanaan koordinasi dan fasilitasi pelatihan untuk Direksi dan Dewan Komisaris,KAI period inferred from KPI Output Frequency because the source sheet does not provide a separate KAI period column.
info,Group Head,9,kai,Pelaksanaan pengendalian biaya operasional harian sesuai anggaran dan prosedur yang berlaku,KAI period inferred from KPI Output Frequency because the source sheet does not provide a separate KAI period column.
info,Group Head,10,kai,Pelaksanaan optimalisasi pendapatan inti dan efisiensi biaya non-operasional untuk mendukung pencapaian EBITDA,KAI period inferred from KPI Output Frequency because the source sheet does not provide a separate KAI period column.
info,Group Head,11,output,(blank),Dropped OUTPUT row because output weight is blank.
info,Group Head,12,kai,"Mengkoordinasikan, menjaga alignment, mengintegrasikan, dan mengkonsolidasikan pelaksanaan konsolidasi dan pelaporan kegiatan stakeholder management oleh Department Head Hubungan Lembaga dan Investor",KAI period inferred from KPI Output Frequency because the source sheet does not provide a separate KAI period column.
info,Group Head,13,kai,"Mengkoordinasikan, menjaga alignment, mengintegrasikan, dan mengkonsolidasikan pelaksanaan pengukuran dampak Program TJSL dengan metode SROI oleh Department Head Tanggung Jawab Sosial dan Lingkungan dan level di bawahnya",KAI period inferred from KPI Output Frequency because the source sheet does not provide a separate KAI period column.
info,Group Head,14,kai,"Penyusunan matriks dan klasifikasi stakeholder kelembagaan dan investor serta penyusunan strategi dan pedoman komunikasi  beserta mekanisme
implementasi dan monitoring hubungan kelembagaan dan investor",KAI period inferred from KPI Output Frequency because the source sheet does not provide a separate KAI period column.
info,Group Head,15,output,(blank),Dropped OUTPUT row because output weight is blank.
info,Group Head,16,output,(blank),Dropped OUTPUT row because output weight is blank.
info,Group Head,17,output,(blank),Dropped OUTPUT row because output weight is blank.
info,Group Head,18,kai,"Mengkoordinasikan, menjaga alignment, mengintegrasikan, dan mengkonsolidasikan pelaksanaan pengisian data dalam sistem Informasi TJSL Kementerian BUMN oleh Department Head Tanggung Jawab Sosial dan Lingkungan",KAI period inferred from KPI Output Frequency because the source sheet does not provide a separate KAI period column.
info,Group Head,19,kai,MonEv realisasi PELINDO sebagai BUMN dengan predikat Informatif,KAI period inferred from KPI Output Frequency because the source sheet does not provide a separate KAI period column.
info,Group Head,20,kai,"Mengkoordinasikan, menjaga alignment, mengintegrasikan, dan mengkonsolidasikan pelaksanaan publikasi pemberitaan Pelindo Group oleh Department Head Komunikasi Korporasi dan level di bawahnya",KAI period inferred from KPI Output Frequency because the source sheet does not provide a separate KAI period column.
info,Group Head,21,kai,"Pelaksanaan administrasi keuangan, kesekretariatan, dan pelayanan Dewan Komisaris dan Direksi sesuai standar dan prosedur yang berlaku",KAI period inferred from KPI Output Frequency because the source sheet does not provide a separate KAI period column.
info,Group Head,22,kai,Pelaksanaan administrasi radir dan rakomdir sesuai standar dan jadwal yang ditetapkan,KAI period inferred from KPI Output Frequency because the source sheet does not provide a separate KAI period column.
info,Group Head,23,kai,Pelaksanaan monitoring dan evaluasi penyelesaian temuan audit internal dan eksternal,KAI period inferred from KPI Output Frequency because the source sheet does not provide a separate KAI period column.
info,Manager Pelaporan dan Monitor,9,IMPACT,Net Income,enum_issue category=normalized; field=Polarity; raw=Positif; normalized=POSITIVE; Polarity normalized to POSITIVE.
info,Manager Pelaporan dan Monitor,9,IMPACT,Net Income,enum_issue category=normalized; field=Period; raw=Triwulanan; normalized=TRIWULANAN; Period normalized to TRIWULANAN.
info,Manager Pelaporan dan Monitor,10,IMPACT,(ROIC > WACC) x Inv.Capital,enum_issue category=normalized; field=Polarity; raw=Positif; normalized=POSITIVE; Polarity normalized to POSITIVE.
info,Manager Pelaporan dan Monitor,10,IMPACT,(ROIC > WACC) x Inv.Capital,enum_issue category=normalized; field=Period; raw=Triwulanan; normalized=TRIWULANAN; Period normalized to TRIWULANAN.
info,Manager Pelaporan dan Monitor,11,IMPACT,Traffic Volume,enum_issue category=normalized; field=Polarity; raw=Positif; normalized=POSITIVE; Polarity normalized to POSITIVE.
info,Manager Pelaporan dan Monitor,11,IMPACT,Traffic Volume,enum_issue category=normalized; field=Period; raw=Triwulanan; normalized=TRIWULANAN; Period normalized to TRIWULANAN.
info,Manager Pelaporan dan Monitor,12,IMPACT,Total Productivity,enum_issue category=normalized; field=Polarity; raw=Positif; normalized=POSITIVE; Polarity normalized to POSITIVE.
info,Manager Pelaporan dan Monitor,12,IMPACT,Total Productivity,enum_issue category=normalized; field=Period; raw=Triwulanan; normalized=TRIWULANAN; Period normalized to TRIWULANAN.
info,Manager Pelaporan dan Monitor,13,IMPACT,Number of KRI exceeding its risk tolerance limit,enum_issue category=normalized; field=Polarity; raw=Positif; normalized=POSITIVE; Polarity normalized to POSITIVE.
info,Manager Pelaporan dan Monitor,13,IMPACT,Number of KRI exceeding its risk tolerance limit,enum_issue category=normalized; field=Period; raw=Triwulanan; normalized=TRIWULANAN; Period normalized to TRIWULANAN.
info,Manager Pelaporan dan Monitor,14,IMPACT,Lost Time Injury Frequency Rate (LTIFR),enum_issue category=normalized; field=Polarity; raw=Negatif; normalized=NEGATIVE; Polarity normalized to NEGATIVE.
info,Manager Pelaporan dan Monitor,14,IMPACT,Lost Time Injury Frequency Rate (LTIFR),enum_issue category=normalized; field=Period; raw=Triwulanan; normalized=TRIWULANAN; Period normalized to TRIWULANAN.
info,Manager Pelaporan dan Monitor,15,IMPACT,Pengembangan Ekosistem Bali Maritime Tourism Hub (BMTH),enum_issue category=normalized; field=Polarity; raw=Negatif; normalized=NEGATIVE; Polarity normalized to NEGATIVE.
info,Manager Pelaporan dan Monitor,15,IMPACT,Pengembangan Ekosistem Bali Maritime Tourism Hub (BMTH),enum_issue category=normalized; field=Period; raw=Triwulanan; normalized=TRIWULANAN; Period normalized to TRIWULANAN.
info,Manager Pelaporan dan Monitor,16,IMPACT,ESG Rating,enum_issue category=normalized; field=Polarity; raw=Positif; normalized=POSITIVE; Polarity normalized to POSITIVE.
info,Manager Pelaporan dan Monitor,16,IMPACT,ESG Rating,enum_issue category=normalized; field=Period; raw=Tahunan; normalized=TAHUNAN; Period normalized to TAHUNAN.
info,Manager Pelaporan dan Monitor,22,IMPACT,Strategic Project Delivery,enum_issue category=normalized; field=Polarity; raw=Positif; normalized=POSITIVE; Polarity normalized to POSITIVE.
info,Manager Pelaporan dan Monitor,22,IMPACT,Strategic Project Delivery,enum_issue category=normalized; field=Period; raw=Triwulanan; normalized=TRIWULANAN; Period normalized to TRIWULANAN.
info,Manager Pelaporan dan Monitor,23,IMPACT,Manpower productivity (Revenue per total manpower),enum_issue category=normalized; field=Polarity; raw=Positif; normalized=POSITIVE; Polarity normalized to POSITIVE.
info,Manager Pelaporan dan Monitor,23,IMPACT,Manpower productivity (Revenue per total manpower),enum_issue category=normalized; field=Period; raw=Triwulanan; normalized=TRIWULANAN; Period normalized to TRIWULANAN.
info,Manager Pelaporan dan Monitor,16,OUTPUT,Pemenuhan pengisian data dalam sistem Informasi TJSL Kementerian BUMN,enum_issue category=normalized; field=Period; raw=Triwulanan; normalized=TRIWULANAN; Period normalized to TRIWULANAN.
info,Manager Pelaporan dan Monitor,16,OUTPUT,Pemenuhan pengisian data dalam sistem Informasi TJSL Kementerian BUMN,enum_issue category=normalized; field=Polarity; raw=Positif; normalized=POSITIVE; Polarity normalized to POSITIVE.
info,Manager Pelaporan dan Monitor,17,OUTPUT,Jumlah Realisasi Anggaran Program TJSL Tahun 2026,enum_issue category=normalized; field=Period; raw=Tahunan; normalized=TAHUNAN; Period normalized to TAHUNAN.
info,Manager Pelaporan dan Monitor,17,OUTPUT,Jumlah Realisasi Anggaran Program TJSL Tahun 2026,enum_issue category=normalized; field=Polarity; raw=Positif; normalized=POSITIVE; Polarity normalized to POSITIVE.
info,Manager Pelaporan dan Monitor,18,OUTPUT,Perlibatan Peran Serta Karyawan Secara Aktif Dalam Program TJSL,enum_issue category=normalized; field=Period; raw=Triwulanan; normalized=TRIWULANAN; Period normalized to TRIWULANAN.
info,Manager Pelaporan dan Monitor,18,OUTPUT,Perlibatan Peran Serta Karyawan Secara Aktif Dalam Program TJSL,enum_issue category=normalized; field=Polarity; raw=Positif; normalized=POSITIVE; Polarity normalized to POSITIVE.
info,Manager Pelaporan dan Monitor,19,OUTPUT,Pelaksanaan Kolaborasi Program TJSL antar BUMN dan Non BUMN yang sesuai kompetensinya dengan tujuan untuk meningkatkan dampak positif program,enum_issue category=normalized; field=Period; raw=Tahunan; normalized=TAHUNAN; Period normalized to TAHUNAN.
info,Manager Pelaporan dan Monitor,19,OUTPUT,Pelaksanaan Kolaborasi Program TJSL antar BUMN dan Non BUMN yang sesuai kompetensinya dengan tujuan untuk meningkatkan dampak positif program,enum_issue category=normalized; field=Polarity; raw=Positif; normalized=POSITIVE; Polarity normalized to POSITIVE.
info,Manager Pelaporan dan Monitor,20,OUTPUT,Pengukuran Dampak terhadap Program TJSL dengan Metode Social Return On Investment (SROI),enum_issue category=normalized; field=Period; raw=Tahunan; normalized=TAHUNAN; Period normalized to TAHUNAN.
info,Manager Pelaporan dan Monitor,20,OUTPUT,Pengukuran Dampak terhadap Program TJSL dengan Metode Social Return On Investment (SROI),enum_issue category=normalized; field=Polarity; raw=Positif; normalized=POSITIVE; Polarity normalized to POSITIVE.
info,Manager Pelaporan dan Monitor,21,OUTPUT,Jumlah Mitra Binaan Yang dimonitoring Tahun 2026,enum_issue category=normalized; field=Period; raw=Tahunan; normalized=TAHUNAN; Period normalized to TAHUNAN.
info,Manager Pelaporan dan Monitor,21,OUTPUT,Jumlah Mitra Binaan Yang dimonitoring Tahun 2026,enum_issue category=normalized; field=Polarity; raw=Positif; normalized=POSITIVE; Polarity normalized to POSITIVE.
info,Manager Pelaporan dan Monitor,23,OUTPUT,Peningkatan Tata Kelola dalam Peningkatan Kompetensi SDM  yaitu Seluruh Karyawan Pengelola TJSL mendapatkan pelatihan terkait kompetensi TJSL,enum_issue category=normalized; field=Period; raw=Tahunan; normalized=TAHUNAN; Period normalized to TAHUNAN.
info,Manager Pelaporan dan Monitor,23,OUTPUT,Peningkatan Tata Kelola dalam Peningkatan Kompetensi SDM  yaitu Seluruh Karyawan Pengelola TJSL mendapatkan pelatihan terkait kompetensi TJSL,enum_issue category=normalized; field=Polarity; raw=Positif; normalized=POSITIVE; Polarity normalized to POSITIVE.
warning,Manager Pelaporan dan Monitor,18,KAI,Pelaksanaan perlibatan peran serta karyawan secara aktif dalam program TJSL,KAI formula may not be percentage-based or is blank.
warning,Manager Pelaporan dan Monitor,19,KAI,Pelaksanaan kolaborasi Program TJSL antar BUMN dan Non BUMN sesuai kompetensi untuk meningkatkan dampak positif program,KAI formula may not be percentage-based or is blank.
warning,Manager Pelaporan dan Monitor,20,KAI,Pelaksanaan pengukuran dampak Program TJSL dengan metode SROI,KAI formula may not be percentage-based or is blank.
warning,Manager Pelaporan dan Monitor,,weight_audit,Manager Pelaporan dan Monitor,Weight total not 100: level=impact; kpi_type=OUTPUT; parent=ESG Rating; raw_total=90.0; output_total=90.0; cause=Raw Data Issue.
warning,Manager Pelaporan dan Monitor,,weight_audit,Manager Pelaporan dan Monitor,Weight total not 100: level=impact; kpi_type=OUTPUT; parent=Manpower productivity (Revenue per total manpower); raw_total=10.0; output_total=10.0; cause=Raw Data Issue.
warning,Manager Pelaporan dan Monitor,,weight_audit,Manager Pelaporan dan Monitor,Weight total not 100: level=output; kpi_type=KAI; parent=Jumlah Mitra Binaan Yang dimonitoring Tahun 2026; raw_total=10.0; output_total=10.0; cause=Raw Data Issue.
warning,Manager Pelaporan dan Monitor,,weight_audit,Manager Pelaporan dan Monitor,Weight total not 100: level=output; kpi_type=KAI; parent=Jumlah Realisasi Anggaran Program TJSL Tahun 2026; raw_total=15.0; output_total=15.0; cause=Raw Data Issue.
warning,Manager Pelaporan dan Monitor,,weight_audit,Manager Pelaporan dan Monitor,Weight total not 100: level=output; kpi_type=KAI; parent=Pelaksanaan Kolaborasi Program TJSL antar BUMN dan Non BUMN yang sesuai kompetensinya dengan tujuan untuk meningkatkan dampak positif program; raw_total=15.0; output_total=15.0; cause=Raw Data Issue.
warning,Manager Pelaporan dan Monitor,,weight_audit,Manager Pelaporan dan Monitor,Weight total not 100: level=output; kpi_type=KAI; parent=Pemenuhan pengisian data dalam sistem Informasi TJSL Kementerian BUMN; raw_total=15.0; output_total=15.0; cause=Raw Data Issue.
warning,Manager Pelaporan dan Monitor,,weight_audit,Manager Pelaporan dan Monitor,Weight total not 100: level=output; kpi_type=KAI; parent=Pengukuran Dampak terhadap Program TJSL dengan Metode Social Return On Investment (SROI); raw_total=20.0; output_total=20.0; cause=Raw Data Issue.
warning,Manager Pelaporan dan Monitor,,weight_audit,Manager Pelaporan dan Monitor,Weight total not 100: level=output; kpi_type=KAI; parent=Peningkatan Tata Kelola dalam Peningkatan Kompetensi SDM  yaitu Seluruh Karyawan Pengelola TJSL mendapatkan pelatihan terkait kompetensi TJSL; raw_total=10.0; output_total=10.0; cause=Raw Data Issue.
warning,Manager Pelaporan dan Monitor,,weight_audit,Manager Pelaporan dan Monitor,Weight total not 100: level=output; kpi_type=KAI; parent=Perlibatan Peran Serta Karyawan Secara Aktif Dalam Program TJSL; raw_total=15.0; output_total=15.0; cause=Raw Data Issue.
info,Manager Pengelolaan dan Perenca,9,IMPACT,Net Income,enum_issue category=normalized; field=Polarity; raw=Positif; normalized=POSITIVE; Polarity normalized to POSITIVE.
info,Manager Pengelolaan dan Perenca,9,IMPACT,Net Income,enum_issue category=normalized; field=Period; raw=Triwulanan; normalized=TRIWULANAN; Period normalized to TRIWULANAN.
info,Manager Pengelolaan dan Perenca,10,IMPACT,(ROIC > WACC) x Inv.Capital,enum_issue category=normalized; field=Polarity; raw=Positif; normalized=POSITIVE; Polarity normalized to POSITIVE.
info,Manager Pengelolaan dan Perenca,10,IMPACT,(ROIC > WACC) x Inv.Capital,enum_issue category=normalized; field=Period; raw=Triwulanan; normalized=TRIWULANAN; Period normalized to TRIWULANAN.
info,Manager Pengelolaan dan Perenca,11,IMPACT,Traffic Volume,enum_issue category=normalized; field=Polarity; raw=Positif; normalized=POSITIVE; Polarity normalized to POSITIVE.
info,Manager Pengelolaan dan Perenca,11,IMPACT,Traffic Volume,enum_issue category=normalized; field=Period; raw=Triwulanan; normalized=TRIWULANAN; Period normalized to TRIWULANAN.
info,Manager Pengelolaan dan Perenca,12,IMPACT,Total Productivity,enum_issue category=normalized; field=Polarity; raw=Positif; normalized=POSITIVE; Polarity normalized to POSITIVE.
info,Manager Pengelolaan dan Perenca,12,IMPACT,Total Productivity,enum_issue category=normalized; field=Period; raw=Triwulanan; normalized=TRIWULANAN; Period normalized to TRIWULANAN.
info,Manager Pengelolaan dan Perenca,13,IMPACT,Number of KRI exceeding its risk tolerance limit,enum_issue category=normalized; field=Polarity; raw=Positif; normalized=POSITIVE; Polarity normalized to POSITIVE.
info,Manager Pengelolaan dan Perenca,13,IMPACT,Number of KRI exceeding its risk tolerance limit,enum_issue category=normalized; field=Period; raw=Triwulanan; normalized=TRIWULANAN; Period normalized to TRIWULANAN.
info,Manager Pengelolaan dan Perenca,14,IMPACT,Lost Time Injury Frequency Rate (LTIFR),enum_issue category=normalized; field=Polarity; raw=Negatif; normalized=NEGATIVE; Polarity normalized to NEGATIVE.
info,Manager Pengelolaan dan Perenca,14,IMPACT,Lost Time Injury Frequency Rate (LTIFR),enum_issue category=normalized; field=Period; raw=Triwulanan; normalized=TRIWULANAN; Period normalized to TRIWULANAN.
info,Manager Pengelolaan dan Perenca,15,IMPACT,Pengembangan Ekosistem Bali Maritime Tourism Hub (BMTH),enum_issue category=normalized; field=Polarity; raw=Negatif; normalized=NEGATIVE; Polarity normalized to NEGATIVE.
info,Manager Pengelolaan dan Perenca,15,IMPACT,Pengembangan Ekosistem Bali Maritime Tourism Hub (BMTH),enum_issue category=normalized; field=Period; raw=Triwulanan; normalized=TRIWULANAN; Period normalized to TRIWULANAN.
info,Manager Pengelolaan dan Perenca,16,IMPACT,ESG Rating,enum_issue category=normalized; field=Polarity; raw=Positif; normalized=POSITIVE; Polarity normalized to POSITIVE.
info,Manager Pengelolaan dan Perenca,16,IMPACT,ESG Rating,enum_issue category=normalized; field=Period; raw=Tahunan; normalized=TAHUNAN; Period normalized to TAHUNAN.
info,Manager Pengelolaan dan Perenca,20,IMPACT,Strategic Project Delivery,enum_issue category=normalized; field=Polarity; raw=Positif; normalized=POSITIVE; Polarity normalized to POSITIVE.
info,Manager Pengelolaan dan Perenca,20,IMPACT,Strategic Project Delivery,enum_issue category=normalized; field=Period; raw=Triwulanan; normalized=TRIWULANAN; Period normalized to TRIWULANAN.
info,Manager Pengelolaan dan Perenca,21,IMPACT,Manpower productivity (Revenue per total manpower),enum_issue category=normalized; field=Polarity; raw=Positif; normalized=POSITIVE; Polarity normalized to POSITIVE.
info,Manager Pengelolaan dan Perenca,21,IMPACT,Manpower productivity (Revenue per total manpower),enum_issue category=normalized; field=Period; raw=Triwulanan; normalized=TRIWULANAN; Period normalized to TRIWULANAN.
info,Manager Pengelolaan dan Perenca,16,OUTPUT,Jumlah Realisasi Anggaran Program TJSL Tahun 2026,enum_issue category=normalized; field=Period; raw=Tahunan; normalized=TAHUNAN; Period normalized to TAHUNAN.
info,Manager Pengelolaan dan Perenca,16,OUTPUT,Jumlah Realisasi Anggaran Program TJSL Tahun 2026,enum_issue category=normalized; field=Polarity; raw=Positif; normalized=POSITIVE; Polarity normalized to POSITIVE.
info,Manager Pengelolaan dan Perenca,17,OUTPUT,Perlibatan Peran Serta Karyawan Secara Aktif Dalam Program TJSL,enum_issue category=normalized; field=Period; raw=Triwulanan; normalized=TRIWULANAN; Period normalized to TRIWULANAN.
info,Manager Pengelolaan dan Perenca,17,OUTPUT,Perlibatan Peran Serta Karyawan Secara Aktif Dalam Program TJSL,enum_issue category=normalized; field=Polarity; raw=Positif; normalized=POSITIVE; Polarity normalized to POSITIVE.
info,Manager Pengelolaan dan Perenca,18,OUTPUT,Pelaksanaan Kolaborasi Program TJSL antar BUMN dan Non BUMN yang sesuai kompetensinya dengan tujuan untuk meningkatkan dampak positif program,enum_issue category=normalized; field=Period; raw=Tahunan; normalized=TAHUNAN; Period normalized to TAHUNAN.
info,Manager Pengelolaan dan Perenca,18,OUTPUT,Pelaksanaan Kolaborasi Program TJSL antar BUMN dan Non BUMN yang sesuai kompetensinya dengan tujuan untuk meningkatkan dampak positif program,enum_issue category=normalized; field=Polarity; raw=Positif; normalized=POSITIVE; Polarity normalized to POSITIVE.
info,Manager Pengelolaan dan Perenca,19,OUTPUT,Pengukuran Dampak terhadap Program TJSL dengan Metode Social Return On Investment (SROI),enum_issue category=normalized; field=Period; raw=Tahunan; normalized=TAHUNAN; Period normalized to TAHUNAN.
info,Manager Pengelolaan dan Perenca,19,OUTPUT,Pengukuran Dampak terhadap Program TJSL dengan Metode Social Return On Investment (SROI),enum_issue category=normalized; field=Polarity; raw=Positif; normalized=POSITIVE; Polarity normalized to POSITIVE.
info,Manager Pengelolaan dan Perenca,21,OUTPUT,Peningkatan Tata Kelola dalam Peningkatan Kompetensi SDM  yaitu Seluruh Karyawan Pengelola TJSL mendapatkan pelatihan terkait kompetensi TJSL,enum_issue category=normalized; field=Period; raw=Tahunan; normalized=TAHUNAN; Period normalized to TAHUNAN.
info,Manager Pengelolaan dan Perenca,21,OUTPUT,Peningkatan Tata Kelola dalam Peningkatan Kompetensi SDM  yaitu Seluruh Karyawan Pengelola TJSL mendapatkan pelatihan terkait kompetensi TJSL,enum_issue category=normalized; field=Polarity; raw=Positif; normalized=POSITIVE; Polarity normalized to POSITIVE.
warning,Manager Pengelolaan dan Perenca,17,KAI,Pelaksanaan perlibatan peran serta karyawan secara aktif dalam program TJSL,KAI formula may not be percentage-based or is blank.
warning,Manager Pengelolaan dan Perenca,18,KAI,Pelaksanaan kolaborasi Program TJSL antar BUMN dan Non BUMN sesuai kompetensi untuk meningkatkan dampak positif program,KAI formula may not be percentage-based or is blank.
warning,Manager Pengelolaan dan Perenca,19,KAI,Pelaksanaan pengukuran dampak Program TJSL dengan metode SROI,KAI formula may not be percentage-based or is blank.
warning,Manager Pengelolaan dan Perenca,,weight_audit,Manager Pengelolaan dan Perenca,Weight total not 100: level=impact; kpi_type=OUTPUT; parent=ESG Rating; raw_total=85.0; output_total=85.0; cause=Raw Data Issue.
warning,Manager Pengelolaan dan Perenca,,weight_audit,Manager Pengelolaan dan Perenca,Weight total not 100: level=impact; kpi_type=OUTPUT; parent=Manpower productivity (Revenue per total manpower); raw_total=15.0; output_total=15.0; cause=Raw Data Issue.
warning,Manager Pengelolaan dan Perenca,,weight_audit,Manager Pengelolaan dan Perenca,Weight total not 100: level=output; kpi_type=KAI; parent=Jumlah Realisasi Anggaran Program TJSL Tahun 2026; raw_total=10.0; output_total=10.0; cause=Raw Data Issue.
warning,Manager Pengelolaan dan Perenca,,weight_audit,Manager Pengelolaan dan Perenca,Weight total not 100: level=output; kpi_type=KAI; parent=Pelaksanaan Kolaborasi Program TJSL antar BUMN dan Non BUMN yang sesuai kompetensinya dengan tujuan untuk meningkatkan dampak positif program; raw_total=25.0; output_total=25.0; cause=Raw Data Issue.
warning,Manager Pengelolaan dan Perenca,,weight_audit,Manager Pengelolaan dan Perenca,Weight total not 100: level=output; kpi_type=KAI; parent=Pengukuran Dampak terhadap Program TJSL dengan Metode Social Return On Investment (SROI); raw_total=25.0; output_total=25.0; cause=Raw Data Issue.
warning,Manager Pengelolaan dan Perenca,,weight_audit,Manager Pengelolaan dan Perenca,Weight total not 100: level=output; kpi_type=KAI; parent=Peningkatan Tata Kelola dalam Peningkatan Kompetensi SDM  yaitu Seluruh Karyawan Pengelola TJSL mendapatkan pelatihan terkait kompetensi TJSL; raw_total=15.0; output_total=15.0; cause=Raw Data Issue.
warning,Manager Pengelolaan dan Perenca,,weight_audit,Manager Pengelolaan dan Perenca,Weight total not 100: level=output; kpi_type=KAI; parent=Perlibatan Peran Serta Karyawan Secara Aktif Dalam Program TJSL; raw_total=25.0; output_total=25.0; cause=Raw Data Issue.
info,Officer Corcomm,9,IMPACT,Net Income,enum_issue category=normalized; field=Polarity; raw=Positif; normalized=POSITIVE; Polarity normalized to POSITIVE.
info,Officer Corcomm,9,IMPACT,Net Income,enum_issue category=normalized; field=Period; raw=Triwulanan; normalized=TRIWULANAN; Period normalized to TRIWULANAN.
info,Officer Corcomm,12,IMPACT,(ROIC > WACC) x Inv.Capital,enum_issue category=normalized; field=Polarity; raw=Positif; normalized=POSITIVE; Polarity normalized to POSITIVE.
info,Officer Corcomm,12,IMPACT,(ROIC > WACC) x Inv.Capital,enum_issue category=normalized; field=Period; raw=Triwulanan; normalized=TRIWULANAN; Period normalized to TRIWULANAN.
info,Officer Corcomm,13,IMPACT,Traffic Volume,enum_issue category=normalized; field=Polarity; raw=Positif; normalized=POSITIVE; Polarity normalized to POSITIVE.
info,Officer Corcomm,13,IMPACT,Traffic Volume,enum_issue category=normalized; field=Period; raw=Triwulanan; normalized=TRIWULANAN; Period normalized to TRIWULANAN.
info,Officer Corcomm,17,IMPACT,Total Productivity,enum_issue category=normalized; field=Polarity; raw=Positif; normalized=POSITIVE; Polarity normalized to POSITIVE.
info,Officer Corcomm,17,IMPACT,Total Productivity,enum_issue category=normalized; field=Period; raw=Triwulanan; normalized=TRIWULANAN; Period normalized to TRIWULANAN.
info,Officer Corcomm,19,IMPACT,Number of KRI exceeding its risk tolerance limit,enum_issue category=normalized; field=Polarity; raw=Negatif; normalized=NEGATIVE; Polarity normalized to NEGATIVE.
info,Officer Corcomm,19,IMPACT,Number of KRI exceeding its risk tolerance limit,enum_issue category=normalized; field=Period; raw=Triwulanan; normalized=TRIWULANAN; Period normalized to TRIWULANAN.
info,Officer Corcomm,20,IMPACT,Lost Time Injury Frequency Rate (LTIFR),enum_issue category=normalized; field=Polarity; raw=Negatif; normalized=NEGATIVE; Polarity normalized to NEGATIVE.
info,Officer Corcomm,20,IMPACT,Lost Time Injury Frequency Rate (LTIFR),enum_issue category=normalized; field=Period; raw=Triwulanan; normalized=TRIWULANAN; Period normalized to TRIWULANAN.
info,Officer Corcomm,21,IMPACT,Pengembangan Ekosistem Bali Maritime Tourism Hub (BMTH),enum_issue category=normalized; field=Polarity; raw=Negatif; normalized=NEGATIVE; Polarity normalized to NEGATIVE.
info,Officer Corcomm,21,IMPACT,Pengembangan Ekosistem Bali Maritime Tourism Hub (BMTH),enum_issue category=normalized; field=Period; raw=Triwulanan; normalized=TRIWULANAN; Period normalized to TRIWULANAN.
info,Officer Corcomm,22,IMPACT,ESG Rating,enum_issue category=normalized; field=Polarity; raw=Negatif; normalized=NEGATIVE; Polarity normalized to NEGATIVE.
info,Officer Corcomm,22,IMPACT,ESG Rating,enum_issue category=normalized; field=Period; raw=Tahunan; normalized=TAHUNAN; Period normalized to TAHUNAN.
info,Officer Corcomm,23,IMPACT,Strategic Project Delivery,enum_issue category=normalized; field=Polarity; raw=Positif; normalized=POSITIVE; Polarity normalized to POSITIVE.
info,Officer Corcomm,23,IMPACT,Strategic Project Delivery,enum_issue category=normalized; field=Period; raw=Triwulanan; normalized=TRIWULANAN; Period normalized to TRIWULANAN.
info,Officer Corcomm,24,IMPACT,Manpower productivity (Revenue per total manpower),enum_issue category=normalized; field=Polarity; raw=Positif; normalized=POSITIVE; Polarity normalized to POSITIVE.
info,Officer Corcomm,24,IMPACT,Manpower productivity (Revenue per total manpower),enum_issue category=normalized; field=Period; raw=Triwulanan; normalized=TRIWULANAN; Period normalized to TRIWULANAN.
info,Officer Corcomm,9,OUTPUT,Pengelolaan Citra Baik Perusahaan dan Corporate Image Management pada media massa.,enum_issue category=normalized; field=Period; raw=Bulanan; normalized=BULANAN; Period normalized to BULANAN.
info,Officer Corcomm,9,OUTPUT,Pengelolaan Citra Baik Perusahaan dan Corporate Image Management pada media massa.,enum_issue category=normalized; field=Polarity; raw=Positif; normalized=POSITIVE; Polarity normalized to POSITIVE.
info,Officer Corcomm,10,OUTPUT,"Pengelolaan barang-barang kebutuhan promosi (suvenir,  kalender, dll)",enum_issue category=normalized; field=Period; raw=Bulanan; normalized=BULANAN; Period normalized to BULANAN.
info,Officer Corcomm,10,OUTPUT,"Pengelolaan barang-barang kebutuhan promosi (suvenir,  kalender, dll)",enum_issue category=normalized; field=Polarity; raw=Negatif; normalized=NEGATIVE; Polarity normalized to NEGATIVE.
info,Officer Corcomm,13,OUTPUT,Pengelolaan Sponsorship dan bentuk partisipasi lainnya,enum_issue category=normalized; field=Period; raw=Bulanan; normalized=BULANAN; Period normalized to BULANAN.
info,Officer Corcomm,13,OUTPUT,Pengelolaan Sponsorship dan bentuk partisipasi lainnya,enum_issue category=normalized; field=Polarity; raw=Positif; normalized=POSITIVE; Polarity normalized to POSITIVE.
info,Officer Corcomm,14,OUTPUT,"Pengelolaan kegiatan perusahaan yang berkaitan dengan promosi perusahaan (misalnya: Pameran, Seminar, Talkshow, dll)",enum_issue category=normalized; field=Period; raw=Bulanan; normalized=BULANAN; Period normalized to BULANAN.
info,Officer Corcomm,14,OUTPUT,"Pengelolaan kegiatan perusahaan yang berkaitan dengan promosi perusahaan (misalnya: Pameran, Seminar, Talkshow, dll)",enum_issue category=normalized; field=Polarity; raw=Positif; normalized=POSITIVE; Polarity normalized to POSITIVE.
info,Officer Corcomm,15,OUTPUT,Pengelolaan kegiatan promosi perusahaan yang  berkaitan dengan media,enum_issue category=normalized; field=Period; raw=Semester; normalized=SEMESTER; Period normalized to SEMESTER.
info,Officer Corcomm,15,OUTPUT,Pengelolaan kegiatan promosi perusahaan yang  berkaitan dengan media,enum_issue category=normalized; field=Polarity; raw=Positif; normalized=POSITIVE; Polarity normalized to POSITIVE.
info,Officer Corcomm,16,OUTPUT,"Pengelolaan hubungan dengan media melalui kerjasama media, pemasangan iklan dll",enum_issue category=normalized; field=Period; raw=Triwulanan; normalized=TRIWULANAN; Period normalized to TRIWULANAN.
info,Officer Corcomm,16,OUTPUT,"Pengelolaan hubungan dengan media melalui kerjasama media, pemasangan iklan dll",enum_issue category=normalized; field=Polarity; raw=Positif; normalized=POSITIVE; Polarity normalized to POSITIVE.
info,Officer Corcomm,17,OUTPUT,Penyusunan Annual Report Perusahaan,enum_issue category=normalized; field=Period; raw=Tahunan; normalized=TAHUNAN; Period normalized to TAHUNAN.
info,Officer Corcomm,17,OUTPUT,Penyusunan Annual Report Perusahaan,enum_issue category=normalized; field=Polarity; raw=Negatif; normalized=NEGATIVE; Polarity normalized to NEGATIVE.
info,Officer Corcomm,18,OUTPUT,Penyusunan  Laporan Kehumasan,enum_issue category=normalized; field=Period; raw=Bulanan; normalized=BULANAN; Period normalized to BULANAN.
info,Officer Corcomm,18,OUTPUT,Penyusunan  Laporan Kehumasan,enum_issue category=normalized; field=Polarity; raw=Positif; normalized=POSITIVE; Polarity normalized to POSITIVE.
warning,Officer Corcomm,9,KAI,Jumlah Rilis Berita Positif yang Diterbitkan di Media Massa,KAI formula may not be percentage-based or is blank.
warning,Officer Corcomm,,weight_audit,Officer Corcomm,Weight total not 100: level=impact; kpi_type=OUTPUT; parent=Net Income; raw_total=20.0; output_total=20.0; cause=Raw Data Issue.
warning,Officer Corcomm,,weight_audit,Officer Corcomm,Weight total not 100: level=impact; kpi_type=OUTPUT; parent=Total Productivity; raw_total=20.0; output_total=20.0; cause=Raw Data Issue.
warning,Officer Corcomm,,weight_audit,Officer Corcomm,Weight total not 100: level=impact; kpi_type=OUTPUT; parent=Traffic Volume; raw_total=60.0; output_total=60.0; cause=Raw Data Issue.
warning,Officer Corcomm,,weight_audit,Officer Corcomm,Weight total not 100: level=output; kpi_type=KAI; parent=Pengelolaan Citra Baik Perusahaan dan Corporate Image Management pada media massa.; raw_total=15.0; output_total=15.0; cause=Raw Data Issue.
warning,Officer Corcomm,,weight_audit,Officer Corcomm,Weight total not 100: level=output; kpi_type=KAI; parent=Pengelolaan Sponsorship dan bentuk partisipasi lainnya; raw_total=15.0; output_total=15.0; cause=Raw Data Issue.
warning,Officer Corcomm,,weight_audit,Officer Corcomm,"Weight total not 100: level=output; kpi_type=KAI; parent=Pengelolaan barang-barang kebutuhan promosi (suvenir,  kalender, dll); raw_total=5.0; output_total=5.0; cause=Raw Data Issue."
warning,Officer Corcomm,,weight_audit,Officer Corcomm,"Weight total not 100: level=output; kpi_type=KAI; parent=Pengelolaan hubungan dengan media melalui kerjasama media, pemasangan iklan dll; raw_total=15.0; output_total=15.0; cause=Raw Data Issue."
warning,Officer Corcomm,,weight_audit,Officer Corcomm,"Weight total not 100: level=output; kpi_type=KAI; parent=Pengelolaan kegiatan perusahaan yang berkaitan dengan promosi perusahaan (misalnya: Pameran, Seminar, Talkshow, dll); raw_total=15.0; output_total=15.0; cause=Raw Data Issue."
warning,Officer Corcomm,,weight_audit,Officer Corcomm,Weight total not 100: level=output; kpi_type=KAI; parent=Pengelolaan kegiatan promosi perusahaan yang  berkaitan dengan media; raw_total=15.0; output_total=15.0; cause=Raw Data Issue.
warning,Officer Corcomm,,weight_audit,Officer Corcomm,Weight total not 100: level=output; kpi_type=KAI; parent=Penyusunan  Laporan Kehumasan; raw_total=5.0; output_total=5.0; cause=Raw Data Issue.
warning,Officer Corcomm,,weight_audit,Officer Corcomm,Weight total not 100: level=output; kpi_type=KAI; parent=Penyusunan Annual Report Perusahaan; raw_total=15.0; output_total=15.0; cause=Raw Data Issue.
info,Officer Hubungan Lembaga-Invest,9,IMPACT,Net Income,enum_issue category=normalized; field=Polarity; raw=Positif; normalized=POSITIVE; Polarity normalized to POSITIVE.
info,Officer Hubungan Lembaga-Invest,9,IMPACT,Net Income,enum_issue category=normalized; field=Period; raw=Triwulanan; normalized=TRIWULANAN; Period normalized to TRIWULANAN.
info,Officer Hubungan Lembaga-Invest,10,IMPACT,(ROIC > WACC) x Inv.Capital,enum_issue category=normalized; field=Polarity; raw=Positif; normalized=POSITIVE; Polarity normalized to POSITIVE.
info,Officer Hubungan Lembaga-Invest,10,IMPACT,(ROIC > WACC) x Inv.Capital,enum_issue category=normalized; field=Period; raw=Triwulanan; normalized=TRIWULANAN; Period normalized to TRIWULANAN.
info,Officer Hubungan Lembaga-Invest,11,IMPACT,Traffic Volume,enum_issue category=normalized; field=Polarity; raw=Positif; normalized=POSITIVE; Polarity normalized to POSITIVE.
info,Officer Hubungan Lembaga-Invest,11,IMPACT,Traffic Volume,enum_issue category=normalized; field=Period; raw=Triwulanan; normalized=TRIWULANAN; Period normalized to TRIWULANAN.
info,Officer Hubungan Lembaga-Invest,13,IMPACT,Total Productivity,enum_issue category=normalized; field=Polarity; raw=Positif; normalized=POSITIVE; Polarity normalized to POSITIVE.
info,Officer Hubungan Lembaga-Invest,13,IMPACT,Total Productivity,enum_issue category=normalized; field=Period; raw=Triwulanan; normalized=TRIWULANAN; Period normalized to TRIWULANAN.
info,Officer Hubungan Lembaga-Invest,15,IMPACT,Number of KRI exceeding its risk tolerance limit,enum_issue category=normalized; field=Polarity; raw=Negatif; normalized=NEGATIVE; Polarity normalized to NEGATIVE.
info,Officer Hubungan Lembaga-Invest,15,IMPACT,Number of KRI exceeding its risk tolerance limit,enum_issue category=normalized; field=Period; raw=Triwulanan; normalized=TRIWULANAN; Period normalized to TRIWULANAN.
info,Officer Hubungan Lembaga-Invest,16,IMPACT,Lost Time Injury Frequency Rate (LTIFR),enum_issue category=normalized; field=Polarity; raw=Negatif; normalized=NEGATIVE; Polarity normalized to NEGATIVE.
info,Officer Hubungan Lembaga-Invest,16,IMPACT,Lost Time Injury Frequency Rate (LTIFR),enum_issue category=normalized; field=Period; raw=Triwulanan; normalized=TRIWULANAN; Period normalized to TRIWULANAN.
info,Officer Hubungan Lembaga-Invest,17,IMPACT,Pengembangan Ekosistem Bali Maritime Tourism Hub (BMTH),enum_issue category=normalized; field=Polarity; raw=Negatif; normalized=NEGATIVE; Polarity normalized to NEGATIVE.
info,Officer Hubungan Lembaga-Invest,17,IMPACT,Pengembangan Ekosistem Bali Maritime Tourism Hub (BMTH),enum_issue category=normalized; field=Period; raw=Triwulanan; normalized=TRIWULANAN; Period normalized to TRIWULANAN.
info,Officer Hubungan Lembaga-Invest,18,IMPACT,ESG Rating,enum_issue category=normalized; field=Polarity; raw=Negatif; normalized=NEGATIVE; Polarity normalized to NEGATIVE.
info,Officer Hubungan Lembaga-Invest,18,IMPACT,ESG Rating,enum_issue category=normalized; field=Period; raw=Tahunan; normalized=TAHUNAN; Period normalized to TAHUNAN.
info,Officer Hubungan Lembaga-Invest,19,IMPACT,Strategic Project Delivery,enum_issue category=normalized; field=Polarity; raw=Positif; normalized=POSITIVE; Polarity normalized to POSITIVE.
info,Officer Hubungan Lembaga-Invest,19,IMPACT,Strategic Project Delivery,enum_issue category=normalized; field=Period; raw=Triwulanan; normalized=TRIWULANAN; Period normalized to TRIWULANAN.
info,Officer Hubungan Lembaga-Invest,20,IMPACT,Manpower productivity (Revenue per total manpower),enum_issue category=normalized; field=Polarity; raw=Positif; normalized=POSITIVE; Polarity normalized to POSITIVE.
info,Officer Hubungan Lembaga-Invest,20,IMPACT,Manpower productivity (Revenue per total manpower),enum_issue category=normalized; field=Period; raw=Triwulanan; normalized=TRIWULANAN; Period normalized to TRIWULANAN.
info,Officer Hubungan Lembaga-Invest,9,OUTPUT,Pemenuhan Pelaporan OJK,enum_issue category=normalized; field=Period; raw=Bulanan; normalized=BULANAN; Period normalized to BULANAN.
info,Officer Hubungan Lembaga-Invest,9,OUTPUT,Pemenuhan Pelaporan OJK,enum_issue category=normalized; field=Polarity; raw=Positif; normalized=POSITIVE; Polarity normalized to POSITIVE.
info,Officer Hubungan Lembaga-Invest,11,OUTPUT,Laporan Konsolidasi Kegiatan Stakeholder Management di Subholding dan Regional,enum_issue category=normalized; field=Period; raw=Triwulanan; normalized=TRIWULANAN; Period normalized to TRIWULANAN.
info,Officer Hubungan Lembaga-Invest,11,OUTPUT,Laporan Konsolidasi Kegiatan Stakeholder Management di Subholding dan Regional,enum_issue category=normalized; field=Polarity; raw=Positif; normalized=POSITIVE; Polarity normalized to POSITIVE.
info,Officer Hubungan Lembaga-Invest,12,OUTPUT,Pelaksanaan Stakeholder Gathering,enum_issue category=normalized; field=Period; raw=Triwulanan; normalized=TRIWULANAN; Period normalized to TRIWULANAN.
info,Officer Hubungan Lembaga-Invest,12,OUTPUT,Pelaksanaan Stakeholder Gathering,enum_issue category=normalized; field=Polarity; raw=Positif; normalized=POSITIVE; Polarity normalized to POSITIVE.
info,Officer Hubungan Lembaga-Invest,13,OUTPUT,Mengoptimalkan Hubungan Kelembagaan/Stakeholder Pelindo,enum_issue category=normalized; field=Period; raw=Bulanan; normalized=BULANAN; Period normalized to BULANAN.
info,Officer Hubungan Lembaga-Invest,13,OUTPUT,Mengoptimalkan Hubungan Kelembagaan/Stakeholder Pelindo,enum_issue category=normalized; field=Polarity; raw=Positif; normalized=POSITIVE; Polarity normalized to POSITIVE.
info,Officer Hubungan Lembaga-Invest,14,OUTPUT,Mengoptimalkan Hubungan Kelembagaan/Stakeholder Pelindo dengan Lembaga non DPR,enum_issue category=normalized; field=Period; raw=Bulanan; normalized=BULANAN; Period normalized to BULANAN.
info,Officer Hubungan Lembaga-Invest,14,OUTPUT,Mengoptimalkan Hubungan Kelembagaan/Stakeholder Pelindo dengan Lembaga non DPR,enum_issue category=normalized; field=Polarity; raw=Positif; normalized=POSITIVE; Polarity normalized to POSITIVE.
warning,Officer Hubungan Lembaga-Invest,13,KAI,Pelaksanaan pengelolaan hubungan kelembagaan dan stakeholder secara efektif,KAI formula may not be percentage-based or is blank.
warning,Officer Hubungan Lembaga-Invest,14,KAI,Jumlah Kegiatan Kolaborasi dengan Lembaga Non-DPR RI,KAI formula may not be percentage-based or is blank.
warning,Officer Hubungan Lembaga-Invest,,weight_audit,Officer Hubungan Lembaga-Invest,Weight total not 100: level=impact; kpi_type=OUTPUT; parent=Net Income; raw_total=15.0; output_total=15.0; cause=Raw Data Issue.
warning,Officer Hubungan Lembaga-Invest,,weight_audit,Officer Hubungan Lembaga-Invest,Weight total not 100: level=impact; kpi_type=OUTPUT; parent=Total Productivity; raw_total=35.0; output_total=35.0; cause=Raw Data Issue.
warning,Officer Hubungan Lembaga-Invest,,weight_audit,Officer Hubungan Lembaga-Invest,Weight total not 100: level=impact; kpi_type=OUTPUT; parent=Traffic Volume; raw_total=50.0; output_total=50.0; cause=Raw Data Issue.
warning,Officer Hubungan Lembaga-Invest,,weight_audit,Officer Hubungan Lembaga-Invest,Weight total not 100: level=output; kpi_type=KAI; parent=Laporan Konsolidasi Kegiatan Stakeholder Management di Subholding dan Regional; raw_total=25.0; output_total=25.0; cause=Raw Data Issue.
warning,Officer Hubungan Lembaga-Invest,,weight_audit,Officer Hubungan Lembaga-Invest,Weight total not 100: level=output; kpi_type=KAI; parent=Mengoptimalkan Hubungan Kelembagaan/Stakeholder Pelindo; raw_total=25.0; output_total=25.0; cause=Raw Data Issue.
warning,Officer Hubungan Lembaga-Invest,,weight_audit,Officer Hubungan Lembaga-Invest,Weight total not 100: level=output; kpi_type=KAI; parent=Mengoptimalkan Hubungan Kelembagaan/Stakeholder Pelindo dengan Lembaga non DPR; raw_total=10.0; output_total=10.0; cause=Raw Data Issue.
warning,Officer Hubungan Lembaga-Invest,,weight_audit,Officer Hubungan Lembaga-Invest,Weight total not 100: level=output; kpi_type=KAI; parent=Pelaksanaan Stakeholder Gathering; raw_total=25.0; output_total=25.0; cause=Raw Data Issue.
warning,Officer Hubungan Lembaga-Invest,,weight_audit,Officer Hubungan Lembaga-Invest,Weight total not 100: level=output; kpi_type=KAI; parent=Pemenuhan Pelaporan OJK; raw_total=15.0; output_total=15.0; cause=Raw Data Issue.
info,Officer Pelaporan dan Monitor,9,IMPACT,Net Income,enum_issue category=normalized; field=Polarity; raw=Positif; normalized=POSITIVE; Polarity normalized to POSITIVE.
info,Officer Pelaporan dan Monitor,9,IMPACT,Net Income,enum_issue category=normalized; field=Period; raw=Triwulanan; normalized=TRIWULANAN; Period normalized to TRIWULANAN.
info,Officer Pelaporan dan Monitor,10,IMPACT,(ROIC > WACC) x Inv.Capital,enum_issue category=normalized; field=Polarity; raw=Positif; normalized=POSITIVE; Polarity normalized to POSITIVE.
info,Officer Pelaporan dan Monitor,10,IMPACT,(ROIC > WACC) x Inv.Capital,enum_issue category=normalized; field=Period; raw=Triwulanan; normalized=TRIWULANAN; Period normalized to TRIWULANAN.
info,Officer Pelaporan dan Monitor,11,IMPACT,Traffic Volume,enum_issue category=normalized; field=Polarity; raw=Positif; normalized=POSITIVE; Polarity normalized to POSITIVE.
info,Officer Pelaporan dan Monitor,11,IMPACT,Traffic Volume,enum_issue category=normalized; field=Period; raw=Triwulanan; normalized=TRIWULANAN; Period normalized to TRIWULANAN.
info,Officer Pelaporan dan Monitor,12,IMPACT,Total Productivity,enum_issue category=normalized; field=Polarity; raw=Positif; normalized=POSITIVE; Polarity normalized to POSITIVE.
info,Officer Pelaporan dan Monitor,12,IMPACT,Total Productivity,enum_issue category=normalized; field=Period; raw=Triwulanan; normalized=TRIWULANAN; Period normalized to TRIWULANAN.
info,Officer Pelaporan dan Monitor,13,IMPACT,Number of KRI exceeding its risk tolerance limit,enum_issue category=normalized; field=Polarity; raw=Positif; normalized=POSITIVE; Polarity normalized to POSITIVE.
info,Officer Pelaporan dan Monitor,13,IMPACT,Number of KRI exceeding its risk tolerance limit,enum_issue category=normalized; field=Period; raw=Triwulanan; normalized=TRIWULANAN; Period normalized to TRIWULANAN.
info,Officer Pelaporan dan Monitor,14,IMPACT,Lost Time Injury Frequency Rate (LTIFR),enum_issue category=normalized; field=Polarity; raw=Negatif; normalized=NEGATIVE; Polarity normalized to NEGATIVE.
info,Officer Pelaporan dan Monitor,14,IMPACT,Lost Time Injury Frequency Rate (LTIFR),enum_issue category=normalized; field=Period; raw=Triwulanan; normalized=TRIWULANAN; Period normalized to TRIWULANAN.
info,Officer Pelaporan dan Monitor,15,IMPACT,Pengembangan Ekosistem Bali Maritime Tourism Hub (BMTH),enum_issue category=normalized; field=Polarity; raw=Negatif; normalized=NEGATIVE; Polarity normalized to NEGATIVE.
info,Officer Pelaporan dan Monitor,15,IMPACT,Pengembangan Ekosistem Bali Maritime Tourism Hub (BMTH),enum_issue category=normalized; field=Period; raw=Triwulanan; normalized=TRIWULANAN; Period normalized to TRIWULANAN.
info,Officer Pelaporan dan Monitor,16,IMPACT,ESG Rating,enum_issue category=normalized; field=Polarity; raw=Positif; normalized=POSITIVE; Polarity normalized to POSITIVE.
info,Officer Pelaporan dan Monitor,16,IMPACT,ESG Rating,enum_issue category=normalized; field=Period; raw=Tahunan; normalized=TAHUNAN; Period normalized to TAHUNAN.
info,Officer Pelaporan dan Monitor,22,IMPACT,Strategic Project Delivery,enum_issue category=normalized; field=Polarity; raw=Positif; normalized=POSITIVE; Polarity normalized to POSITIVE.
info,Officer Pelaporan dan Monitor,22,IMPACT,Strategic Project Delivery,enum_issue category=normalized; field=Period; raw=Triwulanan; normalized=TRIWULANAN; Period normalized to TRIWULANAN.
info,Officer Pelaporan dan Monitor,23,IMPACT,Manpower productivity (Revenue per total manpower),enum_issue category=normalized; field=Polarity; raw=Positif; normalized=POSITIVE; Polarity normalized to POSITIVE.
info,Officer Pelaporan dan Monitor,23,IMPACT,Manpower productivity (Revenue per total manpower),enum_issue category=normalized; field=Period; raw=Triwulanan; normalized=TRIWULANAN; Period normalized to TRIWULANAN.
info,Officer Pelaporan dan Monitor,16,OUTPUT,Pemenuhan pengisian data dalam sistem Informasi TJSL Kementerian BUMN,enum_issue category=normalized; field=Period; raw=Triwulanan; normalized=TRIWULANAN; Period normalized to TRIWULANAN.
info,Officer Pelaporan dan Monitor,16,OUTPUT,Pemenuhan pengisian data dalam sistem Informasi TJSL Kementerian BUMN,enum_issue category=normalized; field=Polarity; raw=Positif; normalized=POSITIVE; Polarity normalized to POSITIVE.
info,Officer Pelaporan dan Monitor,17,OUTPUT,Jumlah Realisasi Anggaran Program TJSL Tahun 2026,enum_issue category=normalized; field=Period; raw=Tahunan; normalized=TAHUNAN; Period normalized to TAHUNAN.
info,Officer Pelaporan dan Monitor,17,OUTPUT,Jumlah Realisasi Anggaran Program TJSL Tahun 2026,enum_issue category=normalized; field=Polarity; raw=Positif; normalized=POSITIVE; Polarity normalized to POSITIVE.
info,Officer Pelaporan dan Monitor,18,OUTPUT,Perlibatan Peran Serta Karyawan Secara Aktif Dalam Program TJSL,enum_issue category=normalized; field=Period; raw=Triwulanan; normalized=TRIWULANAN; Period normalized to TRIWULANAN.
info,Officer Pelaporan dan Monitor,18,OUTPUT,Perlibatan Peran Serta Karyawan Secara Aktif Dalam Program TJSL,enum_issue category=normalized; field=Polarity; raw=Positif; normalized=POSITIVE; Polarity normalized to POSITIVE.
info,Officer Pelaporan dan Monitor,19,OUTPUT,Pelaksanaan Kolaborasi Program TJSL antar BUMN dan Non BUMN yang sesuai kompetensinya dengan tujuan untuk meningkatkan dampak positif program,enum_issue category=normalized; field=Period; raw=Tahunan; normalized=TAHUNAN; Period normalized to TAHUNAN.
info,Officer Pelaporan dan Monitor,19,OUTPUT,Pelaksanaan Kolaborasi Program TJSL antar BUMN dan Non BUMN yang sesuai kompetensinya dengan tujuan untuk meningkatkan dampak positif program,enum_issue category=normalized; field=Polarity; raw=Positif; normalized=POSITIVE; Polarity normalized to POSITIVE.
info,Officer Pelaporan dan Monitor,20,OUTPUT,Pengukuran Dampak terhadap Program TJSL dengan Metode Social Return On Investment (SROI),enum_issue category=normalized; field=Period; raw=Tahunan; normalized=TAHUNAN; Period normalized to TAHUNAN.
info,Officer Pelaporan dan Monitor,20,OUTPUT,Pengukuran Dampak terhadap Program TJSL dengan Metode Social Return On Investment (SROI),enum_issue category=normalized; field=Polarity; raw=Positif; normalized=POSITIVE; Polarity normalized to POSITIVE.
info,Officer Pelaporan dan Monitor,21,OUTPUT,Jumlah Mitra Binaan Yang dimonitoring Tahun 2026,enum_issue category=normalized; field=Period; raw=Tahunan; normalized=TAHUNAN; Period normalized to TAHUNAN.
info,Officer Pelaporan dan Monitor,21,OUTPUT,Jumlah Mitra Binaan Yang dimonitoring Tahun 2026,enum_issue category=normalized; field=Polarity; raw=Positif; normalized=POSITIVE; Polarity normalized to POSITIVE.
info,Officer Pelaporan dan Monitor,23,OUTPUT,Peningkatan Tata Kelola dalam Peningkatan Kompetensi SDM  yaitu Seluruh Karyawan Pengelola TJSL mendapatkan pelatihan terkait kompetensi TJSL,enum_issue category=normalized; field=Period; raw=Tahunan; normalized=TAHUNAN; Period normalized to TAHUNAN.
info,Officer Pelaporan dan Monitor,23,OUTPUT,Peningkatan Tata Kelola dalam Peningkatan Kompetensi SDM  yaitu Seluruh Karyawan Pengelola TJSL mendapatkan pelatihan terkait kompetensi TJSL,enum_issue category=normalized; field=Polarity; raw=Positif; normalized=POSITIVE; Polarity normalized to POSITIVE.
warning,Officer Pelaporan dan Monitor,18,KAI,Pelaksanaan perlibatan peran serta karyawan secara aktif dalam program TJSL,KAI formula may not be percentage-based or is blank.
warning,Officer Pelaporan dan Monitor,19,KAI,Pelaksanaan kolaborasi Program TJSL antar BUMN dan Non BUMN sesuai kompetensi untuk meningkatkan dampak positif program,KAI formula may not be percentage-based or is blank.
warning,Officer Pelaporan dan Monitor,20,KAI,Pelaksanaan pengukuran dampak Program TJSL dengan metode SROI,KAI formula may not be percentage-based or is blank.
warning,Officer Pelaporan dan Monitor,,weight_audit,Officer Pelaporan dan Monitor,Weight total not 100: level=impact; kpi_type=OUTPUT; parent=ESG Rating; raw_total=90.0; output_total=90.0; cause=Raw Data Issue.
warning,Officer Pelaporan dan Monitor,,weight_audit,Officer Pelaporan dan Monitor,Weight total not 100: level=impact; kpi_type=OUTPUT; parent=Manpower productivity (Revenue per total manpower); raw_total=10.0; output_total=10.0; cause=Raw Data Issue.
warning,Officer Pelaporan dan Monitor,,weight_audit,Officer Pelaporan dan Monitor,Weight total not 100: level=output; kpi_type=KAI; parent=Jumlah Mitra Binaan Yang dimonitoring Tahun 2026; raw_total=10.0; output_total=10.0; cause=Raw Data Issue.
warning,Officer Pelaporan dan Monitor,,weight_audit,Officer Pelaporan dan Monitor,Weight total not 100: level=output; kpi_type=KAI; parent=Jumlah Realisasi Anggaran Program TJSL Tahun 2026; raw_total=15.0; output_total=15.0; cause=Raw Data Issue.
warning,Officer Pelaporan dan Monitor,,weight_audit,Officer Pelaporan dan Monitor,Weight total not 100: level=output; kpi_type=KAI; parent=Pelaksanaan Kolaborasi Program TJSL antar BUMN dan Non BUMN yang sesuai kompetensinya dengan tujuan untuk meningkatkan dampak positif program; raw_total=15.0; output_total=15.0; cause=Raw Data Issue.
warning,Officer Pelaporan dan Monitor,,weight_audit,Officer Pelaporan dan Monitor,Weight total not 100: level=output; kpi_type=KAI; parent=Pemenuhan pengisian data dalam sistem Informasi TJSL Kementerian BUMN; raw_total=15.0; output_total=15.0; cause=Raw Data Issue.
warning,Officer Pelaporan dan Monitor,,weight_audit,Officer Pelaporan dan Monitor,Weight total not 100: level=output; kpi_type=KAI; parent=Pengukuran Dampak terhadap Program TJSL dengan Metode Social Return On Investment (SROI); raw_total=20.0; output_total=20.0; cause=Raw Data Issue.
warning,Officer Pelaporan dan Monitor,,weight_audit,Officer Pelaporan dan Monitor,Weight total not 100: level=output; kpi_type=KAI; parent=Peningkatan Tata Kelola dalam Peningkatan Kompetensi SDM  yaitu Seluruh Karyawan Pengelola TJSL mendapatkan pelatihan terkait kompetensi TJSL; raw_total=10.0; output_total=10.0; cause=Raw Data Issue.
warning,Officer Pelaporan dan Monitor,,weight_audit,Officer Pelaporan dan Monitor,Weight total not 100: level=output; kpi_type=KAI; parent=Perlibatan Peran Serta Karyawan Secara Aktif Dalam Program TJSL; raw_total=15.0; output_total=15.0; cause=Raw Data Issue.
info,Officer Pengelolaan dan Perenca,9,IMPACT,Net Income,enum_issue category=normalized; field=Polarity; raw=Positif; normalized=POSITIVE; Polarity normalized to POSITIVE.
info,Officer Pengelolaan dan Perenca,9,IMPACT,Net Income,enum_issue category=normalized; field=Period; raw=Triwulanan; normalized=TRIWULANAN; Period normalized to TRIWULANAN.
info,Officer Pengelolaan dan Perenca,10,IMPACT,(ROIC > WACC) x Inv.Capital,enum_issue category=normalized; field=Polarity; raw=Positif; normalized=POSITIVE; Polarity normalized to POSITIVE.
info,Officer Pengelolaan dan Perenca,10,IMPACT,(ROIC > WACC) x Inv.Capital,enum_issue category=normalized; field=Period; raw=Triwulanan; normalized=TRIWULANAN; Period normalized to TRIWULANAN.
info,Officer Pengelolaan dan Perenca,11,IMPACT,Traffic Volume,enum_issue category=normalized; field=Polarity; raw=Positif; normalized=POSITIVE; Polarity normalized to POSITIVE.
info,Officer Pengelolaan dan Perenca,11,IMPACT,Traffic Volume,enum_issue category=normalized; field=Period; raw=Triwulanan; normalized=TRIWULANAN; Period normalized to TRIWULANAN.
info,Officer Pengelolaan dan Perenca,12,IMPACT,Total Productivity,enum_issue category=normalized; field=Polarity; raw=Positif; normalized=POSITIVE; Polarity normalized to POSITIVE.
info,Officer Pengelolaan dan Perenca,12,IMPACT,Total Productivity,enum_issue category=normalized; field=Period; raw=Triwulanan; normalized=TRIWULANAN; Period normalized to TRIWULANAN.
info,Officer Pengelolaan dan Perenca,13,IMPACT,Number of KRI exceeding its risk tolerance limit,enum_issue category=normalized; field=Polarity; raw=Positif; normalized=POSITIVE; Polarity normalized to POSITIVE.
info,Officer Pengelolaan dan Perenca,13,IMPACT,Number of KRI exceeding its risk tolerance limit,enum_issue category=normalized; field=Period; raw=Triwulanan; normalized=TRIWULANAN; Period normalized to TRIWULANAN.
info,Officer Pengelolaan dan Perenca,14,IMPACT,Lost Time Injury Frequency Rate (LTIFR),enum_issue category=normalized; field=Polarity; raw=Negatif; normalized=NEGATIVE; Polarity normalized to NEGATIVE.
info,Officer Pengelolaan dan Perenca,14,IMPACT,Lost Time Injury Frequency Rate (LTIFR),enum_issue category=normalized; field=Period; raw=Triwulanan; normalized=TRIWULANAN; Period normalized to TRIWULANAN.
info,Officer Pengelolaan dan Perenca,15,IMPACT,Pengembangan Ekosistem Bali Maritime Tourism Hub (BMTH),enum_issue category=normalized; field=Polarity; raw=Negatif; normalized=NEGATIVE; Polarity normalized to NEGATIVE.
info,Officer Pengelolaan dan Perenca,15,IMPACT,Pengembangan Ekosistem Bali Maritime Tourism Hub (BMTH),enum_issue category=normalized; field=Period; raw=Triwulanan; normalized=TRIWULANAN; Period normalized to TRIWULANAN.
info,Officer Pengelolaan dan Perenca,16,IMPACT,ESG Rating,enum_issue category=normalized; field=Polarity; raw=Positif; normalized=POSITIVE; Polarity normalized to POSITIVE.
info,Officer Pengelolaan dan Perenca,16,IMPACT,ESG Rating,enum_issue category=normalized; field=Period; raw=Tahunan; normalized=TAHUNAN; Period normalized to TAHUNAN.
info,Officer Pengelolaan dan Perenca,20,IMPACT,Strategic Project Delivery,enum_issue category=normalized; field=Polarity; raw=Positif; normalized=POSITIVE; Polarity normalized to POSITIVE.
info,Officer Pengelolaan dan Perenca,20,IMPACT,Strategic Project Delivery,enum_issue category=normalized; field=Period; raw=Triwulanan; normalized=TRIWULANAN; Period normalized to TRIWULANAN.
info,Officer Pengelolaan dan Perenca,21,IMPACT,Manpower productivity (Revenue per total manpower),enum_issue category=normalized; field=Polarity; raw=Positif; normalized=POSITIVE; Polarity normalized to POSITIVE.
info,Officer Pengelolaan dan Perenca,21,IMPACT,Manpower productivity (Revenue per total manpower),enum_issue category=normalized; field=Period; raw=Triwulanan; normalized=TRIWULANAN; Period normalized to TRIWULANAN.
info,Officer Pengelolaan dan Perenca,16,OUTPUT,Jumlah Realisasi Anggaran Program TJSL Tahun 2026,enum_issue category=normalized; field=Period; raw=Tahunan; normalized=TAHUNAN; Period normalized to TAHUNAN.
info,Officer Pengelolaan dan Perenca,16,OUTPUT,Jumlah Realisasi Anggaran Program TJSL Tahun 2026,enum_issue category=normalized; field=Polarity; raw=Positif; normalized=POSITIVE; Polarity normalized to POSITIVE.
info,Officer Pengelolaan dan Perenca,17,OUTPUT,Perlibatan Peran Serta Karyawan Secara Aktif Dalam Program TJSL,enum_issue category=normalized; field=Period; raw=Triwulanan; normalized=TRIWULANAN; Period normalized to TRIWULANAN.
info,Officer Pengelolaan dan Perenca,17,OUTPUT,Perlibatan Peran Serta Karyawan Secara Aktif Dalam Program TJSL,enum_issue category=normalized; field=Polarity; raw=Positif; normalized=POSITIVE; Polarity normalized to POSITIVE.
info,Officer Pengelolaan dan Perenca,18,OUTPUT,Pelaksanaan Kolaborasi Program TJSL antar BUMN dan Non BUMN yang sesuai kompetensinya dengan tujuan untuk meningkatkan dampak positif program,enum_issue category=normalized; field=Period; raw=Tahunan; normalized=TAHUNAN; Period normalized to TAHUNAN.
info,Officer Pengelolaan dan Perenca,18,OUTPUT,Pelaksanaan Kolaborasi Program TJSL antar BUMN dan Non BUMN yang sesuai kompetensinya dengan tujuan untuk meningkatkan dampak positif program,enum_issue category=normalized; field=Polarity; raw=Positif; normalized=POSITIVE; Polarity normalized to POSITIVE.
info,Officer Pengelolaan dan Perenca,19,OUTPUT,Pengukuran Dampak terhadap Program TJSL dengan Metode Social Return On Investment (SROI),enum_issue category=normalized; field=Period; raw=Tahunan; normalized=TAHUNAN; Period normalized to TAHUNAN.
info,Officer Pengelolaan dan Perenca,19,OUTPUT,Pengukuran Dampak terhadap Program TJSL dengan Metode Social Return On Investment (SROI),enum_issue category=normalized; field=Polarity; raw=Positif; normalized=POSITIVE; Polarity normalized to POSITIVE.
info,Officer Pengelolaan dan Perenca,21,OUTPUT,Peningkatan Tata Kelola dalam Peningkatan Kompetensi SDM  yaitu Seluruh Karyawan Pengelola TJSL mendapatkan pelatihan terkait kompetensi TJSL,enum_issue category=normalized; field=Period; raw=Tahunan; normalized=TAHUNAN; Period normalized to TAHUNAN.
info,Officer Pengelolaan dan Perenca,21,OUTPUT,Peningkatan Tata Kelola dalam Peningkatan Kompetensi SDM  yaitu Seluruh Karyawan Pengelola TJSL mendapatkan pelatihan terkait kompetensi TJSL,enum_issue category=normalized; field=Polarity; raw=Positif; normalized=POSITIVE; Polarity normalized to POSITIVE.
warning,Officer Pengelolaan dan Perenca,17,KAI,Pelaksanaan perlibatan peran serta karyawan secara aktif dalam program TJSL,KAI formula may not be percentage-based or is blank.
warning,Officer Pengelolaan dan Perenca,18,KAI,Pelaksanaan kolaborasi Program TJSL antar BUMN dan Non BUMN sesuai kompetensi untuk meningkatkan dampak positif program,KAI formula may not be percentage-based or is blank.
warning,Officer Pengelolaan dan Perenca,19,KAI,Pelaksanaan pengukuran dampak Program TJSL dengan metode SROI,KAI formula may not be percentage-based or is blank.
warning,Officer Pengelolaan dan Perenca,,weight_audit,Officer Pengelolaan dan Perenca,Weight total not 100: level=impact; kpi_type=OUTPUT; parent=ESG Rating; raw_total=85.0; output_total=85.0; cause=Raw Data Issue.
warning,Officer Pengelolaan dan Perenca,,weight_audit,Officer Pengelolaan dan Perenca,Weight total not 100: level=impact; kpi_type=OUTPUT; parent=Manpower productivity (Revenue per total manpower); raw_total=15.0; output_total=15.0; cause=Raw Data Issue.
warning,Officer Pengelolaan dan Perenca,,weight_audit,Officer Pengelolaan dan Perenca,Weight total not 100: level=output; kpi_type=KAI; parent=Jumlah Realisasi Anggaran Program TJSL Tahun 2026; raw_total=10.0; output_total=10.0; cause=Raw Data Issue.
warning,Officer Pengelolaan dan Perenca,,weight_audit,Officer Pengelolaan dan Perenca,Weight total not 100: level=output; kpi_type=KAI; parent=Pelaksanaan Kolaborasi Program TJSL antar BUMN dan Non BUMN yang sesuai kompetensinya dengan tujuan untuk meningkatkan dampak positif program; raw_total=25.0; output_total=25.0; cause=Raw Data Issue.
warning,Officer Pengelolaan dan Perenca,,weight_audit,Officer Pengelolaan dan Perenca,Weight total not 100: level=output; kpi_type=KAI; parent=Pengukuran Dampak terhadap Program TJSL dengan Metode Social Return On Investment (SROI); raw_total=25.0; output_total=25.0; cause=Raw Data Issue.
warning,Officer Pengelolaan dan Perenca,,weight_audit,Officer Pengelolaan dan Perenca,Weight total not 100: level=output; kpi_type=KAI; parent=Peningkatan Tata Kelola dalam Peningkatan Kompetensi SDM  yaitu Seluruh Karyawan Pengelola TJSL mendapatkan pelatihan terkait kompetensi TJSL; raw_total=15.0; output_total=15.0; cause=Raw Data Issue.
warning,Officer Pengelolaan dan Perenca,,weight_audit,Officer Pengelolaan dan Perenca,Weight total not 100: level=output; kpi_type=KAI; parent=Perlibatan Peran Serta Karyawan Secara Aktif Dalam Program TJSL; raw_total=25.0; output_total=25.0; cause=Raw Data Issue.
info,Officer Manajemen Kesekretariat,9,IMPACT,Net Income,enum_issue category=normalized; field=Polarity; raw=Positif; normalized=POSITIVE; Polarity normalized to POSITIVE.
info,Officer Manajemen Kesekretariat,9,IMPACT,Net Income,enum_issue category=normalized; field=Period; raw=Triwulanan; normalized=TRIWULANAN; Period normalized to TRIWULANAN.
info,Officer Manajemen Kesekretariat,16,IMPACT,(ROIC > WACC) x Inv.Capital,enum_issue category=normalized; field=Polarity; raw=Positif; normalized=POSITIVE; Polarity normalized to POSITIVE.
info,Officer Manajemen Kesekretariat,16,IMPACT,(ROIC > WACC) x Inv.Capital,enum_issue category=normalized; field=Period; raw=Triwulanan; normalized=TRIWULANAN; Period normalized to TRIWULANAN.
info,Officer Manajemen Kesekretariat,17,IMPACT,Traffic Volume,enum_issue category=normalized; field=Polarity; raw=Positif; normalized=POSITIVE; Polarity normalized to POSITIVE.
info,Officer Manajemen Kesekretariat,17,IMPACT,Traffic Volume,enum_issue category=normalized; field=Period; raw=Triwulanan; normalized=TRIWULANAN; Period normalized to TRIWULANAN.
info,Officer Manajemen Kesekretariat,18,IMPACT,Total Productivity,enum_issue category=normalized; field=Polarity; raw=Positif; normalized=POSITIVE; Polarity normalized to POSITIVE.
info,Officer Manajemen Kesekretariat,18,IMPACT,Total Productivity,enum_issue category=normalized; field=Period; raw=Triwulanan; normalized=TRIWULANAN; Period normalized to TRIWULANAN.
info,Officer Manajemen Kesekretariat,19,IMPACT,Number of KRI exceeding its risk tolerance limit,enum_issue category=normalized; field=Polarity; raw=Negatif; normalized=NEGATIVE; Polarity normalized to NEGATIVE.
info,Officer Manajemen Kesekretariat,19,IMPACT,Number of KRI exceeding its risk tolerance limit,enum_issue category=normalized; field=Period; raw=Triwulanan; normalized=TRIWULANAN; Period normalized to TRIWULANAN.
info,Officer Manajemen Kesekretariat,20,IMPACT,Lost Time Injury Frequency Rate (LTIFR),enum_issue category=normalized; field=Polarity; raw=Negatif; normalized=NEGATIVE; Polarity normalized to NEGATIVE.
info,Officer Manajemen Kesekretariat,20,IMPACT,Lost Time Injury Frequency Rate (LTIFR),enum_issue category=normalized; field=Period; raw=Triwulanan; normalized=TRIWULANAN; Period normalized to TRIWULANAN.
info,Officer Manajemen Kesekretariat,21,IMPACT,Pengembangan Ekosistem Bali Maritime Tourism Hub (BMTH),enum_issue category=normalized; field=Polarity; raw=Positif; normalized=POSITIVE; Polarity normalized to POSITIVE.
info,Officer Manajemen Kesekretariat,21,IMPACT,Pengembangan Ekosistem Bali Maritime Tourism Hub (BMTH),enum_issue category=normalized; field=Period; raw=Triwulanan; normalized=TRIWULANAN; Period normalized to TRIWULANAN.
info,Officer Manajemen Kesekretariat,22,IMPACT,ESG Rating,enum_issue category=normalized; field=Polarity; raw=Positif; normalized=POSITIVE; Polarity normalized to POSITIVE.
info,Officer Manajemen Kesekretariat,22,IMPACT,ESG Rating,enum_issue category=normalized; field=Period; raw=Tahunan; normalized=TAHUNAN; Period normalized to TAHUNAN.
info,Officer Manajemen Kesekretariat,24,IMPACT,Strategic Project Delivery,enum_issue category=normalized; field=Polarity; raw=Positif; normalized=POSITIVE; Polarity normalized to POSITIVE.
info,Officer Manajemen Kesekretariat,24,IMPACT,Strategic Project Delivery,enum_issue category=normalized; field=Period; raw=Triwulanan; normalized=TRIWULANAN; Period normalized to TRIWULANAN.
info,Officer Manajemen Kesekretariat,29,IMPACT,Manpower productivity (Revenue per total manpower),enum_issue category=normalized; field=Polarity; raw=Positif; normalized=POSITIVE; Polarity normalized to POSITIVE.
info,Officer Manajemen Kesekretariat,29,IMPACT,Manpower productivity (Revenue per total manpower),enum_issue category=normalized; field=Period; raw=Triwulanan; normalized=TRIWULANAN; Period normalized to TRIWULANAN.
info,Officer Manajemen Kesekretariat,10,OUTPUT,Pemenuhan Fasilitas Kendaraan Dinas Bagi Direksi,enum_issue category=normalized; field=Period; raw=tahunan; normalized=TAHUNAN; Period normalized to TAHUNAN.
info,Officer Manajemen Kesekretariat,10,OUTPUT,Pemenuhan Fasilitas Kendaraan Dinas Bagi Direksi,enum_issue category=normalized; field=Polarity; raw=Negatif; normalized=NEGATIVE; Polarity normalized to NEGATIVE.
info,Officer Manajemen Kesekretariat,11,OUTPUT,"Kelengkapan Administrasi Dokumen hingga Pembayaran Dana Operasional Direksi, Tagihan Transportasi dan Akomodasi Perjalanan Dinas,  Sewa Mobil Dinas, Tagihan Kesehatan, Uang SPPD, Penghasilan dan Reimbursement untuk Direksi dan Dewan Komisaris",enum_issue category=normalized; field=Period; raw=Bulanan; normalized=BULANAN; Period normalized to BULANAN.
info,Officer Manajemen Kesekretariat,11,OUTPUT,"Kelengkapan Administrasi Dokumen hingga Pembayaran Dana Operasional Direksi, Tagihan Transportasi dan Akomodasi Perjalanan Dinas,  Sewa Mobil Dinas, Tagihan Kesehatan, Uang SPPD, Penghasilan dan Reimbursement untuk Direksi dan Dewan Komisaris",enum_issue category=normalized; field=Polarity; raw=Negatif; normalized=NEGATIVE; Polarity normalized to NEGATIVE.
info,Officer Manajemen Kesekretariat,12,OUTPUT,Penyusunan Risalah Rapat Direksi hingga Ditandatangani oleh GH Sekretariat Perusahaan serta Monitoring Sirkuler Risalah Rapat Direksi,enum_issue category=normalized; field=Period; raw=Bulanan; normalized=BULANAN; Period normalized to BULANAN.
info,Officer Manajemen Kesekretariat,12,OUTPUT,Penyusunan Risalah Rapat Direksi hingga Ditandatangani oleh GH Sekretariat Perusahaan serta Monitoring Sirkuler Risalah Rapat Direksi,enum_issue category=normalized; field=Polarity; raw=Negatif; normalized=NEGATIVE; Polarity normalized to NEGATIVE.
info,Officer Manajemen Kesekretariat,13,OUTPUT,Kelengkapan Administrasi terkait Pelaksanaan RUPS hingga Koordinasi terkait Acara RUPS dengan pemegang saham,enum_issue category=normalized; field=Period; raw=tahunan; normalized=TAHUNAN; Period normalized to TAHUNAN.
info,Officer Manajemen Kesekretariat,13,OUTPUT,Kelengkapan Administrasi terkait Pelaksanaan RUPS hingga Koordinasi terkait Acara RUPS dengan pemegang saham,enum_issue category=normalized; field=Polarity; raw=Negatif; normalized=NEGATIVE; Polarity normalized to NEGATIVE.
info,Officer Manajemen Kesekretariat,14,OUTPUT,Pemenuhan Kebutuhan Radir dan Rakomdir,enum_issue category=normalized; field=Period; raw=Bulanan; normalized=BULANAN; Period normalized to BULANAN.
info,Officer Manajemen Kesekretariat,14,OUTPUT,Pemenuhan Kebutuhan Radir dan Rakomdir,enum_issue category=normalized; field=Polarity; raw=Negatif; normalized=NEGATIVE; Polarity normalized to NEGATIVE.
info,Officer Manajemen Kesekretariat,15,OUTPUT,Perhitungan dan Pembayaran Asuransi Purna Jabatan Direksi dan Dewan Komisaris dan Sekdekom,enum_issue category=normalized; field=Period; raw=tahunan; normalized=TAHUNAN; Period normalized to TAHUNAN.
info,Officer Manajemen Kesekretariat,15,OUTPUT,Perhitungan dan Pembayaran Asuransi Purna Jabatan Direksi dan Dewan Komisaris dan Sekdekom,enum_issue category=normalized; field=Polarity; raw=Negatif; normalized=NEGATIVE; Polarity normalized to NEGATIVE.
warning,Officer Manajemen Kesekretariat,18,OUTPUT,Penyusunan Laporan Triwulanan/Tahunan Dewan Dekomisaris dan Organ Pendukung Dewan Komisaris,enum_issue category=ambiguous; field=Period; raw=Triwulanan/Tahunan; normalized=TRIWULANAN; Ambiguous period defaulted to fallback period TRIWULANAN.
info,Officer Manajemen Kesekretariat,18,OUTPUT,Penyusunan Laporan Triwulanan/Tahunan Dewan Dekomisaris dan Organ Pendukung Dewan Komisaris,enum_issue category=normalized; field=Polarity; raw=Negatif; normalized=NEGATIVE; Polarity normalized to NEGATIVE.
info,Officer Manajemen Kesekretariat,23,OUTPUT,Reviu dan Revisi Peraturan Direksi,enum_issue category=normalized; field=Period; raw=Triwulanan; normalized=TRIWULANAN; Period normalized to TRIWULANAN.
info,Officer Manajemen Kesekretariat,23,OUTPUT,Reviu dan Revisi Peraturan Direksi,enum_issue category=normalized; field=Polarity; raw=Negatif; normalized=NEGATIVE; Polarity normalized to NEGATIVE.
info,Officer Manajemen Kesekretariat,24,OUTPUT,Pelaksanaan Pelayanan dan Pendampingan Direksi dan Dewan Komisaris,enum_issue category=normalized; field=Period; raw=Bulanan; normalized=BULANAN; Period normalized to BULANAN.
info,Officer Manajemen Kesekretariat,24,OUTPUT,Pelaksanaan Pelayanan dan Pendampingan Direksi dan Dewan Komisaris,enum_issue category=normalized; field=Polarity; raw=Negatif; normalized=NEGATIVE; Polarity normalized to NEGATIVE.
info,Officer Manajemen Kesekretariat,25,OUTPUT,Administrasi Kesekretariatan Direksi dan Dewan Komisaris,enum_issue category=normalized; field=Period; raw=Bulanan; normalized=BULANAN; Period normalized to BULANAN.
info,Officer Manajemen Kesekretariat,25,OUTPUT,Administrasi Kesekretariatan Direksi dan Dewan Komisaris,enum_issue category=normalized; field=Polarity; raw=Negatif; normalized=NEGATIVE; Polarity normalized to NEGATIVE.
info,Officer Manajemen Kesekretariat,29,OUTPUT,Melaksanakan administrasi dokumen Pengajuan Pelatihan hingga Pembayaran Pelatihan Dewan Komisaris & Organ Pendukung Dewan Komisaris,enum_issue category=normalized; field=Period; raw=tahunan; normalized=TAHUNAN; Period normalized to TAHUNAN.
info,Officer Manajemen Kesekretariat,29,OUTPUT,Melaksanakan administrasi dokumen Pengajuan Pelatihan hingga Pembayaran Pelatihan Dewan Komisaris & Organ Pendukung Dewan Komisaris,enum_issue category=normalized; field=Polarity; raw=Negatif; normalized=NEGATIVE; Polarity normalized to NEGATIVE.
warning,Officer Manajemen Kesekretariat,10,KAI,Persentase Penyelesaian Pengadaan Kendaraan Dinas Dalam Waktu 90 Hari,KAI formula may not be percentage-based or is blank.
warning,Officer Manajemen Kesekretariat,18,KAI,Waktu Penyelesaian Draft Laporan Triwulanan/Tahunan,KAI formula may not be percentage-based or is blank.
warning,Officer Manajemen Kesekretariat,,weight_audit,Officer Manajemen Kesekretariat,Weight total not 100: level=impact; kpi_type=OUTPUT; parent=ESG Rating; raw_total=10.0; output_total=10.0; cause=Raw Data Issue.
warning,Officer Manajemen Kesekretariat,,weight_audit,Officer Manajemen Kesekretariat,Weight total not 100: level=impact; kpi_type=OUTPUT; parent=Manpower productivity (Revenue per total manpower); raw_total=10.0; output_total=10.0; cause=Raw Data Issue.
warning,Officer Manajemen Kesekretariat,,weight_audit,Officer Manajemen Kesekretariat,Weight total not 100: level=impact; kpi_type=OUTPUT; parent=Net Income; raw_total=60.0; output_total=60.0; cause=Raw Data Issue.
warning,Officer Manajemen Kesekretariat,,weight_audit,Officer Manajemen Kesekretariat,Weight total not 100: level=impact; kpi_type=OUTPUT; parent=Strategic Project Delivery; raw_total=20.0; output_total=20.0; cause=Raw Data Issue.
warning,Officer Manajemen Kesekretariat,,weight_audit,Officer Manajemen Kesekretariat,Weight total not 100: level=impact; kpi_type=OUTPUT; parent=Total Productivity; raw_total=10.0; output_total=10.0; cause=Raw Data Issue.
warning,Officer Manajemen Kesekretariat,,weight_audit,Officer Manajemen Kesekretariat,Weight total not 100: level=output; kpi_type=KAI; parent=Administrasi Kesekretariatan Direksi dan Dewan Komisaris; raw_total=10.0; output_total=10.0; cause=Raw Data Issue.
warning,Officer Manajemen Kesekretariat,,weight_audit,Officer Manajemen Kesekretariat,"Weight total not 100: level=output; kpi_type=KAI; parent=Kelengkapan Administrasi Dokumen hingga Pembayaran Dana Operasional Direksi, Tagihan Transportasi dan Akomodasi Perjalanan Dinas,  Sewa Mobil Dinas, Tagihan Kesehatan, Uang SPPD, Penghasilan dan Reimbursement untuk Direksi dan Dewan Komisaris; raw_total=15.0; output_total=15.0; cause=Raw Data Issue."
warning,Officer Manajemen Kesekretariat,,weight_audit,Officer Manajemen Kesekretariat,Weight total not 100: level=output; kpi_type=KAI; parent=Kelengkapan Administrasi terkait Pelaksanaan RUPS hingga Koordinasi terkait Acara RUPS dengan pemegang saham; raw_total=5.0; output_total=5.0; cause=Raw Data Issue.
warning,Officer Manajemen Kesekretariat,,weight_audit,Officer Manajemen Kesekretariat,Weight total not 100: level=output; kpi_type=KAI; parent=Melaksanakan administrasi dokumen Pengajuan Pelatihan hingga Pembayaran Pelatihan Dewan Komisaris & Organ Pendukung Dewan Komisaris; raw_total=10.0; output_total=10.0; cause=Raw Data Issue.
warning,Officer Manajemen Kesekretariat,,weight_audit,Officer Manajemen Kesekretariat,Weight total not 100: level=output; kpi_type=KAI; parent=Pelaksanaan Pelayanan dan Pendampingan Direksi dan Dewan Komisaris; raw_total=10.0; output_total=10.0; cause=Raw Data Issue.
warning,Officer Manajemen Kesekretariat,,weight_audit,Officer Manajemen Kesekretariat,Weight total not 100: level=output; kpi_type=KAI; parent=Pemenuhan Fasilitas Kendaraan Dinas Bagi Direksi; raw_total=10.0; output_total=10.0; cause=Raw Data Issue.
warning,Officer Manajemen Kesekretariat,,weight_audit,Officer Manajemen Kesekretariat,Weight total not 100: level=output; kpi_type=KAI; parent=Pemenuhan Kebutuhan Radir dan Rakomdir; raw_total=10.0; output_total=10.0; cause=Raw Data Issue.
warning,Officer Manajemen Kesekretariat,,weight_audit,Officer Manajemen Kesekretariat,Weight total not 100: level=output; kpi_type=KAI; parent=Penyusunan Laporan Triwulanan/Tahunan Dewan Dekomisaris dan Organ Pendukung Dewan Komisaris; raw_total=10.0; output_total=10.0; cause=Raw Data Issue.
warning,Officer Manajemen Kesekretariat,,weight_audit,Officer Manajemen Kesekretariat,Weight total not 100: level=output; kpi_type=KAI; parent=Penyusunan Risalah Rapat Direksi hingga Ditandatangani oleh GH Sekretariat Perusahaan serta Monitoring Sirkuler Risalah Rapat Direksi; raw_total=15.0; output_total=15.0; cause=Raw Data Issue.
warning,Officer Manajemen Kesekretariat,,weight_audit,Officer Manajemen Kesekretariat,Weight total not 100: level=output; kpi_type=KAI; parent=Perhitungan dan Pembayaran Asuransi Purna Jabatan Direksi dan Dewan Komisaris dan Sekdekom; raw_total=5.0; output_total=5.0; cause=Raw Data Issue.
warning,Officer Manajemen Kesekretariat,,weight_audit,Officer Manajemen Kesekretariat,Weight total not 100: level=output; kpi_type=KAI; parent=Reviu dan Revisi Peraturan Direksi; raw_total=10.0; output_total=10.0; cause=Raw Data Issue.
warning,Officer Manajemen Kesekretariat,,weight_audit,Officer Manajemen Kesekretariat,Weight total not 100: level=position; kpi_type=KAI; raw_total=110.0; output_total=110.0; cause=Raw Data Issue.
warning,Officer Manajemen Kesekretariat,,weight_audit,Officer Manajemen Kesekretariat,Weight total not 100: level=position; kpi_type=OUTPUT; raw_total=110.0; output_total=110.0; cause=Raw Data Issue.
info,DH Hubungan Lembaga-Investor,9,IMPACT,Net Income,enum_issue category=normalized; field=Polarity; raw=Positif; normalized=POSITIVE; Polarity normalized to POSITIVE.
info,DH Hubungan Lembaga-Investor,9,IMPACT,Net Income,enum_issue category=normalized; field=Period; raw=Triwulanan; normalized=TRIWULANAN; Period normalized to TRIWULANAN.
info,DH Hubungan Lembaga-Investor,10,IMPACT,(ROIC > WACC) x Inv.Capital,enum_issue category=normalized; field=Polarity; raw=Positif; normalized=POSITIVE; Polarity normalized to POSITIVE.
info,DH Hubungan Lembaga-Investor,10,IMPACT,(ROIC > WACC) x Inv.Capital,enum_issue category=normalized; field=Period; raw=Triwulanan; normalized=TRIWULANAN; Period normalized to TRIWULANAN.
info,DH Hubungan Lembaga-Investor,11,IMPACT,Traffic Volume,enum_issue category=normalized; field=Polarity; raw=Positif; normalized=POSITIVE; Polarity normalized to POSITIVE.
info,DH Hubungan Lembaga-Investor,11,IMPACT,Traffic Volume,enum_issue category=normalized; field=Period; raw=Triwulanan; normalized=TRIWULANAN; Period normalized to TRIWULANAN.
info,DH Hubungan Lembaga-Investor,12,IMPACT,Total Productivity,enum_issue category=normalized; field=Polarity; raw=Positif; normalized=POSITIVE; Polarity normalized to POSITIVE.
info,DH Hubungan Lembaga-Investor,12,IMPACT,Total Productivity,enum_issue category=normalized; field=Period; raw=Triwulanan; normalized=TRIWULANAN; Period normalized to TRIWULANAN.
info,DH Hubungan Lembaga-Investor,14,IMPACT,Number of KRI exceeding its risk tolerance limit,enum_issue category=normalized; field=Polarity; raw=Positif; normalized=POSITIVE; Polarity normalized to POSITIVE.
info,DH Hubungan Lembaga-Investor,14,IMPACT,Number of KRI exceeding its risk tolerance limit,enum_issue category=normalized; field=Period; raw=Triwulanan; normalized=TRIWULANAN; Period normalized to TRIWULANAN.
info,DH Hubungan Lembaga-Investor,15,IMPACT,Lost Time Injury Frequency Rate (LTIFR),enum_issue category=normalized; field=Polarity; raw=Negatif; normalized=NEGATIVE; Polarity normalized to NEGATIVE.
info,DH Hubungan Lembaga-Investor,15,IMPACT,Lost Time Injury Frequency Rate (LTIFR),enum_issue category=normalized; field=Period; raw=Triwulanan; normalized=TRIWULANAN; Period normalized to TRIWULANAN.
info,DH Hubungan Lembaga-Investor,16,IMPACT,Pengembangan Ekosistem Bali Maritime Tourism Hub (BMTH),enum_issue category=normalized; field=Polarity; raw=Negatif; normalized=NEGATIVE; Polarity normalized to NEGATIVE.
info,DH Hubungan Lembaga-Investor,16,IMPACT,Pengembangan Ekosistem Bali Maritime Tourism Hub (BMTH),enum_issue category=normalized; field=Period; raw=Triwulanan; normalized=TRIWULANAN; Period normalized to TRIWULANAN.
info,DH Hubungan Lembaga-Investor,17,IMPACT,ESG Rating,enum_issue category=normalized; field=Polarity; raw=Negatif; normalized=NEGATIVE; Polarity normalized to NEGATIVE.
info,DH Hubungan Lembaga-Investor,17,IMPACT,ESG Rating,enum_issue category=normalized; field=Period; raw=Tahunan; normalized=TAHUNAN; Period normalized to TAHUNAN.
info,DH Hubungan Lembaga-Investor,18,IMPACT,Strategic Project Delivery,enum_issue category=normalized; field=Polarity; raw=Positif; normalized=POSITIVE; Polarity normalized to POSITIVE.
info,DH Hubungan Lembaga-Investor,18,IMPACT,Strategic Project Delivery,enum_issue category=normalized; field=Period; raw=Triwulanan; normalized=TRIWULANAN; Period normalized to TRIWULANAN.
info,DH Hubungan Lembaga-Investor,19,IMPACT,Manpower productivity (Revenue per total manpower),enum_issue category=normalized; field=Polarity; raw=Negatif; normalized=NEGATIVE; Polarity normalized to NEGATIVE.
info,DH Hubungan Lembaga-Investor,19,IMPACT,Manpower productivity (Revenue per total manpower),enum_issue category=normalized; field=Period; raw=Triwulanan; normalized=TRIWULANAN; Period normalized to TRIWULANAN.
info,DH Hubungan Lembaga-Investor,9,OUTPUT,Pemenuhan Pelaporan OJK,enum_issue category=normalized; field=Period; raw=Bulanan; normalized=BULANAN; Period normalized to BULANAN.
info,DH Hubungan Lembaga-Investor,9,OUTPUT,Pemenuhan Pelaporan OJK,enum_issue category=normalized; field=Polarity; raw=Positif; normalized=POSITIVE; Polarity normalized to POSITIVE.
info,DH Hubungan Lembaga-Investor,11,OUTPUT,Pengelolaan Hubungan Kemitraan Strategis Korporasi dengan Lembaga & Investor,enum_issue category=normalized; field=Period; raw=Triwulanan; normalized=TRIWULANAN; Period normalized to TRIWULANAN.
info,DH Hubungan Lembaga-Investor,11,OUTPUT,Pengelolaan Hubungan Kemitraan Strategis Korporasi dengan Lembaga & Investor,enum_issue category=normalized; field=Polarity; raw=Positif; normalized=POSITIVE; Polarity normalized to POSITIVE.
info,DH Hubungan Lembaga-Investor,13,OUTPUT,Pengembangan Strategi Komunikasi Korporasi untuk Hubungan Kelembagaan dan Investor,enum_issue category=normalized; field=Period; raw=Tahunan; normalized=TAHUNAN; Period normalized to TAHUNAN.
warning,DH Hubungan Lembaga-Investor,13,OUTPUT,Pengembangan Strategi Komunikasi Korporasi untuk Hubungan Kelembagaan dan Investor,enum_issue category=invalid; field=Polarity; raw=Diunggah; normalized=POSITIVE; Invalid polarity defaulted to POSITIVE.
info,DH Hubungan Lembaga-Investor,19,OUTPUT,"Tingkat pemenuhan tata kelola, manajemen risiko, dan kepatuhan internal (Penyelesaian Temuan Audit)",enum_issue category=normalized; field=Period; raw=Triwulanan; normalized=TRIWULANAN; Period normalized to TRIWULANAN.
info,DH Hubungan Lembaga-Investor,19,OUTPUT,"Tingkat pemenuhan tata kelola, manajemen risiko, dan kepatuhan internal (Penyelesaian Temuan Audit)",enum_issue category=normalized; field=Polarity; raw=Positif; normalized=POSITIVE; Polarity normalized to POSITIVE.
warning,DH Hubungan Lembaga-Investor,13,KAI,"Program ini bertujuan menyusun Pedoman Tata Kelola Hubungan Kelembagaan dan Investor sebagai acuan tunggal untuk mengelola komunikasi eksternal secara konsisten dan strategis. Program ini mencakup pemetaan stakeholder, klasifikasi, penyusunan key messaging, tools komunikasi, dan sistem monitoring hubungan lembaga dan investor.",KAI formula may not be percentage-based or is blank.
warning,DH Hubungan Lembaga-Investor,,weight_audit,DH Hubungan Lembaga-Investor,Weight total not 100: level=impact; kpi_type=OUTPUT; parent=Manpower productivity (Revenue per total manpower); raw_total=5.0; output_total=5.0; cause=Raw Data Issue.
warning,DH Hubungan Lembaga-Investor,,weight_audit,DH Hubungan Lembaga-Investor,Weight total not 100: level=impact; kpi_type=OUTPUT; parent=Net Income; raw_total=10.0; output_total=10.0; cause=Raw Data Issue.
warning,DH Hubungan Lembaga-Investor,,weight_audit,DH Hubungan Lembaga-Investor,Weight total not 100: level=impact; kpi_type=OUTPUT; parent=Total Productivity; raw_total=30.0; output_total=30.0; cause=Raw Data Issue.
warning,DH Hubungan Lembaga-Investor,,weight_audit,DH Hubungan Lembaga-Investor,Weight total not 100: level=impact; kpi_type=OUTPUT; parent=Traffic Volume; raw_total=30.0; output_total=30.0; cause=Raw Data Issue.
warning,DH Hubungan Lembaga-Investor,,weight_audit,DH Hubungan Lembaga-Investor,Weight total not 100: level=output; kpi_type=KAI; parent=Pemenuhan Pelaporan OJK; raw_total=10.0; output_total=10.0; cause=Raw Data Issue.
warning,DH Hubungan Lembaga-Investor,,weight_audit,DH Hubungan Lembaga-Investor,Weight total not 100: level=output; kpi_type=KAI; parent=Pengelolaan Hubungan Kemitraan Strategis Korporasi dengan Lembaga & Investor; raw_total=30.0; output_total=30.0; cause=Raw Data Issue.
warning,DH Hubungan Lembaga-Investor,,weight_audit,DH Hubungan Lembaga-Investor,Weight total not 100: level=output; kpi_type=KAI; parent=Pengembangan Strategi Komunikasi Korporasi untuk Hubungan Kelembagaan dan Investor; raw_total=30.0; output_total=30.0; cause=Raw Data Issue.
warning,DH Hubungan Lembaga-Investor,,weight_audit,DH Hubungan Lembaga-Investor,"Weight total not 100: level=output; kpi_type=KAI; parent=Tingkat pemenuhan tata kelola, manajemen risiko, dan kepatuhan internal (Penyelesaian Temuan Audit); raw_total=5.0; output_total=5.0; cause=Raw Data Issue."
warning,DH Hubungan Lembaga-Investor,,weight_audit,DH Hubungan Lembaga-Investor,Weight total not 100: level=position; kpi_type=KAI; raw_total=75.0; output_total=75.0; cause=Raw Data Issue.
warning,DH Hubungan Lembaga-Investor,,weight_audit,DH Hubungan Lembaga-Investor,Weight total not 100: level=position; kpi_type=OUTPUT; raw_total=75.0; output_total=75.0; cause=Raw Data Issue.
info,DH Corcomm,9,IMPACT,Net Income,enum_issue category=normalized; field=Polarity; raw=Positif; normalized=POSITIVE; Polarity normalized to POSITIVE.
info,DH Corcomm,9,IMPACT,Net Income,enum_issue category=normalized; field=Period; raw=Triwulanan; normalized=TRIWULANAN; Period normalized to TRIWULANAN.
info,DH Corcomm,10,IMPACT,(ROIC > WACC) x Inv.Capital,enum_issue category=normalized; field=Polarity; raw=Positif; normalized=POSITIVE; Polarity normalized to POSITIVE.
info,DH Corcomm,10,IMPACT,(ROIC > WACC) x Inv.Capital,enum_issue category=normalized; field=Period; raw=Triwulanan; normalized=TRIWULANAN; Period normalized to TRIWULANAN.
info,DH Corcomm,11,IMPACT,Traffic Volume,enum_issue category=normalized; field=Polarity; raw=Positif; normalized=POSITIVE; Polarity normalized to POSITIVE.
info,DH Corcomm,11,IMPACT,Traffic Volume,enum_issue category=normalized; field=Period; raw=Triwulanan; normalized=TRIWULANAN; Period normalized to TRIWULANAN.
info,DH Corcomm,13,IMPACT,Total Productivity,enum_issue category=normalized; field=Polarity; raw=Positif; normalized=POSITIVE; Polarity normalized to POSITIVE.
info,DH Corcomm,13,IMPACT,Total Productivity,enum_issue category=normalized; field=Period; raw=Triwulanan; normalized=TRIWULANAN; Period normalized to TRIWULANAN.
info,DH Corcomm,15,IMPACT,Number of KRI exceeding its risk tolerance limit,enum_issue category=normalized; field=Polarity; raw=Negatif; normalized=NEGATIVE; Polarity normalized to NEGATIVE.
info,DH Corcomm,15,IMPACT,Number of KRI exceeding its risk tolerance limit,enum_issue category=normalized; field=Period; raw=Triwulanan; normalized=TRIWULANAN; Period normalized to TRIWULANAN.
info,DH Corcomm,16,IMPACT,Lost Time Injury Frequency Rate (LTIFR),enum_issue category=normalized; field=Polarity; raw=Negatif; normalized=NEGATIVE; Polarity normalized to NEGATIVE.
info,DH Corcomm,16,IMPACT,Lost Time Injury Frequency Rate (LTIFR),enum_issue category=normalized; field=Period; raw=Triwulanan; normalized=TRIWULANAN; Period normalized to TRIWULANAN.
info,DH Corcomm,17,IMPACT,Pengembangan Ekosistem Bali Maritime Tourism Hub (BMTH),enum_issue category=normalized; field=Polarity; raw=Positif; normalized=POSITIVE; Polarity normalized to POSITIVE.
info,DH Corcomm,17,IMPACT,Pengembangan Ekosistem Bali Maritime Tourism Hub (BMTH),enum_issue category=normalized; field=Period; raw=Triwulanan; normalized=TRIWULANAN; Period normalized to TRIWULANAN.
info,DH Corcomm,18,IMPACT,ESG Rating,enum_issue category=normalized; field=Polarity; raw=Positif; normalized=POSITIVE; Polarity normalized to POSITIVE.
info,DH Corcomm,18,IMPACT,ESG Rating,enum_issue category=normalized; field=Period; raw=Tahunan; normalized=TAHUNAN; Period normalized to TAHUNAN.
info,DH Corcomm,19,IMPACT,Strategic Project Delivery,enum_issue category=normalized; field=Polarity; raw=Positif; normalized=POSITIVE; Polarity normalized to POSITIVE.
info,DH Corcomm,19,IMPACT,Strategic Project Delivery,enum_issue category=normalized; field=Period; raw=Triwulanan; normalized=TRIWULANAN; Period normalized to TRIWULANAN.
info,DH Corcomm,20,IMPACT,Manpower productivity (Revenue per total manpower),enum_issue category=normalized; field=Polarity; raw=Negatif; normalized=NEGATIVE; Polarity normalized to NEGATIVE.
info,DH Corcomm,20,IMPACT,Manpower productivity (Revenue per total manpower),enum_issue category=normalized; field=Period; raw=Triwulanan; normalized=TRIWULANAN; Period normalized to TRIWULANAN.
info,DH Corcomm,11,OUTPUT,"Pengelolaan kegiatan perusahaan yang berkaitan dengan promosi perusahaan (misalnya: Pameran, Seminar, Talkshow, dll) dan Sponsorship",enum_issue category=normalized; field=Period; raw=Bulanan; normalized=BULANAN; Period normalized to BULANAN.
info,DH Corcomm,11,OUTPUT,"Pengelolaan kegiatan perusahaan yang berkaitan dengan promosi perusahaan (misalnya: Pameran, Seminar, Talkshow, dll) dan Sponsorship",enum_issue category=normalized; field=Polarity; raw=Positif; normalized=POSITIVE; Polarity normalized to POSITIVE.
info,DH Corcomm,12,OUTPUT,Pengelolaan keterbukaan informasi publik,enum_issue category=normalized; field=Period; raw=Triwulanan; normalized=TRIWULANAN; Period normalized to TRIWULANAN.
info,DH Corcomm,12,OUTPUT,Pengelolaan keterbukaan informasi publik,enum_issue category=normalized; field=Polarity; raw=Positif; normalized=POSITIVE; Polarity normalized to POSITIVE.
info,DH Corcomm,13,OUTPUT,Penyusunan Annual Report Perusahaan,enum_issue category=normalized; field=Period; raw=Tahunan; normalized=TAHUNAN; Period normalized to TAHUNAN.
info,DH Corcomm,13,OUTPUT,Penyusunan Annual Report Perusahaan,enum_issue category=normalized; field=Polarity; raw=Negatif; normalized=NEGATIVE; Polarity normalized to NEGATIVE.
info,DH Corcomm,14,OUTPUT,"Penyiapan disain dan konten visual grafis untuk branding perusahaan, misalnya video, konten, publikasi, disain barang promosi, dll",enum_issue category=normalized; field=Period; raw=Bulanan; normalized=BULANAN; Period normalized to BULANAN.
info,DH Corcomm,14,OUTPUT,"Penyiapan disain dan konten visual grafis untuk branding perusahaan, misalnya video, konten, publikasi, disain barang promosi, dll",enum_issue category=normalized; field=Polarity; raw=Positif; normalized=POSITIVE; Polarity normalized to POSITIVE.
info,DH Corcomm,17,OUTPUT,Publikasi Seluruh Pemberitaan Pelindo Group,enum_issue category=normalized; field=Period; raw=Bulanan; normalized=BULANAN; Period normalized to BULANAN.
info,DH Corcomm,17,OUTPUT,Publikasi Seluruh Pemberitaan Pelindo Group,enum_issue category=normalized; field=Polarity; raw=Positif; normalized=POSITIVE; Polarity normalized to POSITIVE.
info,DH Corcomm,18,OUTPUT,Evaluasi Realisasi Program Implementasi Brand Guidelines PT Pelabuhan Indonesia (Persero),enum_issue category=normalized; field=Period; raw=Triwulanan; normalized=TRIWULANAN; Period normalized to TRIWULANAN.
info,DH Corcomm,18,OUTPUT,Evaluasi Realisasi Program Implementasi Brand Guidelines PT Pelabuhan Indonesia (Persero),enum_issue category=normalized; field=Polarity; raw=Positif; normalized=POSITIVE; Polarity normalized to POSITIVE.
info,DH Corcomm,20,OUTPUT,"Tingkat pemenuhan tata kelola, manajemen risiko, dan kepatuhan internal (Penyelesaian Temuan Audit)",enum_issue category=normalized; field=Period; raw=Triwulanan; normalized=TRIWULANAN; Period normalized to TRIWULANAN.
info,DH Corcomm,20,OUTPUT,"Tingkat pemenuhan tata kelola, manajemen risiko, dan kepatuhan internal (Penyelesaian Temuan Audit)",enum_issue category=normalized; field=Polarity; raw=Positif; normalized=POSITIVE; Polarity normalized to POSITIVE.
info,DH Corcomm,13,KAI,Pelaksanaan koordinasi dan pengumpulan data untuk penyusunan laporan tahunan,enum_issue category=normalized; field=Nature Of Work; raw=non Rotine; normalized=Non Routine; KAI Nature normalized to Non Routine.
warning,DH Corcomm,,weight_audit,DH Corcomm,Weight total not 100: level=impact; kpi_type=OUTPUT; parent=ESG Rating; raw_total=10.0; output_total=10.0; cause=Raw Data Issue.
warning,DH Corcomm,,weight_audit,DH Corcomm,Weight total not 100: level=impact; kpi_type=OUTPUT; parent=Manpower productivity (Revenue per total manpower); raw_total=5.0; output_total=5.0; cause=Raw Data Issue.
warning,DH Corcomm,,weight_audit,DH Corcomm,Weight total not 100: level=impact; kpi_type=OUTPUT; parent=Pengembangan Ekosistem Bali Maritime Tourism Hub (BMTH); raw_total=15.0; output_total=15.0; cause=Raw Data Issue.
warning,DH Corcomm,,weight_audit,DH Corcomm,Weight total not 100: level=impact; kpi_type=OUTPUT; parent=Total Productivity; raw_total=30.0; output_total=30.0; cause=Raw Data Issue.
warning,DH Corcomm,,weight_audit,DH Corcomm,Weight total not 100: level=impact; kpi_type=OUTPUT; parent=Traffic Volume; raw_total=40.0; output_total=40.0; cause=Raw Data Issue.
warning,DH Corcomm,,weight_audit,DH Corcomm,Weight total not 100: level=output; kpi_type=KAI; parent=Evaluasi Realisasi Program Implementasi Brand Guidelines PT Pelabuhan Indonesia (Persero); raw_total=10.0; output_total=10.0; cause=Raw Data Issue.
warning,DH Corcomm,,weight_audit,DH Corcomm,"Weight total not 100: level=output; kpi_type=KAI; parent=Pengelolaan kegiatan perusahaan yang berkaitan dengan promosi perusahaan (misalnya: Pameran, Seminar, Talkshow, dll) dan Sponsorship; raw_total=20.0; output_total=20.0; cause=Raw Data Issue."
warning,DH Corcomm,,weight_audit,DH Corcomm,Weight total not 100: level=output; kpi_type=KAI; parent=Pengelolaan keterbukaan informasi publik; raw_total=20.0; output_total=20.0; cause=Raw Data Issue.
warning,DH Corcomm,,weight_audit,DH Corcomm,"Weight total not 100: level=output; kpi_type=KAI; parent=Penyiapan disain dan konten visual grafis untuk branding perusahaan, misalnya video, konten, publikasi, disain barang promosi, dll; raw_total=15.0; output_total=15.0; cause=Raw Data Issue."
warning,DH Corcomm,,weight_audit,DH Corcomm,Weight total not 100: level=output; kpi_type=KAI; parent=Penyusunan Annual Report Perusahaan; raw_total=15.0; output_total=15.0; cause=Raw Data Issue.
warning,DH Corcomm,,weight_audit,DH Corcomm,Weight total not 100: level=output; kpi_type=KAI; parent=Publikasi Seluruh Pemberitaan Pelindo Group; raw_total=15.0; output_total=15.0; cause=Raw Data Issue.
warning,DH Corcomm,,weight_audit,DH Corcomm,"Weight total not 100: level=output; kpi_type=KAI; parent=Tingkat pemenuhan tata kelola, manajemen risiko, dan kepatuhan internal (Penyelesaian Temuan Audit); raw_total=5.0; output_total=5.0; cause=Raw Data Issue."
info,DH TJSL,9,IMPACT,Net Income,enum_issue category=normalized; field=Polarity; raw=Positif; normalized=POSITIVE; Polarity normalized to POSITIVE.
info,DH TJSL,9,IMPACT,Net Income,enum_issue category=normalized; field=Period; raw=Triwulanan; normalized=TRIWULANAN; Period normalized to TRIWULANAN.
info,DH TJSL,10,IMPACT,(ROIC > WACC) x Inv.Capital,enum_issue category=normalized; field=Polarity; raw=Positif; normalized=POSITIVE; Polarity normalized to POSITIVE.
info,DH TJSL,10,IMPACT,(ROIC > WACC) x Inv.Capital,enum_issue category=normalized; field=Period; raw=Triwulanan; normalized=TRIWULANAN; Period normalized to TRIWULANAN.
info,DH TJSL,11,IMPACT,Traffic Volume,enum_issue category=normalized; field=Polarity; raw=Positif; normalized=POSITIVE; Polarity normalized to POSITIVE.
info,DH TJSL,11,IMPACT,Traffic Volume,enum_issue category=normalized; field=Period; raw=Triwulanan; normalized=TRIWULANAN; Period normalized to TRIWULANAN.
info,DH TJSL,12,IMPACT,Total Productivity,enum_issue category=normalized; field=Polarity; raw=Positif; normalized=POSITIVE; Polarity normalized to POSITIVE.
info,DH TJSL,12,IMPACT,Total Productivity,enum_issue category=normalized; field=Period; raw=Triwulanan; normalized=TRIWULANAN; Period normalized to TRIWULANAN.
info,DH TJSL,13,IMPACT,Number of KRI exceeding its risk tolerance limit,enum_issue category=normalized; field=Polarity; raw=Negatif; normalized=NEGATIVE; Polarity normalized to NEGATIVE.
info,DH TJSL,13,IMPACT,Number of KRI exceeding its risk tolerance limit,enum_issue category=normalized; field=Period; raw=Triwulanan; normalized=TRIWULANAN; Period normalized to TRIWULANAN.
info,DH TJSL,14,IMPACT,Lost Time Injury Frequency Rate (LTIFR),enum_issue category=normalized; field=Polarity; raw=Negatif; normalized=NEGATIVE; Polarity normalized to NEGATIVE.
info,DH TJSL,14,IMPACT,Lost Time Injury Frequency Rate (LTIFR),enum_issue category=normalized; field=Period; raw=Triwulanan; normalized=TRIWULANAN; Period normalized to TRIWULANAN.
info,DH TJSL,15,IMPACT,Pengembangan Ekosistem Bali Maritime Tourism Hub (BMTH),enum_issue category=normalized; field=Polarity; raw=Negatif; normalized=NEGATIVE; Polarity normalized to NEGATIVE.
info,DH TJSL,15,IMPACT,Pengembangan Ekosistem Bali Maritime Tourism Hub (BMTH),enum_issue category=normalized; field=Period; raw=Triwulanan; normalized=TRIWULANAN; Period normalized to TRIWULANAN.
info,DH TJSL,16,IMPACT,ESG Rating,enum_issue category=normalized; field=Polarity; raw=Positif; normalized=POSITIVE; Polarity normalized to POSITIVE.
info,DH TJSL,16,IMPACT,ESG Rating,enum_issue category=normalized; field=Period; raw=Tahunan; normalized=TAHUNAN; Period normalized to TAHUNAN.
info,DH TJSL,22,IMPACT,Strategic Project Delivery,enum_issue category=normalized; field=Polarity; raw=Positif; normalized=POSITIVE; Polarity normalized to POSITIVE.
info,DH TJSL,22,IMPACT,Strategic Project Delivery,enum_issue category=normalized; field=Period; raw=Triwulanan; normalized=TRIWULANAN; Period normalized to TRIWULANAN.
info,DH TJSL,23,IMPACT,Manpower productivity (Revenue per total manpower),enum_issue category=normalized; field=Polarity; raw=Positif; normalized=POSITIVE; Polarity normalized to POSITIVE.
info,DH TJSL,23,IMPACT,Manpower productivity (Revenue per total manpower),enum_issue category=normalized; field=Period; raw=Triwulanan; normalized=TRIWULANAN; Period normalized to TRIWULANAN.
info,DH TJSL,16,OUTPUT,Pemenuhan pengisian data dalam sistem Informasi TJSL Kementerian BUMN,enum_issue category=normalized; field=Period; raw=Triwulanan; normalized=TRIWULANAN; Period normalized to TRIWULANAN.
info,DH TJSL,16,OUTPUT,Pemenuhan pengisian data dalam sistem Informasi TJSL Kementerian BUMN,enum_issue category=normalized; field=Polarity; raw=Positif; normalized=POSITIVE; Polarity normalized to POSITIVE.
info,DH TJSL,17,OUTPUT,Jumlah Realisasi Anggaran Program TJSL Tahun 2026,enum_issue category=normalized; field=Period; raw=Tahunan; normalized=TAHUNAN; Period normalized to TAHUNAN.
info,DH TJSL,17,OUTPUT,Jumlah Realisasi Anggaran Program TJSL Tahun 2026,enum_issue category=normalized; field=Polarity; raw=Positif; normalized=POSITIVE; Polarity normalized to POSITIVE.
info,DH TJSL,18,OUTPUT,Perlibatan Peran Serta Karyawan Secara Aktif Dalam Program TJSL,enum_issue category=normalized; field=Period; raw=Tahunan; normalized=TAHUNAN; Period normalized to TAHUNAN.
info,DH TJSL,18,OUTPUT,Perlibatan Peran Serta Karyawan Secara Aktif Dalam Program TJSL,enum_issue category=normalized; field=Polarity; raw=Positif; normalized=POSITIVE; Polarity normalized to POSITIVE.
info,DH TJSL,19,OUTPUT,Pelaksanaan Kolaborasi Program TJSL antar BUMN dan Non BUMN yang sesuai kompetensinya dengan tujuan untuk meningkatkan dampak positif program,enum_issue category=normalized; field=Period; raw=Tahunan; normalized=TAHUNAN; Period normalized to TAHUNAN.
info,DH TJSL,19,OUTPUT,Pelaksanaan Kolaborasi Program TJSL antar BUMN dan Non BUMN yang sesuai kompetensinya dengan tujuan untuk meningkatkan dampak positif program,enum_issue category=normalized; field=Polarity; raw=Positif; normalized=POSITIVE; Polarity normalized to POSITIVE.
info,DH TJSL,20,OUTPUT,Pengukuran Dampak terhadap Program TJSL dengan Metode Social Return On Investment (SROI),enum_issue category=normalized; field=Period; raw=Tahunan; normalized=TAHUNAN; Period normalized to TAHUNAN.
info,DH TJSL,20,OUTPUT,Pengukuran Dampak terhadap Program TJSL dengan Metode Social Return On Investment (SROI),enum_issue category=normalized; field=Polarity; raw=Positif; normalized=POSITIVE; Polarity normalized to POSITIVE.
info,DH TJSL,21,OUTPUT,Jumlah Mitra Binaan Yang dimonitoring Tahun 2026,enum_issue category=normalized; field=Period; raw=Tahunan; normalized=TAHUNAN; Period normalized to TAHUNAN.
info,DH TJSL,21,OUTPUT,Jumlah Mitra Binaan Yang dimonitoring Tahun 2026,enum_issue category=normalized; field=Polarity; raw=Positif; normalized=POSITIVE; Polarity normalized to POSITIVE.
info,DH TJSL,23,OUTPUT,Peningkatan Tata Kelola dalam Peningkatan Kompetensi SDM  yaitu Seluruh Karyawan Pengelola TJSL mendapatkan pelatihan terkait kompetensi TJSL,enum_issue category=normalized; field=Period; raw=Tahunan; normalized=TAHUNAN; Period normalized to TAHUNAN.
info,DH TJSL,23,OUTPUT,Peningkatan Tata Kelola dalam Peningkatan Kompetensi SDM  yaitu Seluruh Karyawan Pengelola TJSL mendapatkan pelatihan terkait kompetensi TJSL,enum_issue category=normalized; field=Polarity; raw=Positif; normalized=POSITIVE; Polarity normalized to POSITIVE.
info,DH TJSL,24,OUTPUT,"Tingkat pemenuhan tata kelola, manajemen risiko, dan kepatuhan internal (Penyelesaian Temuan Audit)",enum_issue category=normalized; field=Period; raw=Triwulanan; normalized=TRIWULANAN; Period normalized to TRIWULANAN.
info,DH TJSL,24,OUTPUT,"Tingkat pemenuhan tata kelola, manajemen risiko, dan kepatuhan internal (Penyelesaian Temuan Audit)",enum_issue category=normalized; field=Polarity; raw=Positif; normalized=POSITIVE; Polarity normalized to POSITIVE.
warning,DH TJSL,18,KAI,Pelaksanaan perlibatan peran serta karyawan secara aktif dalam program TJSL,KAI formula may not be percentage-based or is blank.
warning,DH TJSL,19,KAI,Pelaksanaan kolaborasi Program TJSL antar BUMN dan Non BUMN sesuai kompetensi untuk meningkatkan dampak positif program,KAI formula may not be percentage-based or is blank.
warning,DH TJSL,20,KAI,Pelaksanaan pengukuran dampak Program TJSL dengan metode SROI,KAI formula may not be percentage-based or is blank.
warning,DH TJSL,,weight_audit,DH TJSL,Weight total not 100: level=impact; kpi_type=OUTPUT; parent=ESG Rating; raw_total=90.0; output_total=90.0; cause=Raw Data Issue.
warning,DH TJSL,,weight_audit,DH TJSL,Weight total not 100: level=impact; kpi_type=OUTPUT; parent=Manpower productivity (Revenue per total manpower); raw_total=15.0; output_total=15.0; cause=Raw Data Issue.
warning,DH TJSL,,weight_audit,DH TJSL,Weight total not 100: level=output; kpi_type=KAI; parent=Jumlah Mitra Binaan Yang dimonitoring Tahun 2026; raw_total=5.0; output_total=5.0; cause=Raw Data Issue.
warning,DH TJSL,,weight_audit,DH TJSL,Weight total not 100: level=output; kpi_type=KAI; parent=Jumlah Realisasi Anggaran Program TJSL Tahun 2026; raw_total=5.0; output_total=5.0; cause=Raw Data Issue.
warning,DH TJSL,,weight_audit,DH TJSL,Weight total not 100: level=output; kpi_type=KAI; parent=Pelaksanaan Kolaborasi Program TJSL antar BUMN dan Non BUMN yang sesuai kompetensinya dengan tujuan untuk meningkatkan dampak positif program; raw_total=20.0; output_total=20.0; cause=Raw Data Issue.
warning,DH TJSL,,weight_audit,DH TJSL,Weight total not 100: level=output; kpi_type=KAI; parent=Pemenuhan pengisian data dalam sistem Informasi TJSL Kementerian BUMN; raw_total=15.0; output_total=15.0; cause=Raw Data Issue.
warning,DH TJSL,,weight_audit,DH TJSL,Weight total not 100: level=output; kpi_type=KAI; parent=Pengukuran Dampak terhadap Program TJSL dengan Metode Social Return On Investment (SROI); raw_total=25.0; output_total=25.0; cause=Raw Data Issue.
warning,DH TJSL,,weight_audit,DH TJSL,Weight total not 100: level=output; kpi_type=KAI; parent=Peningkatan Tata Kelola dalam Peningkatan Kompetensi SDM  yaitu Seluruh Karyawan Pengelola TJSL mendapatkan pelatihan terkait kompetensi TJSL; raw_total=10.0; output_total=10.0; cause=Raw Data Issue.
warning,DH TJSL,,weight_audit,DH TJSL,Weight total not 100: level=output; kpi_type=KAI; parent=Perlibatan Peran Serta Karyawan Secara Aktif Dalam Program TJSL; raw_total=20.0; output_total=20.0; cause=Raw Data Issue.
warning,DH TJSL,,weight_audit,DH TJSL,"Weight total not 100: level=output; kpi_type=KAI; parent=Tingkat pemenuhan tata kelola, manajemen risiko, dan kepatuhan internal (Penyelesaian Temuan Audit); raw_total=5.0; output_total=5.0; cause=Raw Data Issue."
warning,DH TJSL,,weight_audit,DH TJSL,Weight total not 100: level=position; kpi_type=KAI; raw_total=105.0; output_total=105.0; cause=Raw Data Issue.
warning,DH TJSL,,weight_audit,DH TJSL,Weight total not 100: level=position; kpi_type=OUTPUT; raw_total=105.0; output_total=105.0; cause=Raw Data Issue.
info,DH Manajemen Kesekretariatan,9,IMPACT,Net Income,enum_issue category=normalized; field=Polarity; raw=Positif; normalized=POSITIVE; Polarity normalized to POSITIVE.
info,DH Manajemen Kesekretariatan,9,IMPACT,Net Income,enum_issue category=normalized; field=Period; raw=Triwulanan; normalized=TRIWULANAN; Period normalized to TRIWULANAN.
info,DH Manajemen Kesekretariatan,13,IMPACT,(ROIC > WACC) x Inv.Capital,enum_issue category=normalized; field=Polarity; raw=Positif; normalized=POSITIVE; Polarity normalized to POSITIVE.
info,DH Manajemen Kesekretariatan,13,IMPACT,(ROIC > WACC) x Inv.Capital,enum_issue category=normalized; field=Period; raw=Triwulanan; normalized=TRIWULANAN; Period normalized to TRIWULANAN.
info,DH Manajemen Kesekretariatan,14,IMPACT,Traffic Volume,enum_issue category=normalized; field=Polarity; raw=Positif; normalized=POSITIVE; Polarity normalized to POSITIVE.
info,DH Manajemen Kesekretariatan,14,IMPACT,Traffic Volume,enum_issue category=normalized; field=Period; raw=Triwulanan; normalized=TRIWULANAN; Period normalized to TRIWULANAN.
info,DH Manajemen Kesekretariatan,15,IMPACT,Total Productivity,enum_issue category=normalized; field=Polarity; raw=Positif; normalized=POSITIVE; Polarity normalized to POSITIVE.
info,DH Manajemen Kesekretariatan,15,IMPACT,Total Productivity,enum_issue category=normalized; field=Period; raw=Triwulanan; normalized=TRIWULANAN; Period normalized to TRIWULANAN.
info,DH Manajemen Kesekretariatan,16,IMPACT,Number of KRI exceeding its risk tolerance limit,enum_issue category=normalized; field=Polarity; raw=Negatif; normalized=NEGATIVE; Polarity normalized to NEGATIVE.
info,DH Manajemen Kesekretariatan,16,IMPACT,Number of KRI exceeding its risk tolerance limit,enum_issue category=normalized; field=Period; raw=Triwulanan; normalized=TRIWULANAN; Period normalized to TRIWULANAN.
info,DH Manajemen Kesekretariatan,17,IMPACT,Lost Time Injury Frequency Rate (LTIFR),enum_issue category=normalized; field=Polarity; raw=Negatif; normalized=NEGATIVE; Polarity normalized to NEGATIVE.
info,DH Manajemen Kesekretariatan,17,IMPACT,Lost Time Injury Frequency Rate (LTIFR),enum_issue category=normalized; field=Period; raw=Triwulanan; normalized=TRIWULANAN; Period normalized to TRIWULANAN.
info,DH Manajemen Kesekretariatan,18,IMPACT,Pengembangan Ekosistem Bali Maritime Tourism Hub (BMTH),enum_issue category=normalized; field=Polarity; raw=Positif; normalized=POSITIVE; Polarity normalized to POSITIVE.
info,DH Manajemen Kesekretariatan,18,IMPACT,Pengembangan Ekosistem Bali Maritime Tourism Hub (BMTH),enum_issue category=normalized; field=Period; raw=Triwulanan; normalized=TRIWULANAN; Period normalized to TRIWULANAN.
info,DH Manajemen Kesekretariatan,19,IMPACT,ESG Rating,enum_issue category=normalized; field=Polarity; raw=Positif; normalized=POSITIVE; Polarity normalized to POSITIVE.
info,DH Manajemen Kesekretariatan,19,IMPACT,ESG Rating,enum_issue category=normalized; field=Period; raw=Tahunan; normalized=TAHUNAN; Period normalized to TAHUNAN.
info,DH Manajemen Kesekretariatan,20,IMPACT,Strategic Project Delivery,enum_issue category=normalized; field=Polarity; raw=Positif; normalized=POSITIVE; Polarity normalized to POSITIVE.
info,DH Manajemen Kesekretariatan,20,IMPACT,Strategic Project Delivery,enum_issue category=normalized; field=Period; raw=Triwulanan; normalized=TRIWULANAN; Period normalized to TRIWULANAN.
info,DH Manajemen Kesekretariatan,21,IMPACT,Manpower productivity (Revenue per total manpower),enum_issue category=normalized; field=Polarity; raw=Positif; normalized=POSITIVE; Polarity normalized to POSITIVE.
info,DH Manajemen Kesekretariatan,21,IMPACT,Manpower productivity (Revenue per total manpower),enum_issue category=normalized; field=Period; raw=Triwulanan; normalized=TRIWULANAN; Period normalized to TRIWULANAN.
info,DH Manajemen Kesekretariatan,9,OUTPUT,Pelaksanaan Administrasi dan Keuangan Kegiatan Operasional Dewan Komisaris dan Direksi,enum_issue category=normalized; field=Period; raw=Bulanan; normalized=BULANAN; Period normalized to BULANAN.
info,DH Manajemen Kesekretariatan,9,OUTPUT,Pelaksanaan Administrasi dan Keuangan Kegiatan Operasional Dewan Komisaris dan Direksi,enum_issue category=normalized; field=Polarity; raw=Negatif; normalized=NEGATIVE; Polarity normalized to NEGATIVE.
info,DH Manajemen Kesekretariatan,10,OUTPUT,Pelaksanaan dan Kelengkapan Administrasi radir dan rakomdir,enum_issue category=normalized; field=Period; raw=Bulanan; normalized=BULANAN; Period normalized to BULANAN.
info,DH Manajemen Kesekretariatan,10,OUTPUT,Pelaksanaan dan Kelengkapan Administrasi radir dan rakomdir,enum_issue category=normalized; field=Polarity; raw=Negatif; normalized=NEGATIVE; Polarity normalized to NEGATIVE.
info,DH Manajemen Kesekretariatan,12,OUTPUT,Pelaksanaan Rapat Umum Pemegang Saham (RUPS),enum_issue category=normalized; field=Period; raw=tahunan; normalized=TAHUNAN; Period normalized to TAHUNAN.
info,DH Manajemen Kesekretariatan,12,OUTPUT,Pelaksanaan Rapat Umum Pemegang Saham (RUPS),enum_issue category=normalized; field=Polarity; raw=Negatif; normalized=NEGATIVE; Polarity normalized to NEGATIVE.
info,DH Manajemen Kesekretariatan,16,OUTPUT,Manajemen Pengelolaan Kesekretariatan Direksi dan Dewan Komisaris,enum_issue category=normalized; field=Period; raw=Bulanan; normalized=BULANAN; Period normalized to BULANAN.
info,DH Manajemen Kesekretariatan,16,OUTPUT,Manajemen Pengelolaan Kesekretariatan Direksi dan Dewan Komisaris,enum_issue category=normalized; field=Polarity; raw=Negatif; normalized=NEGATIVE; Polarity normalized to NEGATIVE.
info,DH Manajemen Kesekretariatan,20,OUTPUT,Pelaksanaan Pelayanan dan Pendampingan Direksi dan Dewan Komisaris,enum_issue category=normalized; field=Period; raw=Bulanan; normalized=BULANAN; Period normalized to BULANAN.
info,DH Manajemen Kesekretariatan,20,OUTPUT,Pelaksanaan Pelayanan dan Pendampingan Direksi dan Dewan Komisaris,enum_issue category=normalized; field=Polarity; raw=Negatif; normalized=NEGATIVE; Polarity normalized to NEGATIVE.
info,DH Manajemen Kesekretariatan,21,OUTPUT,Pelatihan Direksi dan Dewan Komisaris,enum_issue category=normalized; field=Period; raw=tahunan; normalized=TAHUNAN; Period normalized to TAHUNAN.
info,DH Manajemen Kesekretariatan,21,OUTPUT,Pelatihan Direksi dan Dewan Komisaris,enum_issue category=normalized; field=Polarity; raw=Negatif; normalized=NEGATIVE; Polarity normalized to NEGATIVE.
warning,DH Manajemen Kesekretariatan,21,KAI,Pelaksanaan koordinasi dan fasilitasi pelatihan untuk Direksi dan Dewan Komisaris,KAI formula may not be percentage-based or is blank.
warning,DH Manajemen Kesekretariatan,,weight_audit,DH Manajemen Kesekretariatan,Weight total not 100: level=impact; kpi_type=OUTPUT; parent=Manpower productivity (Revenue per total manpower); raw_total=10.0; output_total=10.0; cause=Raw Data Issue.
warning,DH Manajemen Kesekretariatan,,weight_audit,DH Manajemen Kesekretariatan,Weight total not 100: level=impact; kpi_type=OUTPUT; parent=Net Income; raw_total=50.0; output_total=50.0; cause=Raw Data Issue.
warning,DH Manajemen Kesekretariatan,,weight_audit,DH Manajemen Kesekretariatan,Weight total not 100: level=impact; kpi_type=OUTPUT; parent=Number of KRI exceeding its risk tolerance limit; raw_total=20.0; output_total=20.0; cause=Raw Data Issue.
warning,DH Manajemen Kesekretariatan,,weight_audit,DH Manajemen Kesekretariatan,Weight total not 100: level=impact; kpi_type=OUTPUT; parent=Strategic Project Delivery; raw_total=20.0; output_total=20.0; cause=Raw Data Issue.
warning,DH Manajemen Kesekretariatan,,weight_audit,DH Manajemen Kesekretariatan,Weight total not 100: level=output; kpi_type=KAI; parent=Manajemen Pengelolaan Kesekretariatan Direksi dan Dewan Komisaris; raw_total=20.0; output_total=20.0; cause=Raw Data Issue.
warning,DH Manajemen Kesekretariatan,,weight_audit,DH Manajemen Kesekretariatan,Weight total not 100: level=output; kpi_type=KAI; parent=Pelaksanaan Administrasi dan Keuangan Kegiatan Operasional Dewan Komisaris dan Direksi; raw_total=20.0; output_total=20.0; cause=Raw Data Issue.
warning,DH Manajemen Kesekretariatan,,weight_audit,DH Manajemen Kesekretariatan,Weight total not 100: level=output; kpi_type=KAI; parent=Pelaksanaan Pelayanan dan Pendampingan Direksi dan Dewan Komisaris; raw_total=20.0; output_total=20.0; cause=Raw Data Issue.
warning,DH Manajemen Kesekretariatan,,weight_audit,DH Manajemen Kesekretariatan,Weight total not 100: level=output; kpi_type=KAI; parent=Pelaksanaan Rapat Umum Pemegang Saham (RUPS); raw_total=10.0; output_total=10.0; cause=Raw Data Issue.
warning,DH Manajemen Kesekretariatan,,weight_audit,DH Manajemen Kesekretariatan,Weight total not 100: level=output; kpi_type=KAI; parent=Pelaksanaan dan Kelengkapan Administrasi radir dan rakomdir; raw_total=20.0; output_total=20.0; cause=Raw Data Issue.
warning,DH Manajemen Kesekretariatan,,weight_audit,DH Manajemen Kesekretariatan,Weight total not 100: level=output; kpi_type=KAI; parent=Pelatihan Direksi dan Dewan Komisaris; raw_total=10.0; output_total=10.0; cause=Raw Data Issue.
info,Group Head,9,IMPACT,Net Income,enum_issue category=normalized; field=Polarity; raw=Positif; normalized=POSITIVE; Polarity normalized to POSITIVE.
info,Group Head,9,IMPACT,Net Income,enum_issue category=normalized; field=Period; raw=Triwulanan; normalized=TRIWULANAN; Period normalized to TRIWULANAN.
info,Group Head,11,IMPACT,(ROIC > WACC) x Inv.Capital,enum_issue category=normalized; field=Polarity; raw=Positif; normalized=POSITIVE; Polarity normalized to POSITIVE.
info,Group Head,11,IMPACT,(ROIC > WACC) x Inv.Capital,enum_issue category=normalized; field=Period; raw=Triwulanan; normalized=TRIWULANAN; Period normalized to TRIWULANAN.
info,Group Head,12,IMPACT,Traffic Volume,enum_issue category=normalized; field=Polarity; raw=Positif; normalized=POSITIVE; Polarity normalized to POSITIVE.
info,Group Head,12,IMPACT,Traffic Volume,enum_issue category=normalized; field=Period; raw=Triwulanan; normalized=TRIWULANAN; Period normalized to TRIWULANAN.
info,Group Head,13,IMPACT,Total Productivity,enum_issue category=normalized; field=Polarity; raw=Positif; normalized=POSITIVE; Polarity normalized to POSITIVE.
info,Group Head,13,IMPACT,Total Productivity,enum_issue category=normalized; field=Period; raw=Triwulanan; normalized=TRIWULANAN; Period normalized to TRIWULANAN.
info,Group Head,15,IMPACT,Number of KRI exceeding its risk tolerance limit,enum_issue category=normalized; field=Polarity; raw=Negatif; normalized=NEGATIVE; Polarity normalized to NEGATIVE.
info,Group Head,15,IMPACT,Number of KRI exceeding its risk tolerance limit,enum_issue category=normalized; field=Period; raw=Triwulanan; normalized=TRIWULANAN; Period normalized to TRIWULANAN.
info,Group Head,16,IMPACT,Lost Time Injury Frequency Rate (LTIFR),enum_issue category=normalized; field=Polarity; raw=Negatif; normalized=NEGATIVE; Polarity normalized to NEGATIVE.
info,Group Head,16,IMPACT,Lost Time Injury Frequency Rate (LTIFR),enum_issue category=normalized; field=Period; raw=Triwulanan; normalized=TRIWULANAN; Period normalized to TRIWULANAN.
info,Group Head,17,IMPACT,Pengembangan Ekosistem Bali Maritime Tourism Hub (BMTH),enum_issue category=normalized; field=Polarity; raw=Negatif; normalized=NEGATIVE; Polarity normalized to NEGATIVE.
info,Group Head,17,IMPACT,Pengembangan Ekosistem Bali Maritime Tourism Hub (BMTH),enum_issue category=normalized; field=Period; raw=Triwulanan; normalized=TRIWULANAN; Period normalized to TRIWULANAN.
info,Group Head,18,IMPACT,ESG Rating,enum_issue category=normalized; field=Polarity; raw=Positif; normalized=POSITIVE; Polarity normalized to POSITIVE.
info,Group Head,18,IMPACT,ESG Rating,enum_issue category=normalized; field=Period; raw=Tahunan; normalized=TAHUNAN; Period normalized to TAHUNAN.
info,Group Head,21,IMPACT,Strategic Project Delivery,enum_issue category=normalized; field=Polarity; raw=Positif; normalized=POSITIVE; Polarity normalized to POSITIVE.
info,Group Head,21,IMPACT,Strategic Project Delivery,enum_issue category=normalized; field=Period; raw=Triwulanan; normalized=TRIWULANAN; Period normalized to TRIWULANAN.
info,Group Head,23,IMPACT,Manpower productivity (Revenue per total manpower),enum_issue category=normalized; field=Polarity; raw=Negatif; normalized=NEGATIVE; Polarity normalized to NEGATIVE.
info,Group Head,23,IMPACT,Manpower productivity (Revenue per total manpower),enum_issue category=normalized; field=Period; raw=Triwulanan; normalized=TRIWULANAN; Period normalized to TRIWULANAN.
info,Group Head,9,OUTPUT,BOPO,enum_issue category=normalized; field=Period; raw=Triwulanan; normalized=TRIWULANAN; Period normalized to TRIWULANAN.
info,Group Head,9,OUTPUT,BOPO,enum_issue category=normalized; field=Polarity; raw=Negatif; normalized=NEGATIVE; Polarity normalized to NEGATIVE.
info,Group Head,10,OUTPUT,EBITDA,enum_issue category=normalized; field=Period; raw=Triwulanan; normalized=TRIWULANAN; Period normalized to TRIWULANAN.
info,Group Head,10,OUTPUT,EBITDA,enum_issue category=normalized; field=Polarity; raw=Positif; normalized=POSITIVE; Polarity normalized to POSITIVE.
info,Group Head,12,OUTPUT,Pengelolaan Hubungan Kemitraan Strategis Korporasi dengan Lembaga & Investor,enum_issue category=normalized; field=Period; raw=Triwulanan; normalized=TRIWULANAN; Period normalized to TRIWULANAN.
info,Group Head,12,OUTPUT,Pengelolaan Hubungan Kemitraan Strategis Korporasi dengan Lembaga & Investor,enum_issue category=normalized; field=Polarity; raw=Positif; normalized=POSITIVE; Polarity normalized to POSITIVE.
info,Group Head,13,OUTPUT,Pengukuran Dampak terhadap Program TJSL dengan Metode Social Return On Investment (SROI),enum_issue category=normalized; field=Period; raw=Tahunan; normalized=TAHUNAN; Period normalized to TAHUNAN.
info,Group Head,13,OUTPUT,Pengukuran Dampak terhadap Program TJSL dengan Metode Social Return On Investment (SROI),enum_issue category=normalized; field=Polarity; raw=Positif; normalized=POSITIVE; Polarity normalized to POSITIVE.
info,Group Head,14,OUTPUT,Pengembangan Strategi Komunikasi Korporasi untuk Hubungan Kelembagaan dan Investor,enum_issue category=normalized; field=Period; raw=Tahunan; normalized=TAHUNAN; Period normalized to TAHUNAN.
info,Group Head,14,OUTPUT,Pengembangan Strategi Komunikasi Korporasi untuk Hubungan Kelembagaan dan Investor,enum_issue category=normalized; field=Polarity; raw=Positif; normalized=POSITIVE; Polarity normalized to POSITIVE.
info,Group Head,18,OUTPUT,Pemenuhan pengisian data dalam sistem Informasi TJSL Kementerian BUMN,enum_issue category=normalized; field=Period; raw=Triwulanan; normalized=TRIWULANAN; Period normalized to TRIWULANAN.
info,Group Head,18,OUTPUT,Pemenuhan pengisian data dalam sistem Informasi TJSL Kementerian BUMN,enum_issue category=normalized; field=Polarity; raw=Positif; normalized=POSITIVE; Polarity normalized to POSITIVE.
info,Group Head,19,OUTPUT,Realisasi PELINDO menjadi BUMN dengan kategori predikat Informatif,enum_issue category=normalized; field=Period; raw=Triwulanan; normalized=TRIWULANAN; Period normalized to TRIWULANAN.
info,Group Head,19,OUTPUT,Realisasi PELINDO menjadi BUMN dengan kategori predikat Informatif,enum_issue category=normalized; field=Polarity; raw=Positif; normalized=POSITIVE; Polarity normalized to POSITIVE.
warning,Group Head,19,OUTPUT,Realisasi PELINDO menjadi BUMN dengan kategori predikat Informatif,enum_issue category=defaulted; field=Ownership Type; raw=(blank); normalized=SPECIFIC; Ownership Type defaulted to SPECIFIC.
info,Group Head,20,OUTPUT,Publikasi Seluruh Pemberitaan Pelindo Group,enum_issue category=normalized; field=Period; raw=Bulanan; normalized=BULANAN; Period normalized to BULANAN.
info,Group Head,20,OUTPUT,Publikasi Seluruh Pemberitaan Pelindo Group,enum_issue category=normalized; field=Polarity; raw=Positif; normalized=POSITIVE; Polarity normalized to POSITIVE.
info,Group Head,21,OUTPUT,"Pelaksanaan Administrasi Keuangan, Kesekretariatan dan Pelayananan Dewan Komisaris dan Direksi",enum_issue category=normalized; field=Period; raw=Bulanan; normalized=BULANAN; Period normalized to BULANAN.
info,Group Head,21,OUTPUT,"Pelaksanaan Administrasi Keuangan, Kesekretariatan dan Pelayananan Dewan Komisaris dan Direksi",enum_issue category=normalized; field=Polarity; raw=Negatif; normalized=NEGATIVE; Polarity normalized to NEGATIVE.
info,Group Head,22,OUTPUT,Pelaksanaan dan Kelengkapan Administrasi radir dan rakomdir,enum_issue category=normalized; field=Period; raw=Bulanan; normalized=BULANAN; Period normalized to BULANAN.
info,Group Head,22,OUTPUT,Pelaksanaan dan Kelengkapan Administrasi radir dan rakomdir,enum_issue category=normalized; field=Polarity; raw=Negatif; normalized=NEGATIVE; Polarity normalized to NEGATIVE.
info,Group Head,23,OUTPUT,"Tingkat pemenuhan tata kelola, manajemen risiko, dan kepatuhan internal (Penyelesaian Temuan Audit)",enum_issue category=normalized; field=Period; raw=Triwulanan; normalized=TRIWULANAN; Period normalized to TRIWULANAN.
info,Group Head,23,OUTPUT,"Tingkat pemenuhan tata kelola, manajemen risiko, dan kepatuhan internal (Penyelesaian Temuan Audit)",enum_issue category=normalized; field=Polarity; raw=Positif; normalized=POSITIVE; Polarity normalized to POSITIVE.
warning,Group Head,10,KAI,Pelaksanaan optimalisasi pendapatan inti dan efisiensi biaya non-operasional untuk mendukung pencapaian EBITDA,KAI formula may not be percentage-based or is blank.
warning,Group Head,13,KAI,"Mengkoordinasikan, menjaga alignment, mengintegrasikan, dan mengkonsolidasikan pelaksanaan pengukuran dampak Program TJSL dengan metode SROI oleh Department Head Tanggung Jawab Sosial dan Lingkungan dan level di bawahnya",KAI formula may not be percentage-based or is blank.
warning,Group Head,14,KAI,"Penyusunan matriks dan klasifikasi stakeholder kelembagaan dan investor serta penyusunan strategi dan pedoman komunikasi  beserta mekanisme
implementasi dan monitoring hubungan kelembagaan dan investor",KAI formula may not be percentage-based or is blank.
warning,Group Head,,weight_audit,Group Head,Weight total not 100: level=impact; kpi_type=OUTPUT; parent=ESG Rating; raw_total=30.0; output_total=30.0; cause=Raw Data Issue.
warning,Group Head,,weight_audit,Group Head,Weight total not 100: level=impact; kpi_type=OUTPUT; parent=Manpower productivity (Revenue per total manpower); raw_total=5.0; output_total=5.0; cause=Raw Data Issue.
warning,Group Head,,weight_audit,Group Head,Weight total not 100: level=impact; kpi_type=OUTPUT; parent=Net Income; raw_total=10.0; output_total=10.0; cause=Raw Data Issue.
warning,Group Head,,weight_audit,Group Head,Weight total not 100: level=impact; kpi_type=OUTPUT; parent=Strategic Project Delivery; raw_total=20.0; output_total=20.0; cause=Raw Data Issue.
warning,Group Head,,weight_audit,Group Head,Weight total not 100: level=impact; kpi_type=OUTPUT; parent=Total Productivity; raw_total=25.0; output_total=25.0; cause=Raw Data Issue.
warning,Group Head,,weight_audit,Group Head,Weight total not 100: level=impact; kpi_type=OUTPUT; parent=Traffic Volume; raw_total=10.0; output_total=10.0; cause=Raw Data Issue.
warning,Group Head,,weight_audit,Group Head,Weight total not 100: level=output; kpi_type=KAI; parent=BOPO; raw_total=5.0; output_total=5.0; cause=Raw Data Issue.
warning,Group Head,,weight_audit,Group Head,Weight total not 100: level=output; kpi_type=KAI; parent=EBITDA; raw_total=5.0; output_total=5.0; cause=Raw Data Issue.
warning,Group Head,,weight_audit,Group Head,"Weight total not 100: level=output; kpi_type=KAI; parent=Pelaksanaan Administrasi Keuangan, Kesekretariatan dan Pelayananan Dewan Komisaris dan Direksi; raw_total=10.0; output_total=10.0; cause=Raw Data Issue."
warning,Group Head,,weight_audit,Group Head,Weight total not 100: level=output; kpi_type=KAI; parent=Pelaksanaan dan Kelengkapan Administrasi radir dan rakomdir; raw_total=10.0; output_total=10.0; cause=Raw Data Issue.
warning,Group Head,,weight_audit,Group Head,Weight total not 100: level=output; kpi_type=KAI; parent=Pemenuhan pengisian data dalam sistem Informasi TJSL Kementerian BUMN; raw_total=10.0; output_total=10.0; cause=Raw Data Issue.
warning,Group Head,,weight_audit,Group Head,Weight total not 100: level=output; kpi_type=KAI; parent=Pengelolaan Hubungan Kemitraan Strategis Korporasi dengan Lembaga & Investor; raw_total=10.0; output_total=10.0; cause=Raw Data Issue.
warning,Group Head,,weight_audit,Group Head,Weight total not 100: level=output; kpi_type=KAI; parent=Pengembangan Strategi Komunikasi Korporasi untuk Hubungan Kelembagaan dan Investor; raw_total=15.0; output_total=15.0; cause=Raw Data Issue.
warning,Group Head,,weight_audit,Group Head,Weight total not 100: level=output; kpi_type=KAI; parent=Pengukuran Dampak terhadap Program TJSL dengan Metode Social Return On Investment (SROI); raw_total=10.0; output_total=10.0; cause=Raw Data Issue.
warning,Group Head,,weight_audit,Group Head,Weight total not 100: level=output; kpi_type=KAI; parent=Publikasi Seluruh Pemberitaan Pelindo Group; raw_total=10.0; output_total=10.0; cause=Raw Data Issue.
warning,Group Head,,weight_audit,Group Head,Weight total not 100: level=output; kpi_type=KAI; parent=Realisasi PELINDO menjadi BUMN dengan kategori predikat Informatif; raw_total=10.0; output_total=10.0; cause=Raw Data Issue.
warning,Group Head,,weight_audit,Group Head,"Weight total not 100: level=output; kpi_type=KAI; parent=Tingkat pemenuhan tata kelola, manajemen risiko, dan kepatuhan internal (Penyelesaian Temuan Audit); raw_total=5.0; output_total=5.0; cause=Raw Data Issue."
