severity,sheet_name,source_row,record_type,title,message
info,Group Head,9,kai,Pelaksanaan pengawasan internal untuk mendukung pencapaian Net Income,KAI period inferred from KPI Output Frequency because the source sheet does not provide a separate KAI period column.
info,Group Head,10,output,(blank),Dropped OUTPUT row because output weight is blank.
info,Group Head,11,output,(blank),Dropped OUTPUT row because output weight is blank.
info,Group Head,12,kai,Pelaksanaan kegiatan pengawasan internal secara efektif,KAI period inferred from KPI Output Frequency because the source sheet does not provide a separate KAI period column.
info,Group Head,13,output,(blank),Dropped OUTPUT row because output weight is blank.
info,Group Head,14,output,(blank),Dropped OUTPUT row because output weight is blank.
info,Group Head,15,kai,"Mengkoordinasikan, menjaga alignment, mengintegrasikan, dan mengkonsolidasikan pelaksanaan penyelesaian rekomendasi audit oleh Department Head dan level di bawahnya",KAI period inferred from KPI Output Frequency because the source sheet does not provide a separate KAI period column.
info,Group Head,16,kai,Pelaksanaan program audit sesuai PKPT,KAI period inferred from KPI Output Frequency because the source sheet does not provide a separate KAI period column.
info,Group Head,17,kai,"Pelaksanaan implementasi proses audit di dalam AMS termasuk Perencanaan, Pelaksanaan, Monitoring dan tindak lanjut",KAI period inferred from KPI Output Frequency because the source sheet does not provide a separate KAI period column.
info,Group Head,18,kai,Pelaksanaan sinergi audit internal di lingkungan PT Pelindo Group,KAI period inferred from KPI Output Frequency because the source sheet does not provide a separate KAI period column.
info,Group Head,19,kai,Pelaksanaan quality assurance pengelolaan SPI sesuai standar PER-2 BUMN,KAI period inferred from KPI Output Frequency because the source sheet does not provide a separate KAI period column.
info,Group Head,20,output,(blank),Dropped OUTPUT row because output weight is blank.
info,Group Head,21,kai,Partisipasi aktif dalam Forum Audit Internal dan mengumpulkan data keikutsertaan Group SPI dalam kegiatan profesi dan networking,KAI period inferred from KPI Output Frequency because the source sheet does not provide a separate KAI period column.
info,Group Head,22,kai,ketepatan waktu penyusunan perencanaan pelatihan  profesional,KAI period inferred from KPI Output Frequency because the source sheet does not provide a separate KAI period column.
info,Group Head,23,kai,Jumlah jam pelatihan audit yang diikuti,KAI period inferred from KPI Output Frequency because the source sheet does not provide a separate KAI period column.
info,Group Head,24,kai,Pelaksanaan monitoring dan evaluasi penyelesaian temuan audit,KAI period inferred from KPI Output Frequency because the source sheet does not provide a separate KAI period column.
info,DH Pelaksanaan Pengawasan Inter,9,kai,Pengendalian Biaya pada Dept Pelaksanaan,KAI period inferred from KPI Output Frequency because the source sheet does not provide a separate KAI period column.
info,DH Pelaksanaan Pengawasan Inter,10,output,(blank),Dropped OUTPUT row because output weight is blank.
info,DH Pelaksanaan Pengawasan Inter,11,output,(blank),Dropped OUTPUT row because output weight is blank.
info,DH Pelaksanaan Pengawasan Inter,12,output,(blank),Dropped OUTPUT row because output weight is blank.
info,DH Pelaksanaan Pengawasan Inter,13,output,(blank),Dropped OUTPUT row because output weight is blank.
info,DH Pelaksanaan Pengawasan Inter,14,output,(blank),Dropped OUTPUT row because output weight is blank.
info,DH Pelaksanaan Pengawasan Inter,15,kai,Persentase Penyelesaian Audit Rutin (sampai terbit LHA),KAI period inferred from KPI Output Frequency because the source sheet does not provide a separate KAI period column.
info,DH Pelaksanaan Pengawasan Inter,16,kai,Persiapan dan Penyelesaian Laporan Kegiatan Dept Pelaksanaan SPI Tepat Waktu,KAI period inferred from KPI Output Frequency because the source sheet does not provide a separate KAI period column.
info,DH Pelaksanaan Pengawasan Inter,17,kai,Tingkat Kepatuhan Penyusunan Dokumen Pelaksanaan Sinergi Audit,KAI period inferred from KPI Output Frequency because the source sheet does not provide a separate KAI period column.
info,DH Pelaksanaan Pengawasan Inter,18,kai,Persentase Penyelesaian Jadwal Audit Quality Assurance secara self-assessment,KAI period inferred from KPI Output Frequency because the source sheet does not provide a separate KAI period column.
info,DH Pelaksanaan Pengawasan Inter,19,kai,ketepatan waktu penyusunan perencanaan pelatihan  profesional,KAI period inferred from KPI Output Frequency because the source sheet does not provide a separate KAI period column.
info,DH Pelaksanaan Pengawasan Inter,20,kai,Pelaksanaan implementasi proses audit di dalam AMS termasuk Pelaksanaan,KAI period inferred from KPI Output Frequency because the source sheet does not provide a separate KAI period column.
info,DH Pelaksanaan Pengawasan Inter,21,kai,Jumlah jam pelatihan audit yang diikuti,KAI period inferred from KPI Output Frequency because the source sheet does not provide a separate KAI period column.
info,DH Perencanaan Pengawasan Inter,9,kai,Pengendalian Biaya pada Dept Perencanaan,KAI period inferred from KPI Output Frequency because the source sheet does not provide a separate KAI period column.
info,DH Perencanaan Pengawasan Inter,10,output,(blank),Dropped OUTPUT row because output weight is blank.
info,DH Perencanaan Pengawasan Inter,11,output,(blank),Dropped OUTPUT row because output weight is blank.
info,DH Perencanaan Pengawasan Inter,12,output,(blank),Dropped OUTPUT row because output weight is blank.
info,DH Perencanaan Pengawasan Inter,13,output,(blank),Dropped OUTPUT row because output weight is blank.
info,DH Perencanaan Pengawasan Inter,14,output,(blank),Dropped OUTPUT row because output weight is blank.
info,DH Perencanaan Pengawasan Inter,15,kai,Tersedianya audit plan sesuai PKPT secara tepat waktu,KAI period inferred from KPI Output Frequency because the source sheet does not provide a separate KAI period column.
info,DH Perencanaan Pengawasan Inter,16,kai,Persiapan dan Penyelesaian Laporan Kegiatan Dept Perencanaan SPI Tepat Waktu,KAI period inferred from KPI Output Frequency because the source sheet does not provide a separate KAI period column.
info,DH Perencanaan Pengawasan Inter,17,kai,ketepatan waktu penyusunan perencanaan pelatihan  profesional,KAI period inferred from KPI Output Frequency because the source sheet does not provide a separate KAI period column.
info,DH Perencanaan Pengawasan Inter,18,kai,Tersedianya PKPT terintegrasi antara holding dengan subholding terkait sinergi audit,KAI period inferred from KPI Output Frequency because the source sheet does not provide a separate KAI period column.
info,DH Perencanaan Pengawasan Inter,19,output,Perencanaan Kegiatan Audit,Dropped OUTPUT row because output weight is 0.
warning,DH Perencanaan Pengawasan Inter,19,kai,Penyusunan Jadwal Audit Rutin,Skipped KAI because its OUTPUT row was dropped or missing.
info,DH Perencanaan Pengawasan Inter,20,output,(blank),Dropped OUTPUT row because output weight is blank.
info,DH Perencanaan Pengawasan Inter,21,kai,Jumlah jam pelatihan audit yang diikuti,KAI period inferred from KPI Output Frequency because the source sheet does not provide a separate KAI period column.
info,DH Perencanaan Pengawasan Inter,22,kai,Persentase Penyelesaian Jadwal Audit Quality Assurance secara self-assessment,KAI period inferred from KPI Output Frequency because the source sheet does not provide a separate KAI period column.
info,DH MonEv Pengawasan Intern,9,kai,Pengendalian Biaya pada Dept MonEv,KAI period inferred from KPI Output Frequency because the source sheet does not provide a separate KAI period column.
info,DH MonEv Pengawasan Intern,10,output,(blank),Dropped OUTPUT row because output weight is blank.
info,DH MonEv Pengawasan Intern,11,output,(blank),Dropped OUTPUT row because output weight is blank.
info,DH MonEv Pengawasan Intern,12,output,(blank),Dropped OUTPUT row because output weight is blank.
info,DH MonEv Pengawasan Intern,13,output,(blank),Dropped OUTPUT row because output weight is blank.
info,DH MonEv Pengawasan Intern,14,output,(blank),Dropped OUTPUT row because output weight is blank.
info,DH MonEv Pengawasan Intern,15,kai,Pelaksanaan implementasi proses audit di dalam AMS termasuk Monitoring dan tindak lanjut,KAI period inferred from KPI Output Frequency because the source sheet does not provide a separate KAI period column.
info,DH MonEv Pengawasan Intern,16,kai,Persiapan dan Penyelesaian Laporan Kegiatan Dept MonEv Tepat Waktu,KAI period inferred from KPI Output Frequency because the source sheet does not provide a separate KAI period column.
info,DH MonEv Pengawasan Intern,17,kai,"Mengkoordinasikan, menjaga alignment, mengintegrasikan, dan mengkonsolidasikan pelaksanaan penyelesaian rekomendasi audit",KAI period inferred from KPI Output Frequency because the source sheet does not provide a separate KAI period column.
info,DH MonEv Pengawasan Intern,18,kai,Persentase Pelaporan Hasil Audit yang Disusun Sesuai Standar PKPT,KAI period inferred from KPI Output Frequency because the source sheet does not provide a separate KAI period column.
info,DH MonEv Pengawasan Intern,19,kai,Persentase Dokumen Evaluasi Audit Internal yang Ditinjau dan Diverifikasi,KAI period inferred from KPI Output Frequency because the source sheet does not provide a separate KAI period column.
info,DH MonEv Pengawasan Intern,20,kai,Persentase Penyelesaian Jadwal Audit Quality Assurance secara self-assessment,KAI period inferred from KPI Output Frequency because the source sheet does not provide a separate KAI period column.
info,DH MonEv Pengawasan Intern,21,output,(blank),Dropped OUTPUT row because output weight is blank.
info,DH MonEv Pengawasan Intern,22,kai,ketepatan waktu penyusunan perencanaan pelatihan  profesional,KAI period inferred from KPI Output Frequency because the source sheet does not provide a separate KAI period column.
info,DH MonEv Pengawasan Intern,23,kai,Jumlah jam pelatihan audit yang diikuti,KAI period inferred from KPI Output Frequency because the source sheet does not provide a separate KAI period column.
info,Manager Pendukung Administrasi ,9,kai,Pengendalian Biaya pada group SPI,KAI period inferred from KPI Output Frequency because the source sheet does not provide a separate KAI period column.
info,Manager Pendukung Administrasi ,10,output,(blank),Dropped OUTPUT row because output weight is blank.
info,Manager Pendukung Administrasi ,11,output,(blank),Dropped OUTPUT row because output weight is blank.
info,Manager Pendukung Administrasi ,12,output,(blank),Dropped OUTPUT row because output weight is blank.
info,Manager Pendukung Administrasi ,13,kai,Jumlah Rapat Koordinasi dengan Pihak Eksternal terkait Pengawasan,KAI period inferred from KPI Output Frequency because the source sheet does not provide a separate KAI period column.
info,Manager Pendukung Administrasi ,14,output,(blank),Dropped OUTPUT row because output weight is blank.
info,Manager Pendukung Administrasi ,15,kai,Persiapan dan Penyelesaian Laporan Kegiatan,KAI period inferred from KPI Output Frequency because the source sheet does not provide a separate KAI period column.
info,Manager Pendukung Administrasi ,16,kai,"Mengkoordinasikan, menjaga alignment, mengintegrasikan, dan mengkonsolidasikan pelaksanaan penyelesaian rekomendasi audit",KAI period inferred from KPI Output Frequency because the source sheet does not provide a separate KAI period column.
info,Manager Pendukung Administrasi ,17,kai,Persentase Personil yang Mengikuti Pelatihan dan Sertifikasi Kualifikasi Risiko,KAI period inferred from KPI Output Frequency because the source sheet does not provide a separate KAI period column.
info,Manager Pendukung Administrasi ,18,kai,Pelaksanaan Audit Internal dan Evaluasi Kesiapan Sertifikasi,KAI period inferred from KPI Output Frequency because the source sheet does not provide a separate KAI period column.
info,Manager Pendukung Administrasi ,19,output,(blank),Dropped OUTPUT row because output weight is blank.
info,Manager Pendukung Administrasi ,20,kai,Jumlah jam pelatihan audit yang diikuti,KAI period inferred from KPI Output Frequency because the source sheet does not provide a separate KAI period column.
info,Manager Pendukung Administrasi ,21,kai,Persentase Penyelesaian Jadwal Audit Quality Assurance secara self-assessment,KAI period inferred from KPI Output Frequency because the source sheet does not provide a separate KAI period column.
info,Principle Expert Auditor,,sheet,Principle Expert Audit,Position scope is neglect; sheet output was skipped.
info,Senior Expert Auditor,,sheet,Senior Expert Auditor,Position scope is neglect; sheet output was skipped.
info,Expert Auditor,9,output,(blank),Dropped OUTPUT row because output weight is blank.
info,Expert Auditor,10,output,(blank),Dropped OUTPUT row because output weight is blank.
info,Expert Auditor,11,output,(blank),Dropped OUTPUT row because output weight is blank.
info,Expert Auditor,12,output,(blank),Dropped OUTPUT row because output weight is blank.
info,Expert Auditor,13,output,(blank),Dropped OUTPUT row because output weight is blank.
info,Expert Auditor,14,output,(blank),Dropped OUTPUT row because output weight is blank.
info,Expert Auditor,15,kai,Pelaksanaan Pelatihan dan Evaluasi Kompetensi Audit Internal,KAI period inferred from KPI Output Frequency because the source sheet does not provide a separate KAI period column.
info,Expert Auditor,16,output,Ketepatan Waktu penyelesaian Final Draft Hasil Audit,Dropped OUTPUT row because comment is Drop and output weight is blank.
warning,Expert Auditor,16,kai,Persentase Penyelesaian Draft Audit Sesuai Jadwal,Skipped KAI because its OUTPUT row was dropped or missing.
info,Expert Auditor,17,kai,Persentase Penyelesaian Audit Sesuai Jadwal PKPT,KAI period inferred from KPI Output Frequency because the source sheet does not provide a separate KAI period column.
info,Expert Auditor,18,kai,Frekuensi Pelaksanaan Rapat Pendampingan Monitoring Tindak Lanjut,KAI period inferred from KPI Output Frequency because the source sheet does not provide a separate KAI period column.
info,Expert Auditor,19,kai,Persentase Audit yang Menggunakan AMS dengan Bukti Pendukung Lengkap dan Tepat Waktu,KAI period inferred from KPI Output Frequency because the source sheet does not provide a separate KAI period column.
info,Expert Auditor,20,kai,Tingkat Kepatuhan Standar Penulisan Laporan Audit,KAI period inferred from KPI Output Frequency because the source sheet does not provide a separate KAI period column.
info,Expert Auditor,21,kai,Persentase Penyelesaian Tahapan Audit Sesuai Jadwal,KAI period inferred from KPI Output Frequency because the source sheet does not provide a separate KAI period column.
info,Expert Auditor,22,kai,Persentase Partisipasi Auditor dalam Kegiatan Non-Audit,KAI period inferred from KPI Output Frequency because the source sheet does not provide a separate KAI period column.
info,Expert Auditor,23,output,(blank),Dropped OUTPUT row because output weight is blank.
info,Expert Auditor,24,output,(blank),Dropped OUTPUT row because output weight is blank.
info,Expert Auditor,25,kai,Jumlah jam pelatihan audit yang diikuti,KAI period inferred from KPI Output Frequency because the source sheet does not provide a separate KAI period column.
info,KOORDINATOR,,sheet,Expert Auditor,Position scope is neglect; sheet output was skipped.
info,Officer Pendukung Administrasi,9,output,(blank),Dropped OUTPUT row because output weight is blank.
info,Officer Pendukung Administrasi,10,output,(blank),Dropped OUTPUT row because output weight is blank.
info,Officer Pendukung Administrasi,11,output,(blank),Dropped OUTPUT row because output weight is blank.
info,Officer Pendukung Administrasi,12,kai,penyelesaian tugas lintas fungi sesuai surat perintah,KAI period inferred from KPI Output Frequency because the source sheet does not provide a separate KAI period column.
info,Officer Pendukung Administrasi,13,kai,Jumlah Rapat Koordinasi dengan Pihak Eksternal terkait Pengawasan,KAI period inferred from KPI Output Frequency because the source sheet does not provide a separate KAI period column.
info,Officer Pendukung Administrasi,14,output,(blank),Dropped OUTPUT row because output weight is blank.
info,Officer Pendukung Administrasi,15,kai,Persiapan dan Penyelesaian Laporan Kegiatan,KAI period inferred from KPI Output Frequency because the source sheet does not provide a separate KAI period column.
info,Officer Pendukung Administrasi,16,kai,Persentase Personil yang Mengikuti Pelatihan dan Sertifikasi Kualifikasi Risiko,KAI period inferred from KPI Output Frequency because the source sheet does not provide a separate KAI period column.
info,Officer Pendukung Administrasi,17,kai,Pelaksanaan Audit Internal dan Evaluasi Kesiapan Sertifikasi,KAI period inferred from KPI Output Frequency because the source sheet does not provide a separate KAI period column.
info,Officer Pendukung Administrasi,18,kai,Tingkat Kepatuhan Penyusunan kegiatan hubaga,KAI period inferred from KPI Output Frequency because the source sheet does not provide a separate KAI period column.
warning,Officer Pendukung Administrasi,19,kai,Persentase Penyelesaian Jadwal Audit Quality Assurance Eksternal,Skipped KAI because its OUTPUT row was dropped or missing.
info,Officer Pendukung Administrasi,20,output,(blank),Dropped OUTPUT row because output weight is blank.
info,Officer Pendukung Administrasi,21,kai,Jumlah jam pelatihan audit yang diikuti,KAI period inferred from KPI Output Frequency because the source sheet does not provide a separate KAI period column.
info,Officer Perencanaan Pengawasan,9,output,(blank),Dropped OUTPUT row because output weight is blank.
info,Officer Perencanaan Pengawasan,10,output,(blank),Dropped OUTPUT row because output weight is blank.
info,Officer Perencanaan Pengawasan,11,output,(blank),Dropped OUTPUT row because output weight is blank.
info,Officer Perencanaan Pengawasan,12,kai,penyelesaian tugas lintas fungi sesuai surat perintah,KAI period inferred from KPI Output Frequency because the source sheet does not provide a separate KAI period column.
info,Officer Perencanaan Pengawasan,13,output,(blank),Dropped OUTPUT row because output weight is blank.
info,Officer Perencanaan Pengawasan,14,output,(blank),Dropped OUTPUT row because output weight is blank.
info,Officer Perencanaan Pengawasan,15,kai,Tingkat Kepatuhan Penyusunan Rencana Audit Tahunan,KAI period inferred from KPI Output Frequency because the source sheet does not provide a separate KAI period column.
info,Officer Perencanaan Pengawasan,16,kai,Persiapan dan Penyelesaian Laporan Kegiatan Dept Perencanaan SPI Tepat Waktu,KAI period inferred from KPI Output Frequency because the source sheet does not provide a separate KAI period column.
info,Officer Perencanaan Pengawasan,17,kai,Jumlah pelatihan dan sertifikasi pengelolaan perencanaan pengawasan yang diikuti,KAI period inferred from KPI Output Frequency because the source sheet does not provide a separate KAI period column.
info,Officer Perencanaan Pengawasan,18,kai,Tingkat Kepatuhan Penyusunan Dokumen Perencanaan Sinergi Audit,KAI period inferred from KPI Output Frequency because the source sheet does not provide a separate KAI period column.
info,Officer Perencanaan Pengawasan,19,kai,Persentase kelengkapan dan ketepatan waktu pelaporan data non audit,KAI period inferred from KPI Output Frequency because the source sheet does not provide a separate KAI period column.
info,Officer Perencanaan Pengawasan,20,output,(blank),Dropped OUTPUT row because output weight is blank.
info,Officer Perencanaan Pengawasan,21,output,(blank),Dropped OUTPUT row because output weight is blank.
info,Officer Perencanaan Pengawasan,22,kai,Jumlah jam pelatihan yang diikuti,KAI period inferred from KPI Output Frequency because the source sheet does not provide a separate KAI period column.
info,Officer Pelaksanaan Pengawasan,9,output,(blank),Dropped OUTPUT row because output weight is blank.
info,Officer Pelaksanaan Pengawasan,10,output,(blank),Dropped OUTPUT row because output weight is blank.
info,Officer Pelaksanaan Pengawasan,11,output,(blank),Dropped OUTPUT row because output weight is blank.
info,Officer Pelaksanaan Pengawasan,12,kai,penyelesaian tugas lintas fungi sesuai surat perintah,KAI period inferred from KPI Output Frequency because the source sheet does not provide a separate KAI period column.
info,Officer Pelaksanaan Pengawasan,13,output,(blank),Dropped OUTPUT row because output weight is blank.
info,Officer Pelaksanaan Pengawasan,14,output,(blank),Dropped OUTPUT row because output weight is blank.
info,Officer Pelaksanaan Pengawasan,15,kai,Tingkat Kepatuhan Pelaksanaan Audit Internal,KAI period inferred from KPI Output Frequency because the source sheet does not provide a separate KAI period column.
info,Officer Pelaksanaan Pengawasan,16,output,Berperan aktif dalam kegiatan profesi dan networking dengan organisasi audit internal atau instansi/perusahaan lain,Dropped OUTPUT row because comment is Drop and output weight is blank.
warning,Officer Pelaksanaan Pengawasan,16,kai,Partisipasi aktif dalam Forum Audit Internal,Skipped KAI because its OUTPUT row was dropped or missing.
info,Officer Pelaksanaan Pengawasan,17,kai,Persiapan dan Penyelesaian Laporan Kegiatan Dept Pelaksanaan SPI Tepat Waktu,KAI period inferred from KPI Output Frequency because the source sheet does not provide a separate KAI period column.
info,Officer Pelaksanaan Pengawasan,18,kai,Tingkat Kepatuhan Penyusunan Dokumen Pelaksanaan Sinergi Audit,KAI period inferred from KPI Output Frequency because the source sheet does not provide a separate KAI period column.
info,Officer Pelaksanaan Pengawasan,19,kai,Jumlah pelatihan dan sertifikasi profesional yang diikuti,KAI period inferred from KPI Output Frequency because the source sheet does not provide a separate KAI period column.
info,Officer Pelaksanaan Pengawasan,20,output,(blank),Dropped OUTPUT row because output weight is blank.
info,Officer Pelaksanaan Pengawasan,21,output,(blank),Dropped OUTPUT row because output weight is blank.
info,Officer Pelaksanaan Pengawasan,22,kai,Jumlah jam pelatihan audit yang diikuti,KAI period inferred from KPI Output Frequency because the source sheet does not provide a separate KAI period column.
info,Officer MonEv Pengawasan Intern,9,output,Net Income,Dropped OUTPUT row because output weight is 0.
warning,Officer MonEv Pengawasan Intern,9,kai,Pengendalian Biaya pada Dept MonEv,Skipped KAI because its OUTPUT row was dropped or missing.
info,Officer MonEv Pengawasan Intern,10,output,(blank),Dropped OUTPUT row because output weight is blank.
info,Officer MonEv Pengawasan Intern,11,output,(blank),Dropped OUTPUT row because output weight is blank.
info,Officer MonEv Pengawasan Intern,12,kai,penyelesaian tugas lintas fungi sesuai surat perintah,KAI period inferred from KPI Output Frequency because the source sheet does not provide a separate KAI period column.
info,Officer MonEv Pengawasan Intern,13,output,(blank),Dropped OUTPUT row because output weight is blank.
info,Officer MonEv Pengawasan Intern,14,output,(blank),Dropped OUTPUT row because output weight is blank.
info,Officer MonEv Pengawasan Intern,15,kai,"Pelaksanaan implementasi proses audit di dalam AMS termasuk Perencanaan, Pelaksanaan, Monitoring dan tindak lanjut",KAI period inferred from KPI Output Frequency because the source sheet does not provide a separate KAI period column.
info,Officer MonEv Pengawasan Intern,16,kai,Persiapan dan Penyelesaian Laporan Kegiatan Dept MonEv Tepat Waktu,KAI period inferred from KPI Output Frequency because the source sheet does not provide a separate KAI period column.
info,Officer MonEv Pengawasan Intern,17,kai,"Mengkoordinasikan, menjaga alignment, mengintegrasikan, dan mengkonsolidasikan pelaksanaan penyelesaian rekomendasi audit oleh Department Head dan level di bawahnya",KAI period inferred from KPI Output Frequency because the source sheet does not provide a separate KAI period column.
info,Officer MonEv Pengawasan Intern,18,kai,Persentase Pelaporan Hasil Audit yang Disusun Sesuai Standar PKPT,KAI period inferred from KPI Output Frequency because the source sheet does not provide a separate KAI period column.
info,Officer MonEv Pengawasan Intern,19,kai,Persentase Dokumen Evaluasi Audit Internal yang Ditinjau dan Diverifikasi,KAI period inferred from KPI Output Frequency because the source sheet does not provide a separate KAI period column.
info,Officer MonEv Pengawasan Intern,20,kai,Persentase Penyelesaian Jadwal Audit Quality Assurance secara self-assessment,KAI period inferred from KPI Output Frequency because the source sheet does not provide a separate KAI period column.
info,Officer MonEv Pengawasan Intern,21,output,(blank),Dropped OUTPUT row because output weight is blank.
info,Officer MonEv Pengawasan Intern,22,kai,ketepatan waktu penyusunan perencanaan pelatihan  profesional,KAI period inferred from KPI Output Frequency because the source sheet does not provide a separate KAI period column.
info,Officer MonEv Pengawasan Intern,23,kai,Jumlah jam pelatihan audit yang diikuti,KAI period inferred from KPI Output Frequency because the source sheet does not provide a separate KAI period column.
info,Group Head,9,IMPACT,Net Income,enum_issue category=normalized; field=Polarity; raw=Positif; normalized=POSITIVE; Polarity normalized to POSITIVE.
info,Group Head,9,IMPACT,Net Income,enum_issue category=normalized; field=Period; raw=Triwulanan; normalized=TRIWULANAN; Period normalized to TRIWULANAN.
info,Group Head,10,IMPACT,(ROIC > WACC) x Inv.Capital,enum_issue category=normalized; field=Polarity; raw=Positif; normalized=POSITIVE; Polarity normalized to POSITIVE.
info,Group Head,10,IMPACT,(ROIC > WACC) x Inv.Capital,enum_issue category=normalized; field=Period; raw=Triwulanan; normalized=TRIWULANAN; Period normalized to TRIWULANAN.
info,Group Head,11,IMPACT,Traffic Volume,enum_issue category=normalized; field=Polarity; raw=Positif; normalized=POSITIVE; Polarity normalized to POSITIVE.
info,Group Head,11,IMPACT,Traffic Volume,enum_issue category=normalized; field=Period; raw=Triwulanan; normalized=TRIWULANAN; Period normalized to TRIWULANAN.
info,Group Head,12,IMPACT,Total Productivity,enum_issue category=normalized; field=Polarity; raw=Negatif; normalized=NEGATIVE; Polarity normalized to NEGATIVE.
info,Group Head,12,IMPACT,Total Productivity,enum_issue category=normalized; field=Period; raw=Triwulanan; normalized=TRIWULANAN; Period normalized to TRIWULANAN.
info,Group Head,13,IMPACT,Lost Time Injury Frequency Rate (LTIFR),enum_issue category=normalized; field=Polarity; raw=Negatif; normalized=NEGATIVE; Polarity normalized to NEGATIVE.
info,Group Head,13,IMPACT,Lost Time Injury Frequency Rate (LTIFR),enum_issue category=normalized; field=Period; raw=Triwulanan; normalized=TRIWULANAN; Period normalized to TRIWULANAN.
info,Group Head,14,IMPACT,Pengembangan Ekosistem Bali Maritime Tourism Hub (BMTH),enum_issue category=normalized; field=Polarity; raw=Positif; normalized=POSITIVE; Polarity normalized to POSITIVE.
info,Group Head,14,IMPACT,Pengembangan Ekosistem Bali Maritime Tourism Hub (BMTH),enum_issue category=normalized; field=Period; raw=Triwulanan; normalized=TRIWULANAN; Period normalized to TRIWULANAN.
info,Group Head,15,IMPACT,Number of KRI exceeding its risk tolerance limit,enum_issue category=normalized; field=Polarity; raw=Negatif; normalized=NEGATIVE; Polarity normalized to NEGATIVE.
info,Group Head,15,IMPACT,Number of KRI exceeding its risk tolerance limit,enum_issue category=normalized; field=Period; raw=Triwulanan; normalized=TRIWULANAN; Period normalized to TRIWULANAN.
info,Group Head,17,IMPACT,ESG Rating,enum_issue category=normalized; field=Polarity; raw=Positif; normalized=POSITIVE; Polarity normalized to POSITIVE.
info,Group Head,17,IMPACT,ESG Rating,enum_issue category=normalized; field=Period; raw=Tahunan; normalized=TAHUNAN; Period normalized to TAHUNAN.
info,Group Head,20,IMPACT,Strategic Project Delivery,enum_issue category=normalized; field=Polarity; raw=Positif; normalized=POSITIVE; Polarity normalized to POSITIVE.
info,Group Head,20,IMPACT,Strategic Project Delivery,enum_issue category=normalized; field=Period; raw=Triwulanan; normalized=TRIWULANAN; Period normalized to TRIWULANAN.
info,Group Head,23,IMPACT,Manpower productivity (Revenue per total manpower),enum_issue category=normalized; field=Polarity; raw=Positif; normalized=POSITIVE; Polarity normalized to POSITIVE.
info,Group Head,23,IMPACT,Manpower productivity (Revenue per total manpower),enum_issue category=normalized; field=Period; raw=Triwulanan; normalized=TRIWULANAN; Period normalized to TRIWULANAN.
info,Group Head,9,OUTPUT,Net Income,enum_issue category=normalized; field=Period; raw=Triwulanan; normalized=TRIWULANAN; Period normalized to TRIWULANAN.
info,Group Head,9,OUTPUT,Net Income,enum_issue category=normalized; field=Polarity; raw=Positif; normalized=POSITIVE; Polarity normalized to POSITIVE.
info,Group Head,12,OUTPUT,Efektivitas pelaksanaan kegiatan SPI,enum_issue category=normalized; field=Period; raw=Triwulanan; normalized=TRIWULANAN; Period normalized to TRIWULANAN.
info,Group Head,12,OUTPUT,Efektivitas pelaksanaan kegiatan SPI,enum_issue category=normalized; field=Polarity; raw=Negatif; normalized=NEGATIVE; Polarity normalized to NEGATIVE.
info,Group Head,15,OUTPUT,Rata-rata Penyelesaian Rekomendasi Audit Internal dan Eksternal,enum_issue category=normalized; field=Period; raw=Triwulanan; normalized=TRIWULANAN; Period normalized to TRIWULANAN.
info,Group Head,15,OUTPUT,Rata-rata Penyelesaian Rekomendasi Audit Internal dan Eksternal,enum_issue category=normalized; field=Polarity; raw=Positif; normalized=POSITIVE; Polarity normalized to POSITIVE.
info,Group Head,16,OUTPUT,Efektivitas pelaksanaan atas program audit yang ada di PKPT,enum_issue category=normalized; field=Period; raw=Triwulanan; normalized=TRIWULANAN; Period normalized to TRIWULANAN.
info,Group Head,16,OUTPUT,Efektivitas pelaksanaan atas program audit yang ada di PKPT,enum_issue category=normalized; field=Polarity; raw=Positif; normalized=POSITIVE; Polarity normalized to POSITIVE.
info,Group Head,17,OUTPUT,Enhancement dan Implementasi AMS,enum_issue category=normalized; field=Period; raw=Tahunan; normalized=TAHUNAN; Period normalized to TAHUNAN.
info,Group Head,17,OUTPUT,Enhancement dan Implementasi AMS,enum_issue category=normalized; field=Polarity; raw=Positif; normalized=POSITIVE; Polarity normalized to POSITIVE.
info,Group Head,18,OUTPUT,Implementasi sinergi bidang audit internal di lingkungan PT Pelindo Group,enum_issue category=normalized; field=Period; raw=Semester; normalized=SEMESTER; Period normalized to SEMESTER.
info,Group Head,18,OUTPUT,Implementasi sinergi bidang audit internal di lingkungan PT Pelindo Group,enum_issue category=normalized; field=Polarity; raw=Positif; normalized=POSITIVE; Polarity normalized to POSITIVE.
info,Group Head,19,OUTPUT,Pemenuhan tingkat Quality Assurance pengelolaan SPI sesuai PER-2 BUMN,enum_issue category=normalized; field=Period; raw=Tahunan; normalized=TAHUNAN; Period normalized to TAHUNAN.
info,Group Head,19,OUTPUT,Pemenuhan tingkat Quality Assurance pengelolaan SPI sesuai PER-2 BUMN,enum_issue category=normalized; field=Polarity; raw=Positif; normalized=POSITIVE; Polarity normalized to POSITIVE.
info,Group Head,21,OUTPUT,Berperan aktif dalam kegiatan profesi dan networking dengan organisasi audit internal atau instansi/perusahaan lain,enum_issue category=normalized; field=Period; raw=Tahunan; normalized=TAHUNAN; Period normalized to TAHUNAN.
info,Group Head,21,OUTPUT,Berperan aktif dalam kegiatan profesi dan networking dengan organisasi audit internal atau instansi/perusahaan lain,enum_issue category=normalized; field=Polarity; raw=Positif; normalized=POSITIVE; Polarity normalized to POSITIVE.
info,Group Head,22,OUTPUT,Pemenuhan Sertifikasi Sesuai Permen 2 Tahun 2023 sesuai Tupoksi (Tugas Pokok dan Fungsi),enum_issue category=normalized; field=Period; raw=Tahunan; normalized=TAHUNAN; Period normalized to TAHUNAN.
info,Group Head,22,OUTPUT,Pemenuhan Sertifikasi Sesuai Permen 2 Tahun 2023 sesuai Tupoksi (Tugas Pokok dan Fungsi),enum_issue category=normalized; field=Polarity; raw=Positif; normalized=POSITIVE; Polarity normalized to POSITIVE.
info,Group Head,23,OUTPUT,Pemenuhan learning hours atas pelatihan terkait bidang audit,enum_issue category=normalized; field=Period; raw=Tahunan; normalized=TAHUNAN; Period normalized to TAHUNAN.
warning,Group Head,23,OUTPUT,Pemenuhan learning hours atas pelatihan terkait bidang audit,enum_issue category=cross_column; field=Polarity; raw=INDIRECT; normalized=POSITIVE; Polarity contains cross-column value; defaulted to POSITIVE.
warning,Group Head,23,OUTPUT,Pemenuhan learning hours atas pelatihan terkait bidang audit,enum_issue category=cross_column; field=Cascading; raw=SPECIFIC; normalized=INDIRECT; Cascading contains cross-column value; defaulted to INDIRECT.
warning,Group Head,23,OUTPUT,Pemenuhan learning hours atas pelatihan terkait bidang audit,enum_issue category=cross_column; field=Ownership Type; raw=Non Routine; normalized=SPECIFIC; Ownership Type contains cross-column value; defaulted to SPECIFIC.
info,Group Head,24,OUTPUT,"Tingkat pemenuhan tata kelola, manajemen risiko, dan kepatuhan internal (Penyelesaian Temuan Audit)",enum_issue category=normalized; field=Period; raw=Semester; normalized=SEMESTER; Period normalized to SEMESTER.
info,Group Head,24,OUTPUT,"Tingkat pemenuhan tata kelola, manajemen risiko, dan kepatuhan internal (Penyelesaian Temuan Audit)",enum_issue category=normalized; field=Polarity; raw=Positif; normalized=POSITIVE; Polarity normalized to POSITIVE.
warning,Group Head,9,KAI,Pelaksanaan pengawasan internal untuk mendukung pencapaian Net Income,KAI formula may not be percentage-based or is blank.
warning,Group Head,17,KAI,"Pelaksanaan implementasi proses audit di dalam AMS termasuk Perencanaan, Pelaksanaan, Monitoring dan tindak lanjut",KAI formula may not be percentage-based or is blank.
warning,Group Head,21,KAI,Partisipasi aktif dalam Forum Audit Internal dan mengumpulkan data keikutsertaan Group SPI dalam kegiatan profesi dan networking,KAI formula may not be percentage-based or is blank.
warning,Group Head,22,KAI,ketepatan waktu penyusunan perencanaan pelatihan  profesional,KAI formula may not be percentage-based or is blank.
warning,Group Head,23,KAI,Jumlah jam pelatihan audit yang diikuti,enum_issue category=cross_column; field=Nature Of Work; raw=Diunggah; normalized=Non Routine; KAI Nature contains cross-column value; inferred as Non Routine.
warning,Group Head,23,KAI,Jumlah jam pelatihan audit yang diikuti,KAI formula may not be percentage-based or is blank.
warning,Group Head,,weight_audit,Group Head Satuan Pengawasan Intern,Weight total not 100: level=impact; kpi_type=OUTPUT; parent=ESG Rating; raw_total=25.0; output_total=25.0; cause=Raw Data Issue.
warning,Group Head,,weight_audit,Group Head Satuan Pengawasan Intern,Weight total not 100: level=impact; kpi_type=OUTPUT; parent=Manpower productivity (Revenue per total manpower); raw_total=15.0; output_total=15.0; cause=Raw Data Issue.
warning,Group Head,,weight_audit,Group Head Satuan Pengawasan Intern,Weight total not 100: level=impact; kpi_type=OUTPUT; parent=Net Income; raw_total=10.0; output_total=10.0; cause=Raw Data Issue.
warning,Group Head,,weight_audit,Group Head Satuan Pengawasan Intern,Weight total not 100: level=impact; kpi_type=OUTPUT; parent=Number of KRI exceeding its risk tolerance limit; raw_total=20.0; output_total=20.0; cause=Raw Data Issue.
warning,Group Head,,weight_audit,Group Head Satuan Pengawasan Intern,Weight total not 100: level=impact; kpi_type=OUTPUT; parent=Strategic Project Delivery; raw_total=20.0; output_total=20.0; cause=Raw Data Issue.
warning,Group Head,,weight_audit,Group Head Satuan Pengawasan Intern,Weight total not 100: level=impact; kpi_type=OUTPUT; parent=Total Productivity; raw_total=10.0; output_total=10.0; cause=Raw Data Issue.
warning,Group Head,,weight_audit,Group Head Satuan Pengawasan Intern,Weight total not 100: level=output; kpi_type=KAI; parent=Berperan aktif dalam kegiatan profesi dan networking dengan organisasi audit internal atau instansi/perusahaan lain; raw_total=10.0; output_total=10.0; cause=Raw Data Issue.
warning,Group Head,,weight_audit,Group Head Satuan Pengawasan Intern,Weight total not 100: level=output; kpi_type=KAI; parent=Efektivitas pelaksanaan atas program audit yang ada di PKPT; raw_total=10.0; output_total=10.0; cause=Raw Data Issue.
warning,Group Head,,weight_audit,Group Head Satuan Pengawasan Intern,Weight total not 100: level=output; kpi_type=KAI; parent=Efektivitas pelaksanaan kegiatan SPI; raw_total=10.0; output_total=10.0; cause=Raw Data Issue.
warning,Group Head,,weight_audit,Group Head Satuan Pengawasan Intern,Weight total not 100: level=output; kpi_type=KAI; parent=Enhancement dan Implementasi AMS; raw_total=10.0; output_total=10.0; cause=Raw Data Issue.
warning,Group Head,,weight_audit,Group Head Satuan Pengawasan Intern,Weight total not 100: level=output; kpi_type=KAI; parent=Implementasi sinergi bidang audit internal di lingkungan PT Pelindo Group; raw_total=10.0; output_total=10.0; cause=Raw Data Issue.
warning,Group Head,,weight_audit,Group Head Satuan Pengawasan Intern,Weight total not 100: level=output; kpi_type=KAI; parent=Net Income; raw_total=10.0; output_total=10.0; cause=Raw Data Issue.
warning,Group Head,,weight_audit,Group Head Satuan Pengawasan Intern,Weight total not 100: level=output; kpi_type=KAI; parent=Pemenuhan Sertifikasi Sesuai Permen 2 Tahun 2023 sesuai Tupoksi (Tugas Pokok dan Fungsi); raw_total=10.0; output_total=10.0; cause=Raw Data Issue.
warning,Group Head,,weight_audit,Group Head Satuan Pengawasan Intern,Weight total not 100: level=output; kpi_type=KAI; parent=Pemenuhan learning hours atas pelatihan terkait bidang audit; raw_total=10.0; output_total=10.0; cause=Raw Data Issue.
warning,Group Head,,weight_audit,Group Head Satuan Pengawasan Intern,Weight total not 100: level=output; kpi_type=KAI; parent=Pemenuhan tingkat Quality Assurance pengelolaan SPI sesuai PER-2 BUMN; raw_total=5.0; output_total=5.0; cause=Raw Data Issue.
warning,Group Head,,weight_audit,Group Head Satuan Pengawasan Intern,Weight total not 100: level=output; kpi_type=KAI; parent=Rata-rata Penyelesaian Rekomendasi Audit Internal dan Eksternal; raw_total=10.0; output_total=10.0; cause=Raw Data Issue.
warning,Group Head,,weight_audit,Group Head Satuan Pengawasan Intern,"Weight total not 100: level=output; kpi_type=KAI; parent=Tingkat pemenuhan tata kelola, manajemen risiko, dan kepatuhan internal (Penyelesaian Temuan Audit); raw_total=5.0; output_total=5.0; cause=Raw Data Issue."
info,DH Pelaksanaan Pengawasan Inter,9,IMPACT,Net Income,enum_issue category=normalized; field=Polarity; raw=Positif; normalized=POSITIVE; Polarity normalized to POSITIVE.
info,DH Pelaksanaan Pengawasan Inter,9,IMPACT,Net Income,enum_issue category=normalized; field=Period; raw=Triwulanan; normalized=TRIWULANAN; Period normalized to TRIWULANAN.
info,DH Pelaksanaan Pengawasan Inter,10,IMPACT,(ROIC > WACC) x Inv.Capital,enum_issue category=normalized; field=Polarity; raw=Positif; normalized=POSITIVE; Polarity normalized to POSITIVE.
info,DH Pelaksanaan Pengawasan Inter,10,IMPACT,(ROIC > WACC) x Inv.Capital,enum_issue category=normalized; field=Period; raw=Triwulanan; normalized=TRIWULANAN; Period normalized to TRIWULANAN.
info,DH Pelaksanaan Pengawasan Inter,11,IMPACT,Traffic Volume,enum_issue category=normalized; field=Polarity; raw=Positif; normalized=POSITIVE; Polarity normalized to POSITIVE.
info,DH Pelaksanaan Pengawasan Inter,11,IMPACT,Traffic Volume,enum_issue category=normalized; field=Period; raw=Triwulanan; normalized=TRIWULANAN; Period normalized to TRIWULANAN.
info,DH Pelaksanaan Pengawasan Inter,12,IMPACT,Total Productivity,enum_issue category=normalized; field=Polarity; raw=Positif; normalized=POSITIVE; Polarity normalized to POSITIVE.
info,DH Pelaksanaan Pengawasan Inter,12,IMPACT,Total Productivity,enum_issue category=normalized; field=Period; raw=Triwulanan; normalized=TRIWULANAN; Period normalized to TRIWULANAN.
info,DH Pelaksanaan Pengawasan Inter,13,IMPACT,Lost Time Injury Frequency Rate (LTIFR),enum_issue category=normalized; field=Polarity; raw=Negatif; normalized=NEGATIVE; Polarity normalized to NEGATIVE.
info,DH Pelaksanaan Pengawasan Inter,13,IMPACT,Lost Time Injury Frequency Rate (LTIFR),enum_issue category=normalized; field=Period; raw=Triwulanan; normalized=TRIWULANAN; Period normalized to TRIWULANAN.
info,DH Pelaksanaan Pengawasan Inter,14,IMPACT,Pengembangan Ekosistem Bali Maritime Tourism Hub (BMTH),enum_issue category=normalized; field=Polarity; raw=Positif; normalized=POSITIVE; Polarity normalized to POSITIVE.
info,DH Pelaksanaan Pengawasan Inter,14,IMPACT,Pengembangan Ekosistem Bali Maritime Tourism Hub (BMTH),enum_issue category=normalized; field=Period; raw=Triwulanan; normalized=TRIWULANAN; Period normalized to TRIWULANAN.
info,DH Pelaksanaan Pengawasan Inter,15,IMPACT,Number of KRI exceeding its risk tolerance limit,enum_issue category=normalized; field=Polarity; raw=Negatif; normalized=NEGATIVE; Polarity normalized to NEGATIVE.
info,DH Pelaksanaan Pengawasan Inter,15,IMPACT,Number of KRI exceeding its risk tolerance limit,enum_issue category=normalized; field=Period; raw=Triwulanan; normalized=TRIWULANAN; Period normalized to TRIWULANAN.
info,DH Pelaksanaan Pengawasan Inter,18,IMPACT,ESG Rating,enum_issue category=normalized; field=Polarity; raw=Positif; normalized=POSITIVE; Polarity normalized to POSITIVE.
info,DH Pelaksanaan Pengawasan Inter,18,IMPACT,ESG Rating,enum_issue category=normalized; field=Period; raw=Tahunan; normalized=TAHUNAN; Period normalized to TAHUNAN.
info,DH Pelaksanaan Pengawasan Inter,20,IMPACT,Strategic Project Delivery,enum_issue category=normalized; field=Polarity; raw=Positif; normalized=POSITIVE; Polarity normalized to POSITIVE.
info,DH Pelaksanaan Pengawasan Inter,20,IMPACT,Strategic Project Delivery,enum_issue category=normalized; field=Period; raw=Triwulanan; normalized=TRIWULANAN; Period normalized to TRIWULANAN.
info,DH Pelaksanaan Pengawasan Inter,21,IMPACT,Manpower productivity (Revenue per total manpower),enum_issue category=normalized; field=Polarity; raw=Positif; normalized=POSITIVE; Polarity normalized to POSITIVE.
info,DH Pelaksanaan Pengawasan Inter,21,IMPACT,Manpower productivity (Revenue per total manpower),enum_issue category=normalized; field=Period; raw=Triwulanan; normalized=TRIWULANAN; Period normalized to TRIWULANAN.
info,DH Pelaksanaan Pengawasan Inter,9,OUTPUT,Net Income,enum_issue category=normalized; field=Period; raw=Triwulanan; normalized=TRIWULANAN; Period normalized to TRIWULANAN.
info,DH Pelaksanaan Pengawasan Inter,9,OUTPUT,Net Income,enum_issue category=normalized; field=Polarity; raw=Positif; normalized=POSITIVE; Polarity normalized to POSITIVE.
info,DH Pelaksanaan Pengawasan Inter,15,OUTPUT,Realisasi audit,enum_issue category=normalized; field=Period; raw=Triwulanan; normalized=TRIWULANAN; Period normalized to TRIWULANAN.
info,DH Pelaksanaan Pengawasan Inter,15,OUTPUT,Realisasi audit,enum_issue category=normalized; field=Polarity; raw=Positif; normalized=POSITIVE; Polarity normalized to POSITIVE.
info,DH Pelaksanaan Pengawasan Inter,16,OUTPUT,SLA Pelaporan kegiatan SPI khusus Dept Pelaksanaan,enum_issue category=normalized; field=Period; raw=Triwulanan; normalized=TRIWULANAN; Period normalized to TRIWULANAN.
info,DH Pelaksanaan Pengawasan Inter,16,OUTPUT,SLA Pelaporan kegiatan SPI khusus Dept Pelaksanaan,enum_issue category=normalized; field=Polarity; raw=Negatif; normalized=NEGATIVE; Polarity normalized to NEGATIVE.
info,DH Pelaksanaan Pengawasan Inter,17,OUTPUT,Administrasi Pelaksanaan Kegiatan Sinergi Audit berdasarkan PKPT Terintegrasi,enum_issue category=normalized; field=Period; raw=Triwulanan; normalized=TRIWULANAN; Period normalized to TRIWULANAN.
info,DH Pelaksanaan Pengawasan Inter,17,OUTPUT,Administrasi Pelaksanaan Kegiatan Sinergi Audit berdasarkan PKPT Terintegrasi,enum_issue category=normalized; field=Polarity; raw=Positif; normalized=POSITIVE; Polarity normalized to POSITIVE.
info,DH Pelaksanaan Pengawasan Inter,18,OUTPUT,Pelaksanaan Quality Assurance dalam rangka pemenuhan Permen BUMN,enum_issue category=normalized; field=Period; raw=Tahunan; normalized=TAHUNAN; Period normalized to TAHUNAN.
info,DH Pelaksanaan Pengawasan Inter,18,OUTPUT,Pelaksanaan Quality Assurance dalam rangka pemenuhan Permen BUMN,enum_issue category=normalized; field=Polarity; raw=Positif; normalized=POSITIVE; Polarity normalized to POSITIVE.
info,DH Pelaksanaan Pengawasan Inter,19,OUTPUT,Pemenuhan Sertifikasi Sesuai Permen 2 Tahun 2023 sesuai Tupoksi (Tugas Pokok dan Fungsi) Dept. Pelaksanaan,enum_issue category=normalized; field=Period; raw=Tahunan; normalized=TAHUNAN; Period normalized to TAHUNAN.
info,DH Pelaksanaan Pengawasan Inter,19,OUTPUT,Pemenuhan Sertifikasi Sesuai Permen 2 Tahun 2023 sesuai Tupoksi (Tugas Pokok dan Fungsi) Dept. Pelaksanaan,enum_issue category=normalized; field=Polarity; raw=Positif; normalized=POSITIVE; Polarity normalized to POSITIVE.
info,DH Pelaksanaan Pengawasan Inter,20,OUTPUT,Enhancement dan Implementasi AMS,enum_issue category=normalized; field=Period; raw=Tahunan; normalized=TAHUNAN; Period normalized to TAHUNAN.
info,DH Pelaksanaan Pengawasan Inter,20,OUTPUT,Enhancement dan Implementasi AMS,enum_issue category=normalized; field=Polarity; raw=Positif; normalized=POSITIVE; Polarity normalized to POSITIVE.
info,DH Pelaksanaan Pengawasan Inter,21,OUTPUT,Pemenuhan learning hours atas pelatihan terkait bidang audit,enum_issue category=normalized; field=Period; raw=Tahunan; normalized=TAHUNAN; Period normalized to TAHUNAN.
warning,DH Pelaksanaan Pengawasan Inter,21,OUTPUT,Pemenuhan learning hours atas pelatihan terkait bidang audit,enum_issue category=cross_column; field=Polarity; raw=INDIRECT; normalized=POSITIVE; Polarity contains cross-column value; defaulted to POSITIVE.
warning,DH Pelaksanaan Pengawasan Inter,21,OUTPUT,Pemenuhan learning hours atas pelatihan terkait bidang audit,enum_issue category=cross_column; field=Cascading; raw=SPECIFIC; normalized=INDIRECT; Cascading contains cross-column value; defaulted to INDIRECT.
warning,DH Pelaksanaan Pengawasan Inter,21,OUTPUT,Pemenuhan learning hours atas pelatihan terkait bidang audit,enum_issue category=cross_column; field=Ownership Type; raw=Non Routine; normalized=SPECIFIC; Ownership Type contains cross-column value; defaulted to SPECIFIC.
warning,DH Pelaksanaan Pengawasan Inter,9,KAI,Pengendalian Biaya pada Dept Pelaksanaan,KAI formula may not be percentage-based or is blank.
warning,DH Pelaksanaan Pengawasan Inter,19,KAI,ketepatan waktu penyusunan perencanaan pelatihan  profesional,KAI formula may not be percentage-based or is blank.
warning,DH Pelaksanaan Pengawasan Inter,20,KAI,Pelaksanaan implementasi proses audit di dalam AMS termasuk Pelaksanaan,KAI formula may not be percentage-based or is blank.
warning,DH Pelaksanaan Pengawasan Inter,21,KAI,Jumlah jam pelatihan audit yang diikuti,enum_issue category=cross_column; field=Nature Of Work; raw=Diunggah; normalized=Non Routine; KAI Nature contains cross-column value; inferred as Non Routine.
warning,DH Pelaksanaan Pengawasan Inter,21,KAI,Jumlah jam pelatihan audit yang diikuti,KAI formula may not be percentage-based or is blank.
warning,DH Pelaksanaan Pengawasan Inter,,weight_audit,Department Head Pelaksanaan Pengawasan Intern,Weight total not 100: level=impact; kpi_type=OUTPUT; parent=ESG Rating; raw_total=15.0; output_total=15.0; cause=Raw Data Issue.
warning,DH Pelaksanaan Pengawasan Inter,,weight_audit,Department Head Pelaksanaan Pengawasan Intern,Weight total not 100: level=impact; kpi_type=OUTPUT; parent=Manpower productivity (Revenue per total manpower); raw_total=10.0; output_total=10.0; cause=Raw Data Issue.
warning,DH Pelaksanaan Pengawasan Inter,,weight_audit,Department Head Pelaksanaan Pengawasan Intern,Weight total not 100: level=impact; kpi_type=OUTPUT; parent=Net Income; raw_total=10.0; output_total=10.0; cause=Raw Data Issue.
warning,DH Pelaksanaan Pengawasan Inter,,weight_audit,Department Head Pelaksanaan Pengawasan Intern,Weight total not 100: level=impact; kpi_type=OUTPUT; parent=Number of KRI exceeding its risk tolerance limit; raw_total=55.0; output_total=55.0; cause=Raw Data Issue.
warning,DH Pelaksanaan Pengawasan Inter,,weight_audit,Department Head Pelaksanaan Pengawasan Intern,Weight total not 100: level=impact; kpi_type=OUTPUT; parent=Strategic Project Delivery; raw_total=10.0; output_total=10.0; cause=Raw Data Issue.
warning,DH Pelaksanaan Pengawasan Inter,,weight_audit,Department Head Pelaksanaan Pengawasan Intern,Weight total not 100: level=output; kpi_type=KAI; parent=Administrasi Pelaksanaan Kegiatan Sinergi Audit berdasarkan PKPT Terintegrasi; raw_total=10.0; output_total=10.0; cause=Raw Data Issue.
warning,DH Pelaksanaan Pengawasan Inter,,weight_audit,Department Head Pelaksanaan Pengawasan Intern,Weight total not 100: level=output; kpi_type=KAI; parent=Enhancement dan Implementasi AMS; raw_total=10.0; output_total=10.0; cause=Raw Data Issue.
warning,DH Pelaksanaan Pengawasan Inter,,weight_audit,Department Head Pelaksanaan Pengawasan Intern,Weight total not 100: level=output; kpi_type=KAI; parent=Net Income; raw_total=10.0; output_total=10.0; cause=Raw Data Issue.
warning,DH Pelaksanaan Pengawasan Inter,,weight_audit,Department Head Pelaksanaan Pengawasan Intern,Weight total not 100: level=output; kpi_type=KAI; parent=Pelaksanaan Quality Assurance dalam rangka pemenuhan Permen BUMN; raw_total=5.0; output_total=5.0; cause=Raw Data Issue.
warning,DH Pelaksanaan Pengawasan Inter,,weight_audit,Department Head Pelaksanaan Pengawasan Intern,Weight total not 100: level=output; kpi_type=KAI; parent=Pemenuhan Sertifikasi Sesuai Permen 2 Tahun 2023 sesuai Tupoksi (Tugas Pokok dan Fungsi) Dept. Pelaksanaan; raw_total=10.0; output_total=10.0; cause=Raw Data Issue.
warning,DH Pelaksanaan Pengawasan Inter,,weight_audit,Department Head Pelaksanaan Pengawasan Intern,Weight total not 100: level=output; kpi_type=KAI; parent=Pemenuhan learning hours atas pelatihan terkait bidang audit; raw_total=10.0; output_total=10.0; cause=Raw Data Issue.
warning,DH Pelaksanaan Pengawasan Inter,,weight_audit,Department Head Pelaksanaan Pengawasan Intern,Weight total not 100: level=output; kpi_type=KAI; parent=Realisasi audit; raw_total=35.0; output_total=35.0; cause=Raw Data Issue.
warning,DH Pelaksanaan Pengawasan Inter,,weight_audit,Department Head Pelaksanaan Pengawasan Intern,Weight total not 100: level=output; kpi_type=KAI; parent=SLA Pelaporan kegiatan SPI khusus Dept Pelaksanaan; raw_total=10.0; output_total=10.0; cause=Raw Data Issue.
info,DH Perencanaan Pengawasan Inter,9,IMPACT,Net Income,enum_issue category=normalized; field=Polarity; raw=Positif; normalized=POSITIVE; Polarity normalized to POSITIVE.
info,DH Perencanaan Pengawasan Inter,9,IMPACT,Net Income,enum_issue category=normalized; field=Period; raw=Triwulanan; normalized=TRIWULANAN; Period normalized to TRIWULANAN.
info,DH Perencanaan Pengawasan Inter,10,IMPACT,(ROIC > WACC) x Inv.Capital,enum_issue category=normalized; field=Polarity; raw=Positif; normalized=POSITIVE; Polarity normalized to POSITIVE.
info,DH Perencanaan Pengawasan Inter,10,IMPACT,(ROIC > WACC) x Inv.Capital,enum_issue category=normalized; field=Period; raw=Triwulanan; normalized=TRIWULANAN; Period normalized to TRIWULANAN.
info,DH Perencanaan Pengawasan Inter,11,IMPACT,Traffic Volume,enum_issue category=normalized; field=Polarity; raw=Positif; normalized=POSITIVE; Polarity normalized to POSITIVE.
info,DH Perencanaan Pengawasan Inter,11,IMPACT,Traffic Volume,enum_issue category=normalized; field=Period; raw=Triwulanan; normalized=TRIWULANAN; Period normalized to TRIWULANAN.
info,DH Perencanaan Pengawasan Inter,12,IMPACT,Total Productivity,enum_issue category=normalized; field=Polarity; raw=Positif; normalized=POSITIVE; Polarity normalized to POSITIVE.
info,DH Perencanaan Pengawasan Inter,12,IMPACT,Total Productivity,enum_issue category=normalized; field=Period; raw=Triwulanan; normalized=TRIWULANAN; Period normalized to TRIWULANAN.
info,DH Perencanaan Pengawasan Inter,13,IMPACT,Lost Time Injury Frequency Rate (LTIFR),enum_issue category=normalized; field=Polarity; raw=Negatif; normalized=NEGATIVE; Polarity normalized to NEGATIVE.
info,DH Perencanaan Pengawasan Inter,13,IMPACT,Lost Time Injury Frequency Rate (LTIFR),enum_issue category=normalized; field=Period; raw=Triwulanan; normalized=TRIWULANAN; Period normalized to TRIWULANAN.
info,DH Perencanaan Pengawasan Inter,14,IMPACT,Pengembangan Ekosistem Bali Maritime Tourism Hub (BMTH),enum_issue category=normalized; field=Polarity; raw=Positif; normalized=POSITIVE; Polarity normalized to POSITIVE.
info,DH Perencanaan Pengawasan Inter,14,IMPACT,Pengembangan Ekosistem Bali Maritime Tourism Hub (BMTH),enum_issue category=normalized; field=Period; raw=Triwulanan; normalized=TRIWULANAN; Period normalized to TRIWULANAN.
info,DH Perencanaan Pengawasan Inter,15,IMPACT,Number of KRI exceeding its risk tolerance limit,enum_issue category=normalized; field=Polarity; raw=Negatif; normalized=NEGATIVE; Polarity normalized to NEGATIVE.
info,DH Perencanaan Pengawasan Inter,15,IMPACT,Number of KRI exceeding its risk tolerance limit,enum_issue category=normalized; field=Period; raw=Triwulanan; normalized=TRIWULANAN; Period normalized to TRIWULANAN.
info,DH Perencanaan Pengawasan Inter,20,IMPACT,Strategic Project Delivery,enum_issue category=normalized; field=Polarity; raw=Positif; normalized=POSITIVE; Polarity normalized to POSITIVE.
info,DH Perencanaan Pengawasan Inter,20,IMPACT,Strategic Project Delivery,enum_issue category=normalized; field=Period; raw=Triwulanan; normalized=TRIWULANAN; Period normalized to TRIWULANAN.
info,DH Perencanaan Pengawasan Inter,21,IMPACT,Manpower productivity (Revenue per total manpower),enum_issue category=normalized; field=Polarity; raw=Positif; normalized=POSITIVE; Polarity normalized to POSITIVE.
info,DH Perencanaan Pengawasan Inter,21,IMPACT,Manpower productivity (Revenue per total manpower),enum_issue category=normalized; field=Period; raw=Triwulanan; normalized=TRIWULANAN; Period normalized to TRIWULANAN.
info,DH Perencanaan Pengawasan Inter,22,IMPACT,ESG Rating,enum_issue category=normalized; field=Polarity; raw=Positif; normalized=POSITIVE; Polarity normalized to POSITIVE.
info,DH Perencanaan Pengawasan Inter,22,IMPACT,ESG Rating,enum_issue category=normalized; field=Period; raw=Tahunan; normalized=TAHUNAN; Period normalized to TAHUNAN.
info,DH Perencanaan Pengawasan Inter,9,OUTPUT,Net Income,enum_issue category=normalized; field=Period; raw=Triwulanan; normalized=TRIWULANAN; Period normalized to TRIWULANAN.
info,DH Perencanaan Pengawasan Inter,9,OUTPUT,Net Income,enum_issue category=normalized; field=Polarity; raw=Positif; normalized=POSITIVE; Polarity normalized to POSITIVE.
info,DH Perencanaan Pengawasan Inter,15,OUTPUT,Rata-rata penyelesaian audit plan sesuai PKPT,enum_issue category=normalized; field=Period; raw=Triwulanan; normalized=TRIWULANAN; Period normalized to TRIWULANAN.
info,DH Perencanaan Pengawasan Inter,15,OUTPUT,Rata-rata penyelesaian audit plan sesuai PKPT,enum_issue category=normalized; field=Polarity; raw=Positif; normalized=POSITIVE; Polarity normalized to POSITIVE.
info,DH Perencanaan Pengawasan Inter,16,OUTPUT,SLA Pelaporan kegiatan SPI khusus Dept Perencanaan,enum_issue category=normalized; field=Period; raw=Triwulanan; normalized=TRIWULANAN; Period normalized to TRIWULANAN.
info,DH Perencanaan Pengawasan Inter,16,OUTPUT,SLA Pelaporan kegiatan SPI khusus Dept Perencanaan,enum_issue category=normalized; field=Polarity; raw=Negatif; normalized=NEGATIVE; Polarity normalized to NEGATIVE.
info,DH Perencanaan Pengawasan Inter,17,OUTPUT,Pemenuhan Sertifikasi Sesuai Permen 2 Tahun 2023 sesuai Tupoksi (Tugas Pokok dan Fungsi) Dept. Perencanaan,enum_issue category=normalized; field=Period; raw=Tahunan; normalized=TAHUNAN; Period normalized to TAHUNAN.
info,DH Perencanaan Pengawasan Inter,17,OUTPUT,Pemenuhan Sertifikasi Sesuai Permen 2 Tahun 2023 sesuai Tupoksi (Tugas Pokok dan Fungsi) Dept. Perencanaan,enum_issue category=normalized; field=Polarity; raw=Positif; normalized=POSITIVE; Polarity normalized to POSITIVE.
info,DH Perencanaan Pengawasan Inter,18,OUTPUT,Perencanaan  Kegiatan Sinergi Audit berdasarkan PKPT Terintegrasi,enum_issue category=normalized; field=Period; raw=Triwulanan; normalized=TRIWULANAN; Period normalized to TRIWULANAN.
info,DH Perencanaan Pengawasan Inter,18,OUTPUT,Perencanaan  Kegiatan Sinergi Audit berdasarkan PKPT Terintegrasi,enum_issue category=normalized; field=Polarity; raw=Positif; normalized=POSITIVE; Polarity normalized to POSITIVE.
info,DH Perencanaan Pengawasan Inter,21,OUTPUT,Pemenuhan learning hours atas pelatihan terkait bidang audit,enum_issue category=normalized; field=Period; raw=Tahunan; normalized=TAHUNAN; Period normalized to TAHUNAN.
warning,DH Perencanaan Pengawasan Inter,21,OUTPUT,Pemenuhan learning hours atas pelatihan terkait bidang audit,enum_issue category=cross_column; field=Polarity; raw=INDIRECT; normalized=POSITIVE; Polarity contains cross-column value; defaulted to POSITIVE.
warning,DH Perencanaan Pengawasan Inter,21,OUTPUT,Pemenuhan learning hours atas pelatihan terkait bidang audit,enum_issue category=cross_column; field=Cascading; raw=SPECIFIC; normalized=INDIRECT; Cascading contains cross-column value; defaulted to INDIRECT.
warning,DH Perencanaan Pengawasan Inter,21,OUTPUT,Pemenuhan learning hours atas pelatihan terkait bidang audit,enum_issue category=cross_column; field=Ownership Type; raw=Non Routine; normalized=SPECIFIC; Ownership Type contains cross-column value; defaulted to SPECIFIC.
info,DH Perencanaan Pengawasan Inter,22,OUTPUT,Pelaksanaan Quality Assurance dalam rangka pemenuhan Permen BUMN,enum_issue category=normalized; field=Period; raw=Tahunan; normalized=TAHUNAN; Period normalized to TAHUNAN.
info,DH Perencanaan Pengawasan Inter,22,OUTPUT,Pelaksanaan Quality Assurance dalam rangka pemenuhan Permen BUMN,enum_issue category=normalized; field=Polarity; raw=Positif; normalized=POSITIVE; Polarity normalized to POSITIVE.
warning,DH Perencanaan Pengawasan Inter,9,KAI,Pengendalian Biaya pada Dept Perencanaan,KAI formula may not be percentage-based or is blank.
warning,DH Perencanaan Pengawasan Inter,17,KAI,ketepatan waktu penyusunan perencanaan pelatihan  profesional,KAI formula may not be percentage-based or is blank.
warning,DH Perencanaan Pengawasan Inter,21,KAI,Jumlah jam pelatihan audit yang diikuti,enum_issue category=cross_column; field=Nature Of Work; raw=Diunggah; normalized=Non Routine; KAI Nature contains cross-column value; inferred as Non Routine.
warning,DH Perencanaan Pengawasan Inter,21,KAI,Jumlah jam pelatihan audit yang diikuti,KAI formula may not be percentage-based or is blank.
warning,DH Perencanaan Pengawasan Inter,,weight_audit,Department Head Perencanaan Pengawasan Intern,Weight total not 100: level=impact; kpi_type=OUTPUT; parent=ESG Rating; raw_total=10.0; output_total=10.0; cause=Raw Data Issue.
warning,DH Perencanaan Pengawasan Inter,,weight_audit,Department Head Perencanaan Pengawasan Intern,Weight total not 100: level=impact; kpi_type=OUTPUT; parent=Manpower productivity (Revenue per total manpower); raw_total=10.0; output_total=10.0; cause=Raw Data Issue.
warning,DH Perencanaan Pengawasan Inter,,weight_audit,Department Head Perencanaan Pengawasan Intern,Weight total not 100: level=impact; kpi_type=OUTPUT; parent=Net Income; raw_total=10.0; output_total=10.0; cause=Raw Data Issue.
warning,DH Perencanaan Pengawasan Inter,,weight_audit,Department Head Perencanaan Pengawasan Intern,Weight total not 100: level=impact; kpi_type=OUTPUT; parent=Number of KRI exceeding its risk tolerance limit; raw_total=70.0; output_total=70.0; cause=Raw Data Issue.
warning,DH Perencanaan Pengawasan Inter,,weight_audit,Department Head Perencanaan Pengawasan Intern,Weight total not 100: level=output; kpi_type=KAI; parent=Net Income; raw_total=10.0; output_total=10.0; cause=Raw Data Issue.
warning,DH Perencanaan Pengawasan Inter,,weight_audit,Department Head Perencanaan Pengawasan Intern,Weight total not 100: level=output; kpi_type=KAI; parent=Pelaksanaan Quality Assurance dalam rangka pemenuhan Permen BUMN; raw_total=10.0; output_total=10.0; cause=Raw Data Issue.
warning,DH Perencanaan Pengawasan Inter,,weight_audit,Department Head Perencanaan Pengawasan Intern,Weight total not 100: level=output; kpi_type=KAI; parent=Pemenuhan Sertifikasi Sesuai Permen 2 Tahun 2023 sesuai Tupoksi (Tugas Pokok dan Fungsi) Dept. Perencanaan; raw_total=10.0; output_total=10.0; cause=Raw Data Issue.
warning,DH Perencanaan Pengawasan Inter,,weight_audit,Department Head Perencanaan Pengawasan Intern,Weight total not 100: level=output; kpi_type=KAI; parent=Pemenuhan learning hours atas pelatihan terkait bidang audit; raw_total=10.0; output_total=10.0; cause=Raw Data Issue.
warning,DH Perencanaan Pengawasan Inter,,weight_audit,Department Head Perencanaan Pengawasan Intern,Weight total not 100: level=output; kpi_type=KAI; parent=Perencanaan  Kegiatan Sinergi Audit berdasarkan PKPT Terintegrasi; raw_total=25.0; output_total=25.0; cause=Raw Data Issue.
warning,DH Perencanaan Pengawasan Inter,,weight_audit,Department Head Perencanaan Pengawasan Intern,Weight total not 100: level=output; kpi_type=KAI; parent=Rata-rata penyelesaian audit plan sesuai PKPT; raw_total=25.0; output_total=25.0; cause=Raw Data Issue.
warning,DH Perencanaan Pengawasan Inter,,weight_audit,Department Head Perencanaan Pengawasan Intern,Weight total not 100: level=output; kpi_type=KAI; parent=SLA Pelaporan kegiatan SPI khusus Dept Perencanaan; raw_total=10.0; output_total=10.0; cause=Raw Data Issue.
info,DH MonEv Pengawasan Intern,9,IMPACT,Net Income,enum_issue category=normalized; field=Polarity; raw=Positif; normalized=POSITIVE; Polarity normalized to POSITIVE.
info,DH MonEv Pengawasan Intern,9,IMPACT,Net Income,enum_issue category=normalized; field=Period; raw=Triwulanan; normalized=TRIWULANAN; Period normalized to TRIWULANAN.
info,DH MonEv Pengawasan Intern,10,IMPACT,(ROIC > WACC) x Inv.Capital,enum_issue category=normalized; field=Polarity; raw=Positif; normalized=POSITIVE; Polarity normalized to POSITIVE.
info,DH MonEv Pengawasan Intern,10,IMPACT,(ROIC > WACC) x Inv.Capital,enum_issue category=normalized; field=Period; raw=Triwulanan; normalized=TRIWULANAN; Period normalized to TRIWULANAN.
info,DH MonEv Pengawasan Intern,11,IMPACT,Traffic Volume,enum_issue category=normalized; field=Polarity; raw=Positif; normalized=POSITIVE; Polarity normalized to POSITIVE.
info,DH MonEv Pengawasan Intern,11,IMPACT,Traffic Volume,enum_issue category=normalized; field=Period; raw=Triwulanan; normalized=TRIWULANAN; Period normalized to TRIWULANAN.
info,DH MonEv Pengawasan Intern,12,IMPACT,Total Productivity,enum_issue category=normalized; field=Polarity; raw=Positif; normalized=POSITIVE; Polarity normalized to POSITIVE.
info,DH MonEv Pengawasan Intern,12,IMPACT,Total Productivity,enum_issue category=normalized; field=Period; raw=Triwulanan; normalized=TRIWULANAN; Period normalized to TRIWULANAN.
info,DH MonEv Pengawasan Intern,13,IMPACT,Lost Time Injury Frequency Rate (LTIFR),enum_issue category=normalized; field=Polarity; raw=Negatif; normalized=NEGATIVE; Polarity normalized to NEGATIVE.
info,DH MonEv Pengawasan Intern,13,IMPACT,Lost Time Injury Frequency Rate (LTIFR),enum_issue category=normalized; field=Period; raw=Triwulanan; normalized=TRIWULANAN; Period normalized to TRIWULANAN.
info,DH MonEv Pengawasan Intern,14,IMPACT,Pengembangan Ekosistem Bali Maritime Tourism Hub (BMTH),enum_issue category=normalized; field=Polarity; raw=Positif; normalized=POSITIVE; Polarity normalized to POSITIVE.
info,DH MonEv Pengawasan Intern,14,IMPACT,Pengembangan Ekosistem Bali Maritime Tourism Hub (BMTH),enum_issue category=normalized; field=Period; raw=Triwulanan; normalized=TRIWULANAN; Period normalized to TRIWULANAN.
info,DH MonEv Pengawasan Intern,15,IMPACT,Number of KRI exceeding its risk tolerance limit,enum_issue category=normalized; field=Polarity; raw=Positif; normalized=POSITIVE; Polarity normalized to POSITIVE.
info,DH MonEv Pengawasan Intern,15,IMPACT,Number of KRI exceeding its risk tolerance limit,enum_issue category=normalized; field=Period; raw=Triwulanan; normalized=TRIWULANAN; Period normalized to TRIWULANAN.
info,DH MonEv Pengawasan Intern,20,IMPACT,ESG Rating,enum_issue category=normalized; field=Polarity; raw=Positif; normalized=POSITIVE; Polarity normalized to POSITIVE.
info,DH MonEv Pengawasan Intern,20,IMPACT,ESG Rating,enum_issue category=normalized; field=Period; raw=Tahunan; normalized=TAHUNAN; Period normalized to TAHUNAN.
info,DH MonEv Pengawasan Intern,21,IMPACT,Strategic Project Delivery,enum_issue category=normalized; field=Polarity; raw=Positif; normalized=POSITIVE; Polarity normalized to POSITIVE.
info,DH MonEv Pengawasan Intern,21,IMPACT,Strategic Project Delivery,enum_issue category=normalized; field=Period; raw=Triwulanan; normalized=TRIWULANAN; Period normalized to TRIWULANAN.
info,DH MonEv Pengawasan Intern,22,IMPACT,Manpower productivity (Revenue per total manpower),enum_issue category=normalized; field=Polarity; raw=Negatif; normalized=NEGATIVE; Polarity normalized to NEGATIVE.
info,DH MonEv Pengawasan Intern,22,IMPACT,Manpower productivity (Revenue per total manpower),enum_issue category=normalized; field=Period; raw=Triwulanan; normalized=TRIWULANAN; Period normalized to TRIWULANAN.
info,DH MonEv Pengawasan Intern,9,OUTPUT,Net Income,enum_issue category=normalized; field=Period; raw=Triwulanan; normalized=TRIWULANAN; Period normalized to TRIWULANAN.
info,DH MonEv Pengawasan Intern,9,OUTPUT,Net Income,enum_issue category=normalized; field=Polarity; raw=Positif; normalized=POSITIVE; Polarity normalized to POSITIVE.
info,DH MonEv Pengawasan Intern,15,OUTPUT,Enhancement dan Implementasi AMS,enum_issue category=normalized; field=Period; raw=Tahunan; normalized=TAHUNAN; Period normalized to TAHUNAN.
info,DH MonEv Pengawasan Intern,15,OUTPUT,Enhancement dan Implementasi AMS,enum_issue category=normalized; field=Polarity; raw=Positif; normalized=POSITIVE; Polarity normalized to POSITIVE.
info,DH MonEv Pengawasan Intern,16,OUTPUT,SLA Pelaporan kegiatan SPI khusus Dept MonEv,enum_issue category=normalized; field=Period; raw=Triwulanan; normalized=TRIWULANAN; Period normalized to TRIWULANAN.
info,DH MonEv Pengawasan Intern,16,OUTPUT,SLA Pelaporan kegiatan SPI khusus Dept MonEv,enum_issue category=normalized; field=Polarity; raw=Negatif; normalized=NEGATIVE; Polarity normalized to NEGATIVE.
info,DH MonEv Pengawasan Intern,17,OUTPUT,Rata-rata Penyelesaian Rekomendasi Audit Internal dan Eksternal,enum_issue category=normalized; field=Period; raw=Triwulanan; normalized=TRIWULANAN; Period normalized to TRIWULANAN.
info,DH MonEv Pengawasan Intern,17,OUTPUT,Rata-rata Penyelesaian Rekomendasi Audit Internal dan Eksternal,enum_issue category=normalized; field=Polarity; raw=Positif; normalized=POSITIVE; Polarity normalized to POSITIVE.
info,DH MonEv Pengawasan Intern,18,OUTPUT,Evaluasi atas Implementasi Pelaksanaan Audit sesuai PKPT,enum_issue category=normalized; field=Period; raw=Triwulanan; normalized=TRIWULANAN; Period normalized to TRIWULANAN.
info,DH MonEv Pengawasan Intern,18,OUTPUT,Evaluasi atas Implementasi Pelaksanaan Audit sesuai PKPT,enum_issue category=normalized; field=Polarity; raw=Positif; normalized=POSITIVE; Polarity normalized to POSITIVE.
info,DH MonEv Pengawasan Intern,19,OUTPUT,Evaluasi atas Implementasi Sinergi Bidang Audit Internal,enum_issue category=normalized; field=Period; raw=Triwulanan; normalized=TRIWULANAN; Period normalized to TRIWULANAN.
info,DH MonEv Pengawasan Intern,19,OUTPUT,Evaluasi atas Implementasi Sinergi Bidang Audit Internal,enum_issue category=normalized; field=Polarity; raw=Positif; normalized=POSITIVE; Polarity normalized to POSITIVE.
info,DH MonEv Pengawasan Intern,20,OUTPUT,Pelaksanaan Quality Assurance dalam rangka pemenuhan Permen BUMN,enum_issue category=normalized; field=Period; raw=Tahunan; normalized=TAHUNAN; Period normalized to TAHUNAN.
info,DH MonEv Pengawasan Intern,20,OUTPUT,Pelaksanaan Quality Assurance dalam rangka pemenuhan Permen BUMN,enum_issue category=normalized; field=Polarity; raw=Positif; normalized=POSITIVE; Polarity normalized to POSITIVE.
info,DH MonEv Pengawasan Intern,22,OUTPUT,Pemenuhan Sertifikasi Sesuai Permen 2 Tahun 2023 sesuai Tupoksi (Tugas Pokok dan Fungsi),enum_issue category=normalized; field=Period; raw=Tahunan; normalized=TAHUNAN; Period normalized to TAHUNAN.
info,DH MonEv Pengawasan Intern,22,OUTPUT,Pemenuhan Sertifikasi Sesuai Permen 2 Tahun 2023 sesuai Tupoksi (Tugas Pokok dan Fungsi),enum_issue category=normalized; field=Polarity; raw=Positif; normalized=POSITIVE; Polarity normalized to POSITIVE.
info,DH MonEv Pengawasan Intern,23,OUTPUT,Pemenuhan learning hours atas pelatihan terkait bidang audit,enum_issue category=normalized; field=Period; raw=Tahunan; normalized=TAHUNAN; Period normalized to TAHUNAN.
warning,DH MonEv Pengawasan Intern,23,OUTPUT,Pemenuhan learning hours atas pelatihan terkait bidang audit,enum_issue category=cross_column; field=Polarity; raw=INDIRECT; normalized=POSITIVE; Polarity contains cross-column value; defaulted to POSITIVE.
warning,DH MonEv Pengawasan Intern,23,OUTPUT,Pemenuhan learning hours atas pelatihan terkait bidang audit,enum_issue category=cross_column; field=Cascading; raw=SPECIFIC; normalized=INDIRECT; Cascading contains cross-column value; defaulted to INDIRECT.
warning,DH MonEv Pengawasan Intern,23,OUTPUT,Pemenuhan learning hours atas pelatihan terkait bidang audit,enum_issue category=cross_column; field=Ownership Type; raw=Non Routine; normalized=SPECIFIC; Ownership Type contains cross-column value; defaulted to SPECIFIC.
warning,DH MonEv Pengawasan Intern,9,KAI,Pengendalian Biaya pada Dept MonEv,KAI formula may not be percentage-based or is blank.
warning,DH MonEv Pengawasan Intern,22,KAI,ketepatan waktu penyusunan perencanaan pelatihan  profesional,KAI formula may not be percentage-based or is blank.
warning,DH MonEv Pengawasan Intern,23,KAI,Jumlah jam pelatihan audit yang diikuti,enum_issue category=cross_column; field=Nature Of Work; raw=Diunggah; normalized=Non Routine; KAI Nature contains cross-column value; inferred as Non Routine.
warning,DH MonEv Pengawasan Intern,23,KAI,Jumlah jam pelatihan audit yang diikuti,KAI formula may not be percentage-based or is blank.
warning,DH MonEv Pengawasan Intern,,weight_audit,Department Head Monitoring dan Evaluasi Pengawasan Intern,Weight total not 100: level=impact; kpi_type=OUTPUT; parent=ESG Rating; raw_total=15.0; output_total=15.0; cause=Raw Data Issue.
warning,DH MonEv Pengawasan Intern,,weight_audit,Department Head Monitoring dan Evaluasi Pengawasan Intern,Weight total not 100: level=impact; kpi_type=OUTPUT; parent=Manpower productivity (Revenue per total manpower); raw_total=20.0; output_total=20.0; cause=Raw Data Issue.
warning,DH MonEv Pengawasan Intern,,weight_audit,Department Head Monitoring dan Evaluasi Pengawasan Intern,Weight total not 100: level=impact; kpi_type=OUTPUT; parent=Net Income; raw_total=10.0; output_total=10.0; cause=Raw Data Issue.
warning,DH MonEv Pengawasan Intern,,weight_audit,Department Head Monitoring dan Evaluasi Pengawasan Intern,Weight total not 100: level=impact; kpi_type=OUTPUT; parent=Number of KRI exceeding its risk tolerance limit; raw_total=55.0; output_total=55.0; cause=Raw Data Issue.
warning,DH MonEv Pengawasan Intern,,weight_audit,Department Head Monitoring dan Evaluasi Pengawasan Intern,Weight total not 100: level=output; kpi_type=KAI; parent=Enhancement dan Implementasi AMS; raw_total=10.0; output_total=10.0; cause=Raw Data Issue.
warning,DH MonEv Pengawasan Intern,,weight_audit,Department Head Monitoring dan Evaluasi Pengawasan Intern,Weight total not 100: level=output; kpi_type=KAI; parent=Evaluasi atas Implementasi Pelaksanaan Audit sesuai PKPT; raw_total=10.0; output_total=10.0; cause=Raw Data Issue.
warning,DH MonEv Pengawasan Intern,,weight_audit,Department Head Monitoring dan Evaluasi Pengawasan Intern,Weight total not 100: level=output; kpi_type=KAI; parent=Evaluasi atas Implementasi Sinergi Bidang Audit Internal; raw_total=10.0; output_total=10.0; cause=Raw Data Issue.
warning,DH MonEv Pengawasan Intern,,weight_audit,Department Head Monitoring dan Evaluasi Pengawasan Intern,Weight total not 100: level=output; kpi_type=KAI; parent=Net Income; raw_total=10.0; output_total=10.0; cause=Raw Data Issue.
warning,DH MonEv Pengawasan Intern,,weight_audit,Department Head Monitoring dan Evaluasi Pengawasan Intern,Weight total not 100: level=output; kpi_type=KAI; parent=Pelaksanaan Quality Assurance dalam rangka pemenuhan Permen BUMN; raw_total=15.0; output_total=15.0; cause=Raw Data Issue.
warning,DH MonEv Pengawasan Intern,,weight_audit,Department Head Monitoring dan Evaluasi Pengawasan Intern,Weight total not 100: level=output; kpi_type=KAI; parent=Pemenuhan Sertifikasi Sesuai Permen 2 Tahun 2023 sesuai Tupoksi (Tugas Pokok dan Fungsi); raw_total=10.0; output_total=10.0; cause=Raw Data Issue.
warning,DH MonEv Pengawasan Intern,,weight_audit,Department Head Monitoring dan Evaluasi Pengawasan Intern,Weight total not 100: level=output; kpi_type=KAI; parent=Pemenuhan learning hours atas pelatihan terkait bidang audit; raw_total=10.0; output_total=10.0; cause=Raw Data Issue.
warning,DH MonEv Pengawasan Intern,,weight_audit,Department Head Monitoring dan Evaluasi Pengawasan Intern,Weight total not 100: level=output; kpi_type=KAI; parent=Rata-rata Penyelesaian Rekomendasi Audit Internal dan Eksternal; raw_total=15.0; output_total=15.0; cause=Raw Data Issue.
warning,DH MonEv Pengawasan Intern,,weight_audit,Department Head Monitoring dan Evaluasi Pengawasan Intern,Weight total not 100: level=output; kpi_type=KAI; parent=SLA Pelaporan kegiatan SPI khusus Dept MonEv; raw_total=10.0; output_total=10.0; cause=Raw Data Issue.
info,Manager Pendukung Administrasi ,9,IMPACT,Net Income,enum_issue category=normalized; field=Polarity; raw=Positif; normalized=POSITIVE; Polarity normalized to POSITIVE.
info,Manager Pendukung Administrasi ,9,IMPACT,Net Income,enum_issue category=normalized; field=Period; raw=Triwulanan; normalized=TRIWULANAN; Period normalized to TRIWULANAN.
info,Manager Pendukung Administrasi ,10,IMPACT,(ROIC > WACC) x Inv.Capital,enum_issue category=normalized; field=Polarity; raw=Positif; normalized=POSITIVE; Polarity normalized to POSITIVE.
info,Manager Pendukung Administrasi ,10,IMPACT,(ROIC > WACC) x Inv.Capital,enum_issue category=normalized; field=Period; raw=Triwulanan; normalized=TRIWULANAN; Period normalized to TRIWULANAN.
info,Manager Pendukung Administrasi ,11,IMPACT,Traffic Volume,enum_issue category=normalized; field=Polarity; raw=Positif; normalized=POSITIVE; Polarity normalized to POSITIVE.
info,Manager Pendukung Administrasi ,11,IMPACT,Traffic Volume,enum_issue category=normalized; field=Period; raw=Triwulanan; normalized=TRIWULANAN; Period normalized to TRIWULANAN.
info,Manager Pendukung Administrasi ,12,IMPACT,Total Productivity,enum_issue category=normalized; field=Polarity; raw=Positif; normalized=POSITIVE; Polarity normalized to POSITIVE.
info,Manager Pendukung Administrasi ,12,IMPACT,Total Productivity,enum_issue category=normalized; field=Period; raw=Triwulanan; normalized=TRIWULANAN; Period normalized to TRIWULANAN.
info,Manager Pendukung Administrasi ,13,IMPACT,Lost Time Injury Frequency Rate (LTIFR),enum_issue category=normalized; field=Polarity; raw=Negatif; normalized=NEGATIVE; Polarity normalized to NEGATIVE.
info,Manager Pendukung Administrasi ,13,IMPACT,Lost Time Injury Frequency Rate (LTIFR),enum_issue category=normalized; field=Period; raw=Triwulanan; normalized=TRIWULANAN; Period normalized to TRIWULANAN.
info,Manager Pendukung Administrasi ,14,IMPACT,Pengembangan Ekosistem Bali Maritime Tourism Hub (BMTH),enum_issue category=normalized; field=Polarity; raw=Positif; normalized=POSITIVE; Polarity normalized to POSITIVE.
info,Manager Pendukung Administrasi ,14,IMPACT,Pengembangan Ekosistem Bali Maritime Tourism Hub (BMTH),enum_issue category=normalized; field=Period; raw=Triwulanan; normalized=TRIWULANAN; Period normalized to TRIWULANAN.
info,Manager Pendukung Administrasi ,15,IMPACT,Number of KRI exceeding its risk tolerance limit,enum_issue category=normalized; field=Polarity; raw=Negatif; normalized=NEGATIVE; Polarity normalized to NEGATIVE.
info,Manager Pendukung Administrasi ,15,IMPACT,Number of KRI exceeding its risk tolerance limit,enum_issue category=normalized; field=Period; raw=Triwulanan; normalized=TRIWULANAN; Period normalized to TRIWULANAN.
info,Manager Pendukung Administrasi ,19,IMPACT,Strategic Project Delivery,enum_issue category=normalized; field=Polarity; raw=Positif; normalized=POSITIVE; Polarity normalized to POSITIVE.
info,Manager Pendukung Administrasi ,19,IMPACT,Strategic Project Delivery,enum_issue category=normalized; field=Period; raw=Triwulanan; normalized=TRIWULANAN; Period normalized to TRIWULANAN.
info,Manager Pendukung Administrasi ,20,IMPACT,Manpower productivity (Revenue per total manpower),enum_issue category=normalized; field=Polarity; raw=Positif; normalized=POSITIVE; Polarity normalized to POSITIVE.
info,Manager Pendukung Administrasi ,20,IMPACT,Manpower productivity (Revenue per total manpower),enum_issue category=normalized; field=Period; raw=Triwulanan; normalized=TRIWULANAN; Period normalized to TRIWULANAN.
info,Manager Pendukung Administrasi ,21,IMPACT,ESG Rating,enum_issue category=normalized; field=Polarity; raw=Positif; normalized=POSITIVE; Polarity normalized to POSITIVE.
info,Manager Pendukung Administrasi ,21,IMPACT,ESG Rating,enum_issue category=normalized; field=Period; raw=Tahunan; normalized=TAHUNAN; Period normalized to TAHUNAN.
info,Manager Pendukung Administrasi ,9,OUTPUT,Net Income,enum_issue category=normalized; field=Period; raw=Triwulanan; normalized=TRIWULANAN; Period normalized to TRIWULANAN.
info,Manager Pendukung Administrasi ,9,OUTPUT,Net Income,enum_issue category=normalized; field=Polarity; raw=Positif; normalized=POSITIVE; Polarity normalized to POSITIVE.
info,Manager Pendukung Administrasi ,13,OUTPUT,Koordinasi dan Komunikasi  dengan Pihak Eksternal terkait Pengawasan,enum_issue category=normalized; field=Period; raw=Triwulanan; normalized=TRIWULANAN; Period normalized to TRIWULANAN.
info,Manager Pendukung Administrasi ,13,OUTPUT,Koordinasi dan Komunikasi  dengan Pihak Eksternal terkait Pengawasan,enum_issue category=normalized; field=Polarity; raw=Positif; normalized=POSITIVE; Polarity normalized to POSITIVE.
warning,Manager Pendukung Administrasi ,13,OUTPUT,Koordinasi dan Komunikasi  dengan Pihak Eksternal terkait Pengawasan,enum_issue category=defaulted; field=Ownership Type; raw=(blank); normalized=SPECIFIC; Ownership Type defaulted to SPECIFIC.
info,Manager Pendukung Administrasi ,15,OUTPUT,SLA Pelaporan kegiatan SPI,enum_issue category=normalized; field=Period; raw=Triwulanan; normalized=TRIWULANAN; Period normalized to TRIWULANAN.
info,Manager Pendukung Administrasi ,15,OUTPUT,SLA Pelaporan kegiatan SPI,enum_issue category=normalized; field=Polarity; raw=Negatif; normalized=NEGATIVE; Polarity normalized to NEGATIVE.
info,Manager Pendukung Administrasi ,16,OUTPUT,Rata-rata Penyelesaian Rekomendasi Audit Internal dan Eksternal,enum_issue category=normalized; field=Period; raw=Triwulanan; normalized=TRIWULANAN; Period normalized to TRIWULANAN.
info,Manager Pendukung Administrasi ,16,OUTPUT,Rata-rata Penyelesaian Rekomendasi Audit Internal dan Eksternal,enum_issue category=normalized; field=Polarity; raw=Positif; normalized=POSITIVE; Polarity normalized to POSITIVE.
info,Manager Pendukung Administrasi ,17,OUTPUT,Rasio pemenuhan kualifikasi organ pengelola risiko,enum_issue category=normalized; field=Period; raw=Tahunan; normalized=TAHUNAN; Period normalized to TAHUNAN.
info,Manager Pendukung Administrasi ,17,OUTPUT,Rasio pemenuhan kualifikasi organ pengelola risiko,enum_issue category=normalized; field=Polarity; raw=Positif; normalized=POSITIVE; Polarity normalized to POSITIVE.
warning,Manager Pendukung Administrasi ,17,OUTPUT,Rasio pemenuhan kualifikasi organ pengelola risiko,enum_issue category=defaulted; field=Ownership Type; raw=(blank); normalized=SPECIFIC; Ownership Type defaulted to SPECIFIC.
info,Manager Pendukung Administrasi ,18,OUTPUT,Pemenuhan Sertifikasi Sesuai Permen 2 Tahun 2023 sesuai Tupoksi (Tugas Pokok dan Fungsi),enum_issue category=normalized; field=Period; raw=Tahunan; normalized=TAHUNAN; Period normalized to TAHUNAN.
info,Manager Pendukung Administrasi ,18,OUTPUT,Pemenuhan Sertifikasi Sesuai Permen 2 Tahun 2023 sesuai Tupoksi (Tugas Pokok dan Fungsi),enum_issue category=normalized; field=Polarity; raw=Positif; normalized=POSITIVE; Polarity normalized to POSITIVE.
info,Manager Pendukung Administrasi ,20,OUTPUT,Pemenuhan learning hours atas pelatihan terkait bidang audit,enum_issue category=normalized; field=Period; raw=Tahunan; normalized=TAHUNAN; Period normalized to TAHUNAN.
warning,Manager Pendukung Administrasi ,20,OUTPUT,Pemenuhan learning hours atas pelatihan terkait bidang audit,enum_issue category=cross_column; field=Polarity; raw=INDIRECT; normalized=POSITIVE; Polarity contains cross-column value; defaulted to POSITIVE.
warning,Manager Pendukung Administrasi ,20,OUTPUT,Pemenuhan learning hours atas pelatihan terkait bidang audit,enum_issue category=cross_column; field=Cascading; raw=SPECIFIC; normalized=INDIRECT; Cascading contains cross-column value; defaulted to INDIRECT.
warning,Manager Pendukung Administrasi ,20,OUTPUT,Pemenuhan learning hours atas pelatihan terkait bidang audit,enum_issue category=cross_column; field=Ownership Type; raw=Non Routine; normalized=SPECIFIC; Ownership Type contains cross-column value; defaulted to SPECIFIC.
info,Manager Pendukung Administrasi ,21,OUTPUT,Pelaksanaan Quality Assurance dalam rangka pemenuhan Permen BUMN,enum_issue category=normalized; field=Period; raw=Tahunan; normalized=TAHUNAN; Period normalized to TAHUNAN.
warning,Manager Pendukung Administrasi ,21,OUTPUT,Pelaksanaan Quality Assurance dalam rangka pemenuhan Permen BUMN,enum_issue category=cross_column; field=Polarity; raw=DUPLICATE; normalized=POSITIVE; Polarity contains cross-column value; defaulted to POSITIVE.
warning,Manager Pendukung Administrasi ,21,OUTPUT,Pelaksanaan Quality Assurance dalam rangka pemenuhan Permen BUMN,enum_issue category=cross_column; field=Cascading; raw=SPECIFIC; normalized=INDIRECT; Cascading contains cross-column value; defaulted to INDIRECT.
warning,Manager Pendukung Administrasi ,21,OUTPUT,Pelaksanaan Quality Assurance dalam rangka pemenuhan Permen BUMN,enum_issue category=cross_column; field=Ownership Type; raw=Non Routine; normalized=SPECIFIC; Ownership Type contains cross-column value; defaulted to SPECIFIC.
warning,Manager Pendukung Administrasi ,9,KAI,Pengendalian Biaya pada group SPI,KAI formula may not be percentage-based or is blank.
warning,Manager Pendukung Administrasi ,13,KAI,Jumlah Rapat Koordinasi dengan Pihak Eksternal terkait Pengawasan,KAI formula may not be percentage-based or is blank.
warning,Manager Pendukung Administrasi ,18,KAI,Pelaksanaan Audit Internal dan Evaluasi Kesiapan Sertifikasi,KAI formula may not be percentage-based or is blank.
warning,Manager Pendukung Administrasi ,20,KAI,Jumlah jam pelatihan audit yang diikuti,enum_issue category=cross_column; field=Nature Of Work; raw=Diunggah; normalized=Non Routine; KAI Nature contains cross-column value; inferred as Non Routine.
warning,Manager Pendukung Administrasi ,20,KAI,Jumlah jam pelatihan audit yang diikuti,KAI formula may not be percentage-based or is blank.
warning,Manager Pendukung Administrasi ,,weight_audit,Manager Pendukung Administrasi & Hubungan Antar Lembaga Bidang Pengawasan,Weight total not 100: level=impact; kpi_type=OUTPUT; parent=ESG Rating; raw_total=10.0; output_total=10.0; cause=Raw Data Issue.
warning,Manager Pendukung Administrasi ,,weight_audit,Manager Pendukung Administrasi & Hubungan Antar Lembaga Bidang Pengawasan,Weight total not 100: level=impact; kpi_type=OUTPUT; parent=Lost Time Injury Frequency Rate (LTIFR); raw_total=15.0; output_total=15.0; cause=Raw Data Issue.
warning,Manager Pendukung Administrasi ,,weight_audit,Manager Pendukung Administrasi & Hubungan Antar Lembaga Bidang Pengawasan,Weight total not 100: level=impact; kpi_type=OUTPUT; parent=Manpower productivity (Revenue per total manpower); raw_total=10.0; output_total=10.0; cause=Raw Data Issue.
warning,Manager Pendukung Administrasi ,,weight_audit,Manager Pendukung Administrasi & Hubungan Antar Lembaga Bidang Pengawasan,Weight total not 100: level=impact; kpi_type=OUTPUT; parent=Net Income; raw_total=10.0; output_total=10.0; cause=Raw Data Issue.
warning,Manager Pendukung Administrasi ,,weight_audit,Manager Pendukung Administrasi & Hubungan Antar Lembaga Bidang Pengawasan,Weight total not 100: level=impact; kpi_type=OUTPUT; parent=Number of KRI exceeding its risk tolerance limit; raw_total=55.0; output_total=55.0; cause=Raw Data Issue.
warning,Manager Pendukung Administrasi ,,weight_audit,Manager Pendukung Administrasi & Hubungan Antar Lembaga Bidang Pengawasan,Weight total not 100: level=output; kpi_type=KAI; parent=Koordinasi dan Komunikasi  dengan Pihak Eksternal terkait Pengawasan; raw_total=15.0; output_total=15.0; cause=Raw Data Issue.
warning,Manager Pendukung Administrasi ,,weight_audit,Manager Pendukung Administrasi & Hubungan Antar Lembaga Bidang Pengawasan,Weight total not 100: level=output; kpi_type=KAI; parent=Net Income; raw_total=10.0; output_total=10.0; cause=Raw Data Issue.
warning,Manager Pendukung Administrasi ,,weight_audit,Manager Pendukung Administrasi & Hubungan Antar Lembaga Bidang Pengawasan,Weight total not 100: level=output; kpi_type=KAI; parent=Pelaksanaan Quality Assurance dalam rangka pemenuhan Permen BUMN; raw_total=10.0; output_total=10.0; cause=Raw Data Issue.
warning,Manager Pendukung Administrasi ,,weight_audit,Manager Pendukung Administrasi & Hubungan Antar Lembaga Bidang Pengawasan,Weight total not 100: level=output; kpi_type=KAI; parent=Pemenuhan Sertifikasi Sesuai Permen 2 Tahun 2023 sesuai Tupoksi (Tugas Pokok dan Fungsi); raw_total=15.0; output_total=15.0; cause=Raw Data Issue.
warning,Manager Pendukung Administrasi ,,weight_audit,Manager Pendukung Administrasi & Hubungan Antar Lembaga Bidang Pengawasan,Weight total not 100: level=output; kpi_type=KAI; parent=Pemenuhan learning hours atas pelatihan terkait bidang audit; raw_total=10.0; output_total=10.0; cause=Raw Data Issue.
warning,Manager Pendukung Administrasi ,,weight_audit,Manager Pendukung Administrasi & Hubungan Antar Lembaga Bidang Pengawasan,Weight total not 100: level=output; kpi_type=KAI; parent=Rasio pemenuhan kualifikasi organ pengelola risiko; raw_total=15.0; output_total=15.0; cause=Raw Data Issue.
warning,Manager Pendukung Administrasi ,,weight_audit,Manager Pendukung Administrasi & Hubungan Antar Lembaga Bidang Pengawasan,Weight total not 100: level=output; kpi_type=KAI; parent=Rata-rata Penyelesaian Rekomendasi Audit Internal dan Eksternal; raw_total=15.0; output_total=15.0; cause=Raw Data Issue.
warning,Manager Pendukung Administrasi ,,weight_audit,Manager Pendukung Administrasi & Hubungan Antar Lembaga Bidang Pengawasan,Weight total not 100: level=output; kpi_type=KAI; parent=SLA Pelaporan kegiatan SPI; raw_total=10.0; output_total=10.0; cause=Raw Data Issue.
info,Expert Auditor,9,IMPACT,Net Income,enum_issue category=normalized; field=Polarity; raw=Positif; normalized=POSITIVE; Polarity normalized to POSITIVE.
info,Expert Auditor,9,IMPACT,Net Income,enum_issue category=normalized; field=Period; raw=Triwulanan; normalized=TRIWULANAN; Period normalized to TRIWULANAN.
info,Expert Auditor,10,IMPACT,(ROIC > WACC) x Inv.Capital,enum_issue category=normalized; field=Polarity; raw=Positif; normalized=POSITIVE; Polarity normalized to POSITIVE.
info,Expert Auditor,10,IMPACT,(ROIC > WACC) x Inv.Capital,enum_issue category=normalized; field=Period; raw=Triwulanan; normalized=TRIWULANAN; Period normalized to TRIWULANAN.
info,Expert Auditor,11,IMPACT,Traffic Volume,enum_issue category=normalized; field=Polarity; raw=Positif; normalized=POSITIVE; Polarity normalized to POSITIVE.
info,Expert Auditor,11,IMPACT,Traffic Volume,enum_issue category=normalized; field=Period; raw=Triwulanan; normalized=TRIWULANAN; Period normalized to TRIWULANAN.
info,Expert Auditor,12,IMPACT,Total Productivity,enum_issue category=normalized; field=Polarity; raw=Positif; normalized=POSITIVE; Polarity normalized to POSITIVE.
info,Expert Auditor,12,IMPACT,Total Productivity,enum_issue category=normalized; field=Period; raw=Triwulanan; normalized=TRIWULANAN; Period normalized to TRIWULANAN.
info,Expert Auditor,13,IMPACT,Lost Time Injury Frequency Rate (LTIFR),enum_issue category=normalized; field=Polarity; raw=Negatif; normalized=NEGATIVE; Polarity normalized to NEGATIVE.
info,Expert Auditor,13,IMPACT,Lost Time Injury Frequency Rate (LTIFR),enum_issue category=normalized; field=Period; raw=Triwulanan; normalized=TRIWULANAN; Period normalized to TRIWULANAN.
info,Expert Auditor,14,IMPACT,Pengembangan Ekosistem Bali Maritime Tourism Hub (BMTH),enum_issue category=normalized; field=Polarity; raw=Positif; normalized=POSITIVE; Polarity normalized to POSITIVE.
info,Expert Auditor,14,IMPACT,Pengembangan Ekosistem Bali Maritime Tourism Hub (BMTH),enum_issue category=normalized; field=Period; raw=Triwulanan; normalized=TRIWULANAN; Period normalized to TRIWULANAN.
info,Expert Auditor,15,IMPACT,Number of KRI exceeding its risk tolerance limit,enum_issue category=normalized; field=Polarity; raw=Negatif; normalized=NEGATIVE; Polarity normalized to NEGATIVE.
info,Expert Auditor,15,IMPACT,Number of KRI exceeding its risk tolerance limit,enum_issue category=normalized; field=Period; raw=Triwulanan; normalized=TRIWULANAN; Period normalized to TRIWULANAN.
info,Expert Auditor,23,IMPACT,ESG Rating,enum_issue category=normalized; field=Polarity; raw=Positif; normalized=POSITIVE; Polarity normalized to POSITIVE.
info,Expert Auditor,23,IMPACT,ESG Rating,enum_issue category=normalized; field=Period; raw=Tahunan; normalized=TAHUNAN; Period normalized to TAHUNAN.
info,Expert Auditor,24,IMPACT,Strategic Project Delivery,enum_issue category=normalized; field=Polarity; raw=Positif; normalized=POSITIVE; Polarity normalized to POSITIVE.
info,Expert Auditor,24,IMPACT,Strategic Project Delivery,enum_issue category=normalized; field=Period; raw=Triwulanan; normalized=TRIWULANAN; Period normalized to TRIWULANAN.
info,Expert Auditor,25,IMPACT,Manpower productivity (Revenue per total manpower),enum_issue category=normalized; field=Polarity; raw=Positif; normalized=POSITIVE; Polarity normalized to POSITIVE.
info,Expert Auditor,25,IMPACT,Manpower productivity (Revenue per total manpower),enum_issue category=normalized; field=Period; raw=Triwulanan; normalized=TRIWULANAN; Period normalized to TRIWULANAN.
info,Expert Auditor,15,OUTPUT,Pemenuhan Sertifikasi sesuai Permen 2 Tahun Tahun 2023,enum_issue category=normalized; field=Period; raw=Tahunan; normalized=TAHUNAN; Period normalized to TAHUNAN.
info,Expert Auditor,15,OUTPUT,Pemenuhan Sertifikasi sesuai Permen 2 Tahun Tahun 2023,enum_issue category=normalized; field=Polarity; raw=Positif; normalized=POSITIVE; Polarity normalized to POSITIVE.
info,Expert Auditor,17,OUTPUT,Melakukan Kegiatan Audit sesuai PKPT,enum_issue category=normalized; field=Period; raw=Tahunan; normalized=TAHUNAN; Period normalized to TAHUNAN.
info,Expert Auditor,17,OUTPUT,Melakukan Kegiatan Audit sesuai PKPT,enum_issue category=normalized; field=Polarity; raw=Positif; normalized=POSITIVE; Polarity normalized to POSITIVE.
info,Expert Auditor,18,OUTPUT,Pendampingan Monitoring Tindak Lanjut Internal Eksternal,enum_issue category=normalized; field=Period; raw=Tahunan; normalized=TAHUNAN; Period normalized to TAHUNAN.
info,Expert Auditor,18,OUTPUT,Pendampingan Monitoring Tindak Lanjut Internal Eksternal,enum_issue category=normalized; field=Polarity; raw=Positif; normalized=POSITIVE; Polarity normalized to POSITIVE.
info,Expert Auditor,19,OUTPUT,Implementasi Audit menggunakan AMS,enum_issue category=normalized; field=Period; raw=triwulanan; normalized=TRIWULANAN; Period normalized to TRIWULANAN.
info,Expert Auditor,19,OUTPUT,Implementasi Audit menggunakan AMS,enum_issue category=normalized; field=Polarity; raw=Positif; normalized=POSITIVE; Polarity normalized to POSITIVE.
info,Expert Auditor,20,OUTPUT,Kualitas Penulisan Laporan Hasil Audit,enum_issue category=normalized; field=Period; raw=Bulanan; normalized=BULANAN; Period normalized to BULANAN.
info,Expert Auditor,20,OUTPUT,Kualitas Penulisan Laporan Hasil Audit,enum_issue category=normalized; field=Polarity; raw=Positif; normalized=POSITIVE; Polarity normalized to POSITIVE.
info,Expert Auditor,21,OUTPUT,Progres Penyelesaian Audit Program,enum_issue category=normalized; field=Period; raw=Bulanan; normalized=BULANAN; Period normalized to BULANAN.
info,Expert Auditor,21,OUTPUT,Progres Penyelesaian Audit Program,enum_issue category=normalized; field=Polarity; raw=Positif; normalized=POSITIVE; Polarity normalized to POSITIVE.
info,Expert Auditor,22,OUTPUT,Mendukung Pencapaian Target Group SPI,enum_issue category=normalized; field=Period; raw=Triwulanan; normalized=TRIWULANAN; Period normalized to TRIWULANAN.
info,Expert Auditor,22,OUTPUT,Mendukung Pencapaian Target Group SPI,enum_issue category=normalized; field=Polarity; raw=Positif; normalized=POSITIVE; Polarity normalized to POSITIVE.
info,Expert Auditor,25,OUTPUT,Melakukan pelatihan terkait bidang audit,enum_issue category=normalized; field=Period; raw=Tahunan; normalized=TAHUNAN; Period normalized to TAHUNAN.
info,Expert Auditor,25,OUTPUT,Melakukan pelatihan terkait bidang audit,enum_issue category=normalized; field=Polarity; raw=Positif; normalized=POSITIVE; Polarity normalized to POSITIVE.
warning,Expert Auditor,18,KAI,Frekuensi Pelaksanaan Rapat Pendampingan Monitoring Tindak Lanjut,KAI formula may not be percentage-based or is blank.
warning,Expert Auditor,25,KAI,Jumlah jam pelatihan audit yang diikuti,KAI formula may not be percentage-based or is blank.
warning,Expert Auditor,,weight_audit,Expert Auditor,Weight total not 100: level=impact; kpi_type=OUTPUT; parent=Manpower productivity (Revenue per total manpower); raw_total=5.0; output_total=5.0; cause=Raw Data Issue.
warning,Expert Auditor,,weight_audit,Expert Auditor,Weight total not 100: level=impact; kpi_type=OUTPUT; parent=Number of KRI exceeding its risk tolerance limit; raw_total=85.0; output_total=85.0; cause=Raw Data Issue.
warning,Expert Auditor,,weight_audit,Expert Auditor,Weight total not 100: level=output; kpi_type=KAI; parent=Implementasi Audit menggunakan AMS; raw_total=15.0; output_total=15.0; cause=Raw Data Issue.
warning,Expert Auditor,,weight_audit,Expert Auditor,Weight total not 100: level=output; kpi_type=KAI; parent=Kualitas Penulisan Laporan Hasil Audit; raw_total=15.0; output_total=15.0; cause=Raw Data Issue.
warning,Expert Auditor,,weight_audit,Expert Auditor,Weight total not 100: level=output; kpi_type=KAI; parent=Melakukan Kegiatan Audit sesuai PKPT; raw_total=15.0; output_total=15.0; cause=Raw Data Issue.
warning,Expert Auditor,,weight_audit,Expert Auditor,Weight total not 100: level=output; kpi_type=KAI; parent=Melakukan pelatihan terkait bidang audit; raw_total=5.0; output_total=5.0; cause=Raw Data Issue.
warning,Expert Auditor,,weight_audit,Expert Auditor,Weight total not 100: level=output; kpi_type=KAI; parent=Mendukung Pencapaian Target Group SPI; raw_total=5.0; output_total=5.0; cause=Raw Data Issue.
warning,Expert Auditor,,weight_audit,Expert Auditor,Weight total not 100: level=output; kpi_type=KAI; parent=Pemenuhan Sertifikasi sesuai Permen 2 Tahun Tahun 2023; raw_total=10.0; output_total=10.0; cause=Raw Data Issue.
warning,Expert Auditor,,weight_audit,Expert Auditor,Weight total not 100: level=output; kpi_type=KAI; parent=Pendampingan Monitoring Tindak Lanjut Internal Eksternal; raw_total=15.0; output_total=15.0; cause=Raw Data Issue.
warning,Expert Auditor,,weight_audit,Expert Auditor,Weight total not 100: level=output; kpi_type=KAI; parent=Progres Penyelesaian Audit Program; raw_total=10.0; output_total=10.0; cause=Raw Data Issue.
warning,Expert Auditor,,weight_audit,Expert Auditor,Weight total not 100: level=position; kpi_type=KAI; raw_total=90.0; output_total=90.0; cause=Raw Data Issue.
warning,Expert Auditor,,weight_audit,Expert Auditor,Weight total not 100: level=position; kpi_type=OUTPUT; raw_total=90.0; output_total=90.0; cause=Raw Data Issue.
info,Officer Pendukung Administrasi,9,IMPACT,Net Income,enum_issue category=normalized; field=Polarity; raw=Positif; normalized=POSITIVE; Polarity normalized to POSITIVE.
info,Officer Pendukung Administrasi,9,IMPACT,Net Income,enum_issue category=normalized; field=Period; raw=Triwulanan; normalized=TRIWULANAN; Period normalized to TRIWULANAN.
info,Officer Pendukung Administrasi,10,IMPACT,(ROIC > WACC) x Inv.Capital,enum_issue category=normalized; field=Polarity; raw=Positif; normalized=POSITIVE; Polarity normalized to POSITIVE.
info,Officer Pendukung Administrasi,10,IMPACT,(ROIC > WACC) x Inv.Capital,enum_issue category=normalized; field=Period; raw=Triwulanan; normalized=TRIWULANAN; Period normalized to TRIWULANAN.
info,Officer Pendukung Administrasi,11,IMPACT,Traffic Volume,enum_issue category=normalized; field=Polarity; raw=Positif; normalized=POSITIVE; Polarity normalized to POSITIVE.
info,Officer Pendukung Administrasi,11,IMPACT,Traffic Volume,enum_issue category=normalized; field=Period; raw=Triwulanan; normalized=TRIWULANAN; Period normalized to TRIWULANAN.
info,Officer Pendukung Administrasi,12,IMPACT,Total Productivity,enum_issue category=normalized; field=Polarity; raw=Positif; normalized=POSITIVE; Polarity normalized to POSITIVE.
info,Officer Pendukung Administrasi,12,IMPACT,Total Productivity,enum_issue category=normalized; field=Period; raw=Triwulanan; normalized=TRIWULANAN; Period normalized to TRIWULANAN.
info,Officer Pendukung Administrasi,13,IMPACT,Lost Time Injury Frequency Rate (LTIFR),enum_issue category=normalized; field=Polarity; raw=Negatif; normalized=NEGATIVE; Polarity normalized to NEGATIVE.
info,Officer Pendukung Administrasi,13,IMPACT,Lost Time Injury Frequency Rate (LTIFR),enum_issue category=normalized; field=Period; raw=Triwulanan; normalized=TRIWULANAN; Period normalized to TRIWULANAN.
info,Officer Pendukung Administrasi,14,IMPACT,Pengembangan Ekosistem Bali Maritime Tourism Hub (BMTH),enum_issue category=normalized; field=Polarity; raw=Positif; normalized=POSITIVE; Polarity normalized to POSITIVE.
info,Officer Pendukung Administrasi,14,IMPACT,Pengembangan Ekosistem Bali Maritime Tourism Hub (BMTH),enum_issue category=normalized; field=Period; raw=Triwulanan; normalized=TRIWULANAN; Period normalized to TRIWULANAN.
info,Officer Pendukung Administrasi,15,IMPACT,Number of KRI exceeding its risk tolerance limit,enum_issue category=normalized; field=Polarity; raw=Negatif; normalized=NEGATIVE; Polarity normalized to NEGATIVE.
info,Officer Pendukung Administrasi,15,IMPACT,Number of KRI exceeding its risk tolerance limit,enum_issue category=normalized; field=Period; raw=Triwulanan; normalized=TRIWULANAN; Period normalized to TRIWULANAN.
info,Officer Pendukung Administrasi,19,IMPACT,ESG Rating,enum_issue category=normalized; field=Polarity; raw=Positif; normalized=POSITIVE; Polarity normalized to POSITIVE.
info,Officer Pendukung Administrasi,19,IMPACT,ESG Rating,enum_issue category=normalized; field=Period; raw=Tahunan; normalized=TAHUNAN; Period normalized to TAHUNAN.
info,Officer Pendukung Administrasi,20,IMPACT,Strategic Project Delivery,enum_issue category=normalized; field=Polarity; raw=Positif; normalized=POSITIVE; Polarity normalized to POSITIVE.
info,Officer Pendukung Administrasi,20,IMPACT,Strategic Project Delivery,enum_issue category=normalized; field=Period; raw=Triwulanan; normalized=TRIWULANAN; Period normalized to TRIWULANAN.
info,Officer Pendukung Administrasi,21,IMPACT,Manpower productivity (Revenue per total manpower),enum_issue category=normalized; field=Polarity; raw=Positif; normalized=POSITIVE; Polarity normalized to POSITIVE.
info,Officer Pendukung Administrasi,21,IMPACT,Manpower productivity (Revenue per total manpower),enum_issue category=normalized; field=Period; raw=Triwulanan; normalized=TRIWULANAN; Period normalized to TRIWULANAN.
info,Officer Pendukung Administrasi,12,OUTPUT,jumlah penugasan lintas fungsi,enum_issue category=normalized; field=Period; raw=Tahunan; normalized=TAHUNAN; Period normalized to TAHUNAN.
info,Officer Pendukung Administrasi,12,OUTPUT,jumlah penugasan lintas fungsi,enum_issue category=normalized; field=Polarity; raw=Positif; normalized=POSITIVE; Polarity normalized to POSITIVE.
info,Officer Pendukung Administrasi,13,OUTPUT,Koordinasi dan Komunikasi  dengan Pihak Eksternal terkait Pengawasan,enum_issue category=normalized; field=Period; raw=Triwulanan; normalized=TRIWULANAN; Period normalized to TRIWULANAN.
info,Officer Pendukung Administrasi,13,OUTPUT,Koordinasi dan Komunikasi  dengan Pihak Eksternal terkait Pengawasan,enum_issue category=normalized; field=Polarity; raw=Positif; normalized=POSITIVE; Polarity normalized to POSITIVE.
warning,Officer Pendukung Administrasi,13,OUTPUT,Koordinasi dan Komunikasi  dengan Pihak Eksternal terkait Pengawasan,enum_issue category=defaulted; field=Ownership Type; raw=(blank); normalized=SPECIFIC; Ownership Type defaulted to SPECIFIC.
info,Officer Pendukung Administrasi,15,OUTPUT,SLA Pelaporan kegiatan SPI,enum_issue category=normalized; field=Period; raw=Triwulanan; normalized=TRIWULANAN; Period normalized to TRIWULANAN.
info,Officer Pendukung Administrasi,15,OUTPUT,SLA Pelaporan kegiatan SPI,enum_issue category=normalized; field=Polarity; raw=Negatif; normalized=NEGATIVE; Polarity normalized to NEGATIVE.
info,Officer Pendukung Administrasi,16,OUTPUT,Rasio pemenuhan kualifikasi organ pengelola risiko,enum_issue category=normalized; field=Period; raw=Tahunan; normalized=TAHUNAN; Period normalized to TAHUNAN.
info,Officer Pendukung Administrasi,16,OUTPUT,Rasio pemenuhan kualifikasi organ pengelola risiko,enum_issue category=normalized; field=Polarity; raw=Positif; normalized=POSITIVE; Polarity normalized to POSITIVE.
warning,Officer Pendukung Administrasi,16,OUTPUT,Rasio pemenuhan kualifikasi organ pengelola risiko,enum_issue category=defaulted; field=Ownership Type; raw=(blank); normalized=SPECIFIC; Ownership Type defaulted to SPECIFIC.
info,Officer Pendukung Administrasi,17,OUTPUT,Pemenuhan Sertifikasi Sesuai Permen 2 Tahun 2023 sesuai Tupoksi (Tugas Pokok dan Fungsi),enum_issue category=normalized; field=Period; raw=Tahunan; normalized=TAHUNAN; Period normalized to TAHUNAN.
info,Officer Pendukung Administrasi,17,OUTPUT,Pemenuhan Sertifikasi Sesuai Permen 2 Tahun 2023 sesuai Tupoksi (Tugas Pokok dan Fungsi),enum_issue category=normalized; field=Polarity; raw=Positif; normalized=POSITIVE; Polarity normalized to POSITIVE.
info,Officer Pendukung Administrasi,18,OUTPUT,Administrasi Hubaga (Hubungan antar lembaga),enum_issue category=normalized; field=Period; raw=Semester; normalized=SEMESTER; Period normalized to SEMESTER.
info,Officer Pendukung Administrasi,18,OUTPUT,Administrasi Hubaga (Hubungan antar lembaga),enum_issue category=normalized; field=Polarity; raw=Positif; normalized=POSITIVE; Polarity normalized to POSITIVE.
info,Officer Pendukung Administrasi,21,OUTPUT,Pemenuhan learning hours atas pelatihan terkait bidang audit,enum_issue category=normalized; field=Period; raw=Tahunan; normalized=TAHUNAN; Period normalized to TAHUNAN.
info,Officer Pendukung Administrasi,21,OUTPUT,Pemenuhan learning hours atas pelatihan terkait bidang audit,enum_issue category=normalized; field=Polarity; raw=Positif; normalized=POSITIVE; Polarity normalized to POSITIVE.
warning,Officer Pendukung Administrasi,13,KAI,Jumlah Rapat Koordinasi dengan Pihak Eksternal terkait Pengawasan,KAI formula may not be percentage-based or is blank.
warning,Officer Pendukung Administrasi,17,KAI,Pelaksanaan Audit Internal dan Evaluasi Kesiapan Sertifikasi,KAI formula may not be percentage-based or is blank.
warning,Officer Pendukung Administrasi,21,KAI,Jumlah jam pelatihan audit yang diikuti,KAI formula may not be percentage-based or is blank.
warning,Officer Pendukung Administrasi,,weight_audit,Officer Pendukung Administrasi,Weight total not 100: level=impact; kpi_type=OUTPUT; parent=Lost Time Injury Frequency Rate (LTIFR); raw_total=20.0; output_total=20.0; cause=Raw Data Issue.
warning,Officer Pendukung Administrasi,,weight_audit,Officer Pendukung Administrasi,Weight total not 100: level=impact; kpi_type=OUTPUT; parent=Manpower productivity (Revenue per total manpower); raw_total=10.0; output_total=10.0; cause=Raw Data Issue.
warning,Officer Pendukung Administrasi,,weight_audit,Officer Pendukung Administrasi,Weight total not 100: level=impact; kpi_type=OUTPUT; parent=Number of KRI exceeding its risk tolerance limit; raw_total=60.0; output_total=60.0; cause=Raw Data Issue.
warning,Officer Pendukung Administrasi,,weight_audit,Officer Pendukung Administrasi,Weight total not 100: level=impact; kpi_type=OUTPUT; parent=Total Productivity; raw_total=10.0; output_total=10.0; cause=Raw Data Issue.
warning,Officer Pendukung Administrasi,,weight_audit,Officer Pendukung Administrasi,Weight total not 100: level=output; kpi_type=KAI; parent=Administrasi Hubaga (Hubungan antar lembaga); raw_total=20.0; output_total=20.0; cause=Raw Data Issue.
warning,Officer Pendukung Administrasi,,weight_audit,Officer Pendukung Administrasi,Weight total not 100: level=output; kpi_type=KAI; parent=Koordinasi dan Komunikasi  dengan Pihak Eksternal terkait Pengawasan; raw_total=20.0; output_total=20.0; cause=Raw Data Issue.
warning,Officer Pendukung Administrasi,,weight_audit,Officer Pendukung Administrasi,Weight total not 100: level=output; kpi_type=KAI; parent=Pemenuhan Sertifikasi Sesuai Permen 2 Tahun 2023 sesuai Tupoksi (Tugas Pokok dan Fungsi); raw_total=10.0; output_total=10.0; cause=Raw Data Issue.
warning,Officer Pendukung Administrasi,,weight_audit,Officer Pendukung Administrasi,Weight total not 100: level=output; kpi_type=KAI; parent=Pemenuhan learning hours atas pelatihan terkait bidang audit; raw_total=10.0; output_total=10.0; cause=Raw Data Issue.
warning,Officer Pendukung Administrasi,,weight_audit,Officer Pendukung Administrasi,Weight total not 100: level=output; kpi_type=KAI; parent=Rasio pemenuhan kualifikasi organ pengelola risiko; raw_total=20.0; output_total=20.0; cause=Raw Data Issue.
warning,Officer Pendukung Administrasi,,weight_audit,Officer Pendukung Administrasi,Weight total not 100: level=output; kpi_type=KAI; parent=SLA Pelaporan kegiatan SPI; raw_total=10.0; output_total=10.0; cause=Raw Data Issue.
warning,Officer Pendukung Administrasi,,weight_audit,Officer Pendukung Administrasi,Weight total not 100: level=output; kpi_type=KAI; parent=jumlah penugasan lintas fungsi; raw_total=10.0; output_total=10.0; cause=Raw Data Issue.
info,Officer Perencanaan Pengawasan,9,IMPACT,Net Income,enum_issue category=normalized; field=Polarity; raw=Positif; normalized=POSITIVE; Polarity normalized to POSITIVE.
info,Officer Perencanaan Pengawasan,9,IMPACT,Net Income,enum_issue category=normalized; field=Period; raw=Triwulanan; normalized=TRIWULANAN; Period normalized to TRIWULANAN.
info,Officer Perencanaan Pengawasan,10,IMPACT,(ROIC > WACC) x Inv.Capital,enum_issue category=normalized; field=Polarity; raw=Positif; normalized=POSITIVE; Polarity normalized to POSITIVE.
info,Officer Perencanaan Pengawasan,10,IMPACT,(ROIC > WACC) x Inv.Capital,enum_issue category=normalized; field=Period; raw=Triwulanan; normalized=TRIWULANAN; Period normalized to TRIWULANAN.
info,Officer Perencanaan Pengawasan,11,IMPACT,Traffic Volume,enum_issue category=normalized; field=Polarity; raw=Positif; normalized=POSITIVE; Polarity normalized to POSITIVE.
info,Officer Perencanaan Pengawasan,11,IMPACT,Traffic Volume,enum_issue category=normalized; field=Period; raw=Triwulanan; normalized=TRIWULANAN; Period normalized to TRIWULANAN.
info,Officer Perencanaan Pengawasan,12,IMPACT,Total Productivity,enum_issue category=normalized; field=Polarity; raw=Positif; normalized=POSITIVE; Polarity normalized to POSITIVE.
info,Officer Perencanaan Pengawasan,12,IMPACT,Total Productivity,enum_issue category=normalized; field=Period; raw=Triwulanan; normalized=TRIWULANAN; Period normalized to TRIWULANAN.
info,Officer Perencanaan Pengawasan,13,IMPACT,Lost Time Injury Frequency Rate (LTIFR),enum_issue category=normalized; field=Polarity; raw=Negatif; normalized=NEGATIVE; Polarity normalized to NEGATIVE.
info,Officer Perencanaan Pengawasan,13,IMPACT,Lost Time Injury Frequency Rate (LTIFR),enum_issue category=normalized; field=Period; raw=Triwulanan; normalized=TRIWULANAN; Period normalized to TRIWULANAN.
info,Officer Perencanaan Pengawasan,14,IMPACT,Pengembangan Ekosistem Bali Maritime Tourism Hub (BMTH),enum_issue category=normalized; field=Polarity; raw=Positif; normalized=POSITIVE; Polarity normalized to POSITIVE.
info,Officer Perencanaan Pengawasan,14,IMPACT,Pengembangan Ekosistem Bali Maritime Tourism Hub (BMTH),enum_issue category=normalized; field=Period; raw=Triwulanan; normalized=TRIWULANAN; Period normalized to TRIWULANAN.
info,Officer Perencanaan Pengawasan,15,IMPACT,Number of KRI exceeding its risk tolerance limit,enum_issue category=normalized; field=Polarity; raw=Negatif; normalized=NEGATIVE; Polarity normalized to NEGATIVE.
info,Officer Perencanaan Pengawasan,15,IMPACT,Number of KRI exceeding its risk tolerance limit,enum_issue category=normalized; field=Period; raw=Triwulanan; normalized=TRIWULANAN; Period normalized to TRIWULANAN.
info,Officer Perencanaan Pengawasan,20,IMPACT,ESG Rating,enum_issue category=normalized; field=Polarity; raw=Positif; normalized=POSITIVE; Polarity normalized to POSITIVE.
info,Officer Perencanaan Pengawasan,20,IMPACT,ESG Rating,enum_issue category=normalized; field=Period; raw=Tahunan; normalized=TAHUNAN; Period normalized to TAHUNAN.
info,Officer Perencanaan Pengawasan,21,IMPACT,Strategic Project Delivery,enum_issue category=normalized; field=Polarity; raw=Positif; normalized=POSITIVE; Polarity normalized to POSITIVE.
info,Officer Perencanaan Pengawasan,21,IMPACT,Strategic Project Delivery,enum_issue category=normalized; field=Period; raw=Triwulanan; normalized=TRIWULANAN; Period normalized to TRIWULANAN.
info,Officer Perencanaan Pengawasan,22,IMPACT,Manpower productivity (Revenue per total manpower),enum_issue category=normalized; field=Polarity; raw=Positif; normalized=POSITIVE; Polarity normalized to POSITIVE.
info,Officer Perencanaan Pengawasan,22,IMPACT,Manpower productivity (Revenue per total manpower),enum_issue category=normalized; field=Period; raw=Triwulanan; normalized=TRIWULANAN; Period normalized to TRIWULANAN.
info,Officer Perencanaan Pengawasan,12,OUTPUT,jumlah penugasan lintas fungsi,enum_issue category=normalized; field=Period; raw=Tahunan; normalized=TAHUNAN; Period normalized to TAHUNAN.
info,Officer Perencanaan Pengawasan,12,OUTPUT,jumlah penugasan lintas fungsi,enum_issue category=normalized; field=Polarity; raw=Positif; normalized=POSITIVE; Polarity normalized to POSITIVE.
info,Officer Perencanaan Pengawasan,15,OUTPUT,Administrasi Perencanaan Audit,enum_issue category=normalized; field=Period; raw=Triwulanan; normalized=TRIWULANAN; Period normalized to TRIWULANAN.
info,Officer Perencanaan Pengawasan,15,OUTPUT,Administrasi Perencanaan Audit,enum_issue category=normalized; field=Polarity; raw=Positif; normalized=POSITIVE; Polarity normalized to POSITIVE.
info,Officer Perencanaan Pengawasan,16,OUTPUT,SLA Pelaporan kegiatan SPI khusus Dept Perencanaan,enum_issue category=normalized; field=Period; raw=Triwulanan; normalized=TRIWULANAN; Period normalized to TRIWULANAN.
info,Officer Perencanaan Pengawasan,16,OUTPUT,SLA Pelaporan kegiatan SPI khusus Dept Perencanaan,enum_issue category=normalized; field=Polarity; raw=Negatif; normalized=NEGATIVE; Polarity normalized to NEGATIVE.
info,Officer Perencanaan Pengawasan,17,OUTPUT,Pemenuhan Sertifikasi Sesuai Permen 2 Tahun 2023 sesuai Tupoksi (Tugas Pokok dan Fungsi) Dept. Perencanaan,enum_issue category=normalized; field=Period; raw=Tahunan; normalized=TAHUNAN; Period normalized to TAHUNAN.
info,Officer Perencanaan Pengawasan,17,OUTPUT,Pemenuhan Sertifikasi Sesuai Permen 2 Tahun 2023 sesuai Tupoksi (Tugas Pokok dan Fungsi) Dept. Perencanaan,enum_issue category=normalized; field=Polarity; raw=Positif; normalized=POSITIVE; Polarity normalized to POSITIVE.
info,Officer Perencanaan Pengawasan,18,OUTPUT,Administrasi Perencanaan Kegiatan Sinergi Audit berdasarkan PKPT Terintegrasi,enum_issue category=normalized; field=Period; raw=Triwulanan; normalized=TRIWULANAN; Period normalized to TRIWULANAN.
info,Officer Perencanaan Pengawasan,18,OUTPUT,Administrasi Perencanaan Kegiatan Sinergi Audit berdasarkan PKPT Terintegrasi,enum_issue category=normalized; field=Polarity; raw=Positif; normalized=POSITIVE; Polarity normalized to POSITIVE.
info,Officer Perencanaan Pengawasan,19,OUTPUT,"Pemenuhan data dan administrasi kegiatan non audit (RCSA, P-KPI, RKM, IMS, dll)",enum_issue category=normalized; field=Period; raw=Bulanan; normalized=BULANAN; Period normalized to BULANAN.
info,Officer Perencanaan Pengawasan,19,OUTPUT,"Pemenuhan data dan administrasi kegiatan non audit (RCSA, P-KPI, RKM, IMS, dll)",enum_issue category=normalized; field=Polarity; raw=Positif; normalized=POSITIVE; Polarity normalized to POSITIVE.
info,Officer Perencanaan Pengawasan,22,OUTPUT,Pemenuhan learning hours atas pelatihan,enum_issue category=normalized; field=Period; raw=Tahunan; normalized=TAHUNAN; Period normalized to TAHUNAN.
info,Officer Perencanaan Pengawasan,22,OUTPUT,Pemenuhan learning hours atas pelatihan,enum_issue category=normalized; field=Polarity; raw=Positif; normalized=POSITIVE; Polarity normalized to POSITIVE.
warning,Officer Perencanaan Pengawasan,17,KAI,Jumlah pelatihan dan sertifikasi pengelolaan perencanaan pengawasan yang diikuti,KAI formula may not be percentage-based or is blank.
warning,Officer Perencanaan Pengawasan,22,KAI,Jumlah jam pelatihan yang diikuti,KAI formula may not be percentage-based or is blank.
warning,Officer Perencanaan Pengawasan,,weight_audit,Officer Perencanaan Pengawasan Intern,Weight total not 100: level=impact; kpi_type=OUTPUT; parent=Manpower productivity (Revenue per total manpower); raw_total=10.0; output_total=10.0; cause=Raw Data Issue.
warning,Officer Perencanaan Pengawasan,,weight_audit,Officer Perencanaan Pengawasan Intern,Weight total not 100: level=impact; kpi_type=OUTPUT; parent=Number of KRI exceeding its risk tolerance limit; raw_total=70.0; output_total=70.0; cause=Raw Data Issue.
warning,Officer Perencanaan Pengawasan,,weight_audit,Officer Perencanaan Pengawasan Intern,Weight total not 100: level=impact; kpi_type=OUTPUT; parent=Total Productivity; raw_total=10.0; output_total=10.0; cause=Raw Data Issue.
warning,Officer Perencanaan Pengawasan,,weight_audit,Officer Perencanaan Pengawasan Intern,Weight total not 100: level=output; kpi_type=KAI; parent=Administrasi Perencanaan Audit; raw_total=20.0; output_total=20.0; cause=Raw Data Issue.
warning,Officer Perencanaan Pengawasan,,weight_audit,Officer Perencanaan Pengawasan Intern,Weight total not 100: level=output; kpi_type=KAI; parent=Administrasi Perencanaan Kegiatan Sinergi Audit berdasarkan PKPT Terintegrasi; raw_total=15.0; output_total=15.0; cause=Raw Data Issue.
warning,Officer Perencanaan Pengawasan,,weight_audit,Officer Perencanaan Pengawasan Intern,Weight total not 100: level=output; kpi_type=KAI; parent=Pemenuhan Sertifikasi Sesuai Permen 2 Tahun 2023 sesuai Tupoksi (Tugas Pokok dan Fungsi) Dept. Perencanaan; raw_total=10.0; output_total=10.0; cause=Raw Data Issue.
warning,Officer Perencanaan Pengawasan,,weight_audit,Officer Perencanaan Pengawasan Intern,"Weight total not 100: level=output; kpi_type=KAI; parent=Pemenuhan data dan administrasi kegiatan non audit (RCSA, P-KPI, RKM, IMS, dll); raw_total=15.0; output_total=15.0; cause=Raw Data Issue."
warning,Officer Perencanaan Pengawasan,,weight_audit,Officer Perencanaan Pengawasan Intern,Weight total not 100: level=output; kpi_type=KAI; parent=Pemenuhan learning hours atas pelatihan; raw_total=10.0; output_total=10.0; cause=Raw Data Issue.
warning,Officer Perencanaan Pengawasan,,weight_audit,Officer Perencanaan Pengawasan Intern,Weight total not 100: level=output; kpi_type=KAI; parent=SLA Pelaporan kegiatan SPI khusus Dept Perencanaan; raw_total=10.0; output_total=10.0; cause=Raw Data Issue.
warning,Officer Perencanaan Pengawasan,,weight_audit,Officer Perencanaan Pengawasan Intern,Weight total not 100: level=output; kpi_type=KAI; parent=jumlah penugasan lintas fungsi; raw_total=10.0; output_total=10.0; cause=Raw Data Issue.
warning,Officer Perencanaan Pengawasan,,weight_audit,Officer Perencanaan Pengawasan Intern,Weight total not 100: level=position; kpi_type=KAI; raw_total=90.0; output_total=90.0; cause=Raw Data Issue.
warning,Officer Perencanaan Pengawasan,,weight_audit,Officer Perencanaan Pengawasan Intern,Weight total not 100: level=position; kpi_type=OUTPUT; raw_total=90.0; output_total=90.0; cause=Raw Data Issue.
info,Officer Pelaksanaan Pengawasan,9,IMPACT,Net Income,enum_issue category=normalized; field=Polarity; raw=Positif; normalized=POSITIVE; Polarity normalized to POSITIVE.
info,Officer Pelaksanaan Pengawasan,9,IMPACT,Net Income,enum_issue category=normalized; field=Period; raw=Triwulanan; normalized=TRIWULANAN; Period normalized to TRIWULANAN.
info,Officer Pelaksanaan Pengawasan,10,IMPACT,(ROIC > WACC) x Inv.Capital,enum_issue category=normalized; field=Polarity; raw=Positif; normalized=POSITIVE; Polarity normalized to POSITIVE.
info,Officer Pelaksanaan Pengawasan,10,IMPACT,(ROIC > WACC) x Inv.Capital,enum_issue category=normalized; field=Period; raw=Triwulanan; normalized=TRIWULANAN; Period normalized to TRIWULANAN.
info,Officer Pelaksanaan Pengawasan,11,IMPACT,Traffic Volume,enum_issue category=normalized; field=Polarity; raw=Positif; normalized=POSITIVE; Polarity normalized to POSITIVE.
info,Officer Pelaksanaan Pengawasan,11,IMPACT,Traffic Volume,enum_issue category=normalized; field=Period; raw=Triwulanan; normalized=TRIWULANAN; Period normalized to TRIWULANAN.
info,Officer Pelaksanaan Pengawasan,12,IMPACT,Total Productivity,enum_issue category=normalized; field=Polarity; raw=Positif; normalized=POSITIVE; Polarity normalized to POSITIVE.
info,Officer Pelaksanaan Pengawasan,12,IMPACT,Total Productivity,enum_issue category=normalized; field=Period; raw=Triwulanan; normalized=TRIWULANAN; Period normalized to TRIWULANAN.
info,Officer Pelaksanaan Pengawasan,13,IMPACT,Lost Time Injury Frequency Rate (LTIFR),enum_issue category=normalized; field=Polarity; raw=Negatif; normalized=NEGATIVE; Polarity normalized to NEGATIVE.
info,Officer Pelaksanaan Pengawasan,13,IMPACT,Lost Time Injury Frequency Rate (LTIFR),enum_issue category=normalized; field=Period; raw=Triwulanan; normalized=TRIWULANAN; Period normalized to TRIWULANAN.
info,Officer Pelaksanaan Pengawasan,14,IMPACT,Pengembangan Ekosistem Bali Maritime Tourism Hub (BMTH),enum_issue category=normalized; field=Polarity; raw=Positif; normalized=POSITIVE; Polarity normalized to POSITIVE.
info,Officer Pelaksanaan Pengawasan,14,IMPACT,Pengembangan Ekosistem Bali Maritime Tourism Hub (BMTH),enum_issue category=normalized; field=Period; raw=Triwulanan; normalized=TRIWULANAN; Period normalized to TRIWULANAN.
info,Officer Pelaksanaan Pengawasan,15,IMPACT,Number of KRI exceeding its risk tolerance limit,enum_issue category=normalized; field=Polarity; raw=Negatif; normalized=NEGATIVE; Polarity normalized to NEGATIVE.
info,Officer Pelaksanaan Pengawasan,15,IMPACT,Number of KRI exceeding its risk tolerance limit,enum_issue category=normalized; field=Period; raw=Triwulanan; normalized=TRIWULANAN; Period normalized to TRIWULANAN.
info,Officer Pelaksanaan Pengawasan,20,IMPACT,ESG Rating,enum_issue category=normalized; field=Polarity; raw=Positif; normalized=POSITIVE; Polarity normalized to POSITIVE.
info,Officer Pelaksanaan Pengawasan,20,IMPACT,ESG Rating,enum_issue category=normalized; field=Period; raw=Tahunan; normalized=TAHUNAN; Period normalized to TAHUNAN.
info,Officer Pelaksanaan Pengawasan,21,IMPACT,Strategic Project Delivery,enum_issue category=normalized; field=Polarity; raw=Positif; normalized=POSITIVE; Polarity normalized to POSITIVE.
info,Officer Pelaksanaan Pengawasan,21,IMPACT,Strategic Project Delivery,enum_issue category=normalized; field=Period; raw=Triwulanan; normalized=TRIWULANAN; Period normalized to TRIWULANAN.
info,Officer Pelaksanaan Pengawasan,22,IMPACT,Manpower productivity (Revenue per total manpower),enum_issue category=normalized; field=Polarity; raw=Positif; normalized=POSITIVE; Polarity normalized to POSITIVE.
info,Officer Pelaksanaan Pengawasan,22,IMPACT,Manpower productivity (Revenue per total manpower),enum_issue category=normalized; field=Period; raw=Triwulanan; normalized=TRIWULANAN; Period normalized to TRIWULANAN.
info,Officer Pelaksanaan Pengawasan,12,OUTPUT,jumlah penugasan lintas fungsi,enum_issue category=normalized; field=Period; raw=Tahunan; normalized=TAHUNAN; Period normalized to TAHUNAN.
info,Officer Pelaksanaan Pengawasan,12,OUTPUT,jumlah penugasan lintas fungsi,enum_issue category=normalized; field=Polarity; raw=Positif; normalized=POSITIVE; Polarity normalized to POSITIVE.
info,Officer Pelaksanaan Pengawasan,15,OUTPUT,Administrasi Pelaksanaan Penugasan Audit SPI,enum_issue category=normalized; field=Period; raw=Triwulanan; normalized=TRIWULANAN; Period normalized to TRIWULANAN.
info,Officer Pelaksanaan Pengawasan,15,OUTPUT,Administrasi Pelaksanaan Penugasan Audit SPI,enum_issue category=normalized; field=Polarity; raw=Positif; normalized=POSITIVE; Polarity normalized to POSITIVE.
info,Officer Pelaksanaan Pengawasan,17,OUTPUT,SLA Pelaporan kegiatan SPI khusus Dept Pelaksanaan,enum_issue category=normalized; field=Period; raw=Triwulanan; normalized=TRIWULANAN; Period normalized to TRIWULANAN.
info,Officer Pelaksanaan Pengawasan,17,OUTPUT,SLA Pelaporan kegiatan SPI khusus Dept Pelaksanaan,enum_issue category=normalized; field=Polarity; raw=Negatif; normalized=NEGATIVE; Polarity normalized to NEGATIVE.
info,Officer Pelaksanaan Pengawasan,18,OUTPUT,Administrasi Pelaksanaan Kegiatan Sinergi Audit berdasarkan PKPT Terintegrasi,enum_issue category=normalized; field=Period; raw=Triwulanan; normalized=TRIWULANAN; Period normalized to TRIWULANAN.
info,Officer Pelaksanaan Pengawasan,18,OUTPUT,Administrasi Pelaksanaan Kegiatan Sinergi Audit berdasarkan PKPT Terintegrasi,enum_issue category=normalized; field=Polarity; raw=Positif; normalized=POSITIVE; Polarity normalized to POSITIVE.
info,Officer Pelaksanaan Pengawasan,19,OUTPUT,Pemenuhan Sertifikasi Sesuai Permen 2 Tahun 2023 sesuai Tupoksi (Tugas Pokok dan Fungsi) Dept. Pelaksanaan,enum_issue category=normalized; field=Period; raw=Tahunan; normalized=TAHUNAN; Period normalized to TAHUNAN.
info,Officer Pelaksanaan Pengawasan,19,OUTPUT,Pemenuhan Sertifikasi Sesuai Permen 2 Tahun 2023 sesuai Tupoksi (Tugas Pokok dan Fungsi) Dept. Pelaksanaan,enum_issue category=normalized; field=Polarity; raw=Positif; normalized=POSITIVE; Polarity normalized to POSITIVE.
info,Officer Pelaksanaan Pengawasan,22,OUTPUT,Pemenuhan learning hours atas pelatihan terkait bidang audit,enum_issue category=normalized; field=Period; raw=Tahunan; normalized=TAHUNAN; Period normalized to TAHUNAN.
warning,Officer Pelaksanaan Pengawasan,22,OUTPUT,Pemenuhan learning hours atas pelatihan terkait bidang audit,enum_issue category=cross_column; field=Polarity; raw=INDIRECT; normalized=POSITIVE; Polarity contains cross-column value; defaulted to POSITIVE.
warning,Officer Pelaksanaan Pengawasan,22,OUTPUT,Pemenuhan learning hours atas pelatihan terkait bidang audit,enum_issue category=cross_column; field=Cascading; raw=SPECIFIC; normalized=INDIRECT; Cascading contains cross-column value; defaulted to INDIRECT.
warning,Officer Pelaksanaan Pengawasan,22,OUTPUT,Pemenuhan learning hours atas pelatihan terkait bidang audit,enum_issue category=cross_column; field=Ownership Type; raw=Non Routine; normalized=SPECIFIC; Ownership Type contains cross-column value; defaulted to SPECIFIC.
warning,Officer Pelaksanaan Pengawasan,19,KAI,Jumlah pelatihan dan sertifikasi profesional yang diikuti,KAI formula may not be percentage-based or is blank.
warning,Officer Pelaksanaan Pengawasan,22,KAI,Jumlah jam pelatihan audit yang diikuti,enum_issue category=cross_column; field=Nature Of Work; raw=Diunggah; normalized=Non Routine; KAI Nature contains cross-column value; inferred as Non Routine.
warning,Officer Pelaksanaan Pengawasan,22,KAI,Jumlah jam pelatihan audit yang diikuti,KAI formula may not be percentage-based or is blank.
warning,Officer Pelaksanaan Pengawasan,,weight_audit,Officer Pelaksanaan Pengawasan Intern,Weight total not 100: level=impact; kpi_type=OUTPUT; parent=Manpower productivity (Revenue per total manpower); raw_total=10.0; output_total=10.0; cause=Raw Data Issue.
warning,Officer Pelaksanaan Pengawasan,,weight_audit,Officer Pelaksanaan Pengawasan Intern,Weight total not 100: level=impact; kpi_type=OUTPUT; parent=Number of KRI exceeding its risk tolerance limit; raw_total=80.0; output_total=80.0; cause=Raw Data Issue.
warning,Officer Pelaksanaan Pengawasan,,weight_audit,Officer Pelaksanaan Pengawasan Intern,Weight total not 100: level=impact; kpi_type=OUTPUT; parent=Total Productivity; raw_total=10.0; output_total=10.0; cause=Raw Data Issue.
warning,Officer Pelaksanaan Pengawasan,,weight_audit,Officer Pelaksanaan Pengawasan Intern,Weight total not 100: level=output; kpi_type=KAI; parent=Administrasi Pelaksanaan Kegiatan Sinergi Audit berdasarkan PKPT Terintegrasi; raw_total=15.0; output_total=15.0; cause=Raw Data Issue.
warning,Officer Pelaksanaan Pengawasan,,weight_audit,Officer Pelaksanaan Pengawasan Intern,Weight total not 100: level=output; kpi_type=KAI; parent=Administrasi Pelaksanaan Penugasan Audit SPI; raw_total=40.0; output_total=40.0; cause=Raw Data Issue.
warning,Officer Pelaksanaan Pengawasan,,weight_audit,Officer Pelaksanaan Pengawasan Intern,Weight total not 100: level=output; kpi_type=KAI; parent=Pemenuhan Sertifikasi Sesuai Permen 2 Tahun 2023 sesuai Tupoksi (Tugas Pokok dan Fungsi) Dept. Pelaksanaan; raw_total=10.0; output_total=10.0; cause=Raw Data Issue.
warning,Officer Pelaksanaan Pengawasan,,weight_audit,Officer Pelaksanaan Pengawasan Intern,Weight total not 100: level=output; kpi_type=KAI; parent=Pemenuhan learning hours atas pelatihan terkait bidang audit; raw_total=10.0; output_total=10.0; cause=Raw Data Issue.
warning,Officer Pelaksanaan Pengawasan,,weight_audit,Officer Pelaksanaan Pengawasan Intern,Weight total not 100: level=output; kpi_type=KAI; parent=SLA Pelaporan kegiatan SPI khusus Dept Pelaksanaan; raw_total=15.0; output_total=15.0; cause=Raw Data Issue.
warning,Officer Pelaksanaan Pengawasan,,weight_audit,Officer Pelaksanaan Pengawasan Intern,Weight total not 100: level=output; kpi_type=KAI; parent=jumlah penugasan lintas fungsi; raw_total=10.0; output_total=10.0; cause=Raw Data Issue.
info,Officer MonEv Pengawasan Intern,9,IMPACT,Net Income,enum_issue category=normalized; field=Polarity; raw=Positif; normalized=POSITIVE; Polarity normalized to POSITIVE.
info,Officer MonEv Pengawasan Intern,9,IMPACT,Net Income,enum_issue category=normalized; field=Period; raw=Triwulanan; normalized=TRIWULANAN; Period normalized to TRIWULANAN.
info,Officer MonEv Pengawasan Intern,10,IMPACT,(ROIC > WACC) x Inv.Capital,enum_issue category=normalized; field=Polarity; raw=Positif; normalized=POSITIVE; Polarity normalized to POSITIVE.
info,Officer MonEv Pengawasan Intern,10,IMPACT,(ROIC > WACC) x Inv.Capital,enum_issue category=normalized; field=Period; raw=Triwulanan; normalized=TRIWULANAN; Period normalized to TRIWULANAN.
info,Officer MonEv Pengawasan Intern,11,IMPACT,Traffic Volume,enum_issue category=normalized; field=Polarity; raw=Positif; normalized=POSITIVE; Polarity normalized to POSITIVE.
info,Officer MonEv Pengawasan Intern,11,IMPACT,Traffic Volume,enum_issue category=normalized; field=Period; raw=Triwulanan; normalized=TRIWULANAN; Period normalized to TRIWULANAN.
info,Officer MonEv Pengawasan Intern,12,IMPACT,Total Productivity,enum_issue category=normalized; field=Polarity; raw=Positif; normalized=POSITIVE; Polarity normalized to POSITIVE.
info,Officer MonEv Pengawasan Intern,12,IMPACT,Total Productivity,enum_issue category=normalized; field=Period; raw=Triwulanan; normalized=TRIWULANAN; Period normalized to TRIWULANAN.
info,Officer MonEv Pengawasan Intern,13,IMPACT,Lost Time Injury Frequency Rate (LTIFR),enum_issue category=normalized; field=Polarity; raw=Negatif; normalized=NEGATIVE; Polarity normalized to NEGATIVE.
info,Officer MonEv Pengawasan Intern,13,IMPACT,Lost Time Injury Frequency Rate (LTIFR),enum_issue category=normalized; field=Period; raw=Triwulanan; normalized=TRIWULANAN; Period normalized to TRIWULANAN.
info,Officer MonEv Pengawasan Intern,14,IMPACT,Pengembangan Ekosistem Bali Maritime Tourism Hub (BMTH),enum_issue category=normalized; field=Polarity; raw=Positif; normalized=POSITIVE; Polarity normalized to POSITIVE.
info,Officer MonEv Pengawasan Intern,14,IMPACT,Pengembangan Ekosistem Bali Maritime Tourism Hub (BMTH),enum_issue category=normalized; field=Period; raw=Triwulanan; normalized=TRIWULANAN; Period normalized to TRIWULANAN.
info,Officer MonEv Pengawasan Intern,15,IMPACT,Number of KRI exceeding its risk tolerance limit,enum_issue category=normalized; field=Polarity; raw=Positif; normalized=POSITIVE; Polarity normalized to POSITIVE.
info,Officer MonEv Pengawasan Intern,15,IMPACT,Number of KRI exceeding its risk tolerance limit,enum_issue category=normalized; field=Period; raw=Triwulanan; normalized=TRIWULANAN; Period normalized to TRIWULANAN.
info,Officer MonEv Pengawasan Intern,20,IMPACT,ESG Rating,enum_issue category=normalized; field=Polarity; raw=Positif; normalized=POSITIVE; Polarity normalized to POSITIVE.
info,Officer MonEv Pengawasan Intern,20,IMPACT,ESG Rating,enum_issue category=normalized; field=Period; raw=Tahunan; normalized=TAHUNAN; Period normalized to TAHUNAN.
info,Officer MonEv Pengawasan Intern,21,IMPACT,Strategic Project Delivery,enum_issue category=normalized; field=Polarity; raw=Positif; normalized=POSITIVE; Polarity normalized to POSITIVE.
info,Officer MonEv Pengawasan Intern,21,IMPACT,Strategic Project Delivery,enum_issue category=normalized; field=Period; raw=Triwulanan; normalized=TRIWULANAN; Period normalized to TRIWULANAN.
info,Officer MonEv Pengawasan Intern,22,IMPACT,Manpower productivity (Revenue per total manpower),enum_issue category=normalized; field=Polarity; raw=Negatif; normalized=NEGATIVE; Polarity normalized to NEGATIVE.
info,Officer MonEv Pengawasan Intern,22,IMPACT,Manpower productivity (Revenue per total manpower),enum_issue category=normalized; field=Period; raw=Triwulanan; normalized=TRIWULANAN; Period normalized to TRIWULANAN.
info,Officer MonEv Pengawasan Intern,12,OUTPUT,jumlah penugasan lintas fungsi,enum_issue category=normalized; field=Period; raw=Tahunan; normalized=TAHUNAN; Period normalized to TAHUNAN.
info,Officer MonEv Pengawasan Intern,12,OUTPUT,jumlah penugasan lintas fungsi,enum_issue category=normalized; field=Polarity; raw=Positif; normalized=POSITIVE; Polarity normalized to POSITIVE.
info,Officer MonEv Pengawasan Intern,15,OUTPUT,Implementasi AMS,enum_issue category=normalized; field=Period; raw=Tahunan; normalized=TAHUNAN; Period normalized to TAHUNAN.
info,Officer MonEv Pengawasan Intern,15,OUTPUT,Implementasi AMS,enum_issue category=normalized; field=Polarity; raw=Positif; normalized=POSITIVE; Polarity normalized to POSITIVE.
info,Officer MonEv Pengawasan Intern,16,OUTPUT,SLA Pelaporan kegiatan SPI khusus Dept MonEv,enum_issue category=normalized; field=Period; raw=Triwulanan; normalized=TRIWULANAN; Period normalized to TRIWULANAN.
info,Officer MonEv Pengawasan Intern,16,OUTPUT,SLA Pelaporan kegiatan SPI khusus Dept MonEv,enum_issue category=normalized; field=Polarity; raw=Negatif; normalized=NEGATIVE; Polarity normalized to NEGATIVE.
info,Officer MonEv Pengawasan Intern,17,OUTPUT,Rata-rata Penyelesaian Rekomendasi Audit Internal dan Eksternal,enum_issue category=normalized; field=Period; raw=Triwulanan; normalized=TRIWULANAN; Period normalized to TRIWULANAN.
info,Officer MonEv Pengawasan Intern,17,OUTPUT,Rata-rata Penyelesaian Rekomendasi Audit Internal dan Eksternal,enum_issue category=normalized; field=Polarity; raw=Positif; normalized=POSITIVE; Polarity normalized to POSITIVE.
info,Officer MonEv Pengawasan Intern,18,OUTPUT,Evaluasi atas Implementasi Pelaksanaan Audit sesuai PKPT,enum_issue category=normalized; field=Period; raw=Triwulanan; normalized=TRIWULANAN; Period normalized to TRIWULANAN.
info,Officer MonEv Pengawasan Intern,18,OUTPUT,Evaluasi atas Implementasi Pelaksanaan Audit sesuai PKPT,enum_issue category=normalized; field=Polarity; raw=Positif; normalized=POSITIVE; Polarity normalized to POSITIVE.
info,Officer MonEv Pengawasan Intern,19,OUTPUT,Evaluasi atas Implementasi Sinergi Bidang Audit Internal,enum_issue category=normalized; field=Period; raw=Triwulanan; normalized=TRIWULANAN; Period normalized to TRIWULANAN.
info,Officer MonEv Pengawasan Intern,19,OUTPUT,Evaluasi atas Implementasi Sinergi Bidang Audit Internal,enum_issue category=normalized; field=Polarity; raw=Positif; normalized=POSITIVE; Polarity normalized to POSITIVE.
info,Officer MonEv Pengawasan Intern,20,OUTPUT,Pelaksanaan Quality Assurance dalam rangka pemenuhan Permen BUMN,enum_issue category=normalized; field=Period; raw=Tahunan; normalized=TAHUNAN; Period normalized to TAHUNAN.
warning,Officer MonEv Pengawasan Intern,20,OUTPUT,Pelaksanaan Quality Assurance dalam rangka pemenuhan Permen BUMN,enum_issue category=cross_column; field=Polarity; raw=DUPLICATE; normalized=POSITIVE; Polarity contains cross-column value; defaulted to POSITIVE.
warning,Officer MonEv Pengawasan Intern,20,OUTPUT,Pelaksanaan Quality Assurance dalam rangka pemenuhan Permen BUMN,enum_issue category=cross_column; field=Cascading; raw=SPECIFIC; normalized=INDIRECT; Cascading contains cross-column value; defaulted to INDIRECT.
warning,Officer MonEv Pengawasan Intern,20,OUTPUT,Pelaksanaan Quality Assurance dalam rangka pemenuhan Permen BUMN,enum_issue category=cross_column; field=Ownership Type; raw=Non Routine; normalized=SPECIFIC; Ownership Type contains cross-column value; defaulted to SPECIFIC.
info,Officer MonEv Pengawasan Intern,22,OUTPUT,Pemenuhan Sertifikasi Sesuai Permen 2 Tahun 2023 sesuai Tupoksi (Tugas Pokok dan Fungsi) Dept. Perencanaan,enum_issue category=normalized; field=Period; raw=Tahunan; normalized=TAHUNAN; Period normalized to TAHUNAN.
info,Officer MonEv Pengawasan Intern,22,OUTPUT,Pemenuhan Sertifikasi Sesuai Permen 2 Tahun 2023 sesuai Tupoksi (Tugas Pokok dan Fungsi) Dept. Perencanaan,enum_issue category=normalized; field=Polarity; raw=Positif; normalized=POSITIVE; Polarity normalized to POSITIVE.
info,Officer MonEv Pengawasan Intern,23,OUTPUT,Pemenuhan learning hours atas pelatihan terkait bidang audit,enum_issue category=normalized; field=Period; raw=Tahunan; normalized=TAHUNAN; Period normalized to TAHUNAN.
warning,Officer MonEv Pengawasan Intern,23,OUTPUT,Pemenuhan learning hours atas pelatihan terkait bidang audit,enum_issue category=cross_column; field=Polarity; raw=INDIRECT; normalized=POSITIVE; Polarity contains cross-column value; defaulted to POSITIVE.
warning,Officer MonEv Pengawasan Intern,23,OUTPUT,Pemenuhan learning hours atas pelatihan terkait bidang audit,enum_issue category=cross_column; field=Cascading; raw=SPECIFIC; normalized=INDIRECT; Cascading contains cross-column value; defaulted to INDIRECT.
warning,Officer MonEv Pengawasan Intern,23,OUTPUT,Pemenuhan learning hours atas pelatihan terkait bidang audit,enum_issue category=cross_column; field=Ownership Type; raw=Non Routine; normalized=SPECIFIC; Ownership Type contains cross-column value; defaulted to SPECIFIC.
warning,Officer MonEv Pengawasan Intern,15,KAI,"Pelaksanaan implementasi proses audit di dalam AMS termasuk Perencanaan, Pelaksanaan, Monitoring dan tindak lanjut",KAI formula may not be percentage-based or is blank.
warning,Officer MonEv Pengawasan Intern,22,KAI,ketepatan waktu penyusunan perencanaan pelatihan  profesional,KAI formula may not be percentage-based or is blank.
warning,Officer MonEv Pengawasan Intern,23,KAI,Jumlah jam pelatihan audit yang diikuti,enum_issue category=cross_column; field=Nature Of Work; raw=Diunggah; normalized=Non Routine; KAI Nature contains cross-column value; inferred as Non Routine.
warning,Officer MonEv Pengawasan Intern,23,KAI,Jumlah jam pelatihan audit yang diikuti,KAI formula may not be percentage-based or is blank.
warning,Officer MonEv Pengawasan Intern,,weight_audit,Officer Monitoring dan Evaluasi Pengawasan Intern,Weight total not 100: level=impact; kpi_type=OUTPUT; parent=ESG Rating; raw_total=10.0; output_total=10.0; cause=Raw Data Issue.
warning,Officer MonEv Pengawasan Intern,,weight_audit,Officer Monitoring dan Evaluasi Pengawasan Intern,Weight total not 100: level=impact; kpi_type=OUTPUT; parent=Manpower productivity (Revenue per total manpower); raw_total=20.0; output_total=20.0; cause=Raw Data Issue.
warning,Officer MonEv Pengawasan Intern,,weight_audit,Officer Monitoring dan Evaluasi Pengawasan Intern,Weight total not 100: level=impact; kpi_type=OUTPUT; parent=Number of KRI exceeding its risk tolerance limit; raw_total=55.0; output_total=55.0; cause=Raw Data Issue.
warning,Officer MonEv Pengawasan Intern,,weight_audit,Officer Monitoring dan Evaluasi Pengawasan Intern,Weight total not 100: level=impact; kpi_type=OUTPUT; parent=Total Productivity; raw_total=10.0; output_total=10.0; cause=Raw Data Issue.
warning,Officer MonEv Pengawasan Intern,,weight_audit,Officer Monitoring dan Evaluasi Pengawasan Intern,Weight total not 100: level=output; kpi_type=KAI; parent=Evaluasi atas Implementasi Pelaksanaan Audit sesuai PKPT; raw_total=10.0; output_total=10.0; cause=Raw Data Issue.
warning,Officer MonEv Pengawasan Intern,,weight_audit,Officer Monitoring dan Evaluasi Pengawasan Intern,Weight total not 100: level=output; kpi_type=KAI; parent=Evaluasi atas Implementasi Sinergi Bidang Audit Internal; raw_total=10.0; output_total=10.0; cause=Raw Data Issue.
warning,Officer MonEv Pengawasan Intern,,weight_audit,Officer Monitoring dan Evaluasi Pengawasan Intern,Weight total not 100: level=output; kpi_type=KAI; parent=Implementasi AMS; raw_total=10.0; output_total=10.0; cause=Raw Data Issue.
warning,Officer MonEv Pengawasan Intern,,weight_audit,Officer Monitoring dan Evaluasi Pengawasan Intern,Weight total not 100: level=output; kpi_type=KAI; parent=Pelaksanaan Quality Assurance dalam rangka pemenuhan Permen BUMN; raw_total=10.0; output_total=10.0; cause=Raw Data Issue.
warning,Officer MonEv Pengawasan Intern,,weight_audit,Officer Monitoring dan Evaluasi Pengawasan Intern,Weight total not 100: level=output; kpi_type=KAI; parent=Pemenuhan Sertifikasi Sesuai Permen 2 Tahun 2023 sesuai Tupoksi (Tugas Pokok dan Fungsi) Dept. Perencanaan; raw_total=10.0; output_total=10.0; cause=Raw Data Issue.
warning,Officer MonEv Pengawasan Intern,,weight_audit,Officer Monitoring dan Evaluasi Pengawasan Intern,Weight total not 100: level=output; kpi_type=KAI; parent=Pemenuhan learning hours atas pelatihan terkait bidang audit; raw_total=10.0; output_total=10.0; cause=Raw Data Issue.
warning,Officer MonEv Pengawasan Intern,,weight_audit,Officer Monitoring dan Evaluasi Pengawasan Intern,Weight total not 100: level=output; kpi_type=KAI; parent=Rata-rata Penyelesaian Rekomendasi Audit Internal dan Eksternal; raw_total=15.0; output_total=15.0; cause=Raw Data Issue.
warning,Officer MonEv Pengawasan Intern,,weight_audit,Officer Monitoring dan Evaluasi Pengawasan Intern,Weight total not 100: level=output; kpi_type=KAI; parent=SLA Pelaporan kegiatan SPI khusus Dept MonEv; raw_total=10.0; output_total=10.0; cause=Raw Data Issue.
warning,Officer MonEv Pengawasan Intern,,weight_audit,Officer Monitoring dan Evaluasi Pengawasan Intern,Weight total not 100: level=output; kpi_type=KAI; parent=jumlah penugasan lintas fungsi; raw_total=10.0; output_total=10.0; cause=Raw Data Issue.
warning,Officer MonEv Pengawasan Intern,,weight_audit,Officer Monitoring dan Evaluasi Pengawasan Intern,Weight total not 100: level=position; kpi_type=KAI; raw_total=95.0; output_total=95.0; cause=Raw Data Issue.
warning,Officer MonEv Pengawasan Intern,,weight_audit,Officer Monitoring dan Evaluasi Pengawasan Intern,Weight total not 100: level=position; kpi_type=OUTPUT; raw_total=95.0; output_total=95.0; cause=Raw Data Issue.
