severity,sheet_name,source_row,record_type,title,message
info,Officer Rekrutmen-Karir,9,output,(blank),Dropped OUTPUT row because output weight is blank.
info,Officer Rekrutmen-Karir,10,output,(blank),Dropped OUTPUT row because output weight is blank.
info,Officer Rekrutmen-Karir,11,output,(blank),Dropped OUTPUT row because output weight is blank.
info,Officer Rekrutmen-Karir,12,output,(blank),Dropped OUTPUT row because output weight is blank.
info,Officer Rekrutmen-Karir,13,output,(blank),Dropped OUTPUT row because output weight is blank.
info,Officer Rekrutmen-Karir,14,output,(blank),Dropped OUTPUT row because output weight is blank.
info,Officer Rekrutmen-Karir,15,kai,"Pelaksanaan tindak lanjut penyelesaian temuan audit tata kelola, manajemen risiko, dan kepatuhan internal",KAI period inferred from KPI Output Frequency because the source sheet does not provide a separate KAI period column.
info,Officer Rekrutmen-Karir,16,output,(blank),Dropped OUTPUT row because output weight is blank.
info,Officer Rekrutmen-Karir,17,output,(blank),Dropped OUTPUT row because output weight is blank.
info,Officer Rekrutmen-Karir,18,output,HC Roadmap Delivery & Impact Monitoring Bidang Pengelolaan SDM,Dropped OUTPUT row because comment is Drop and output weight is blank.
warning,Officer Rekrutmen-Karir,18,kai,Pelaksanaan monitoring dan evaluasi implementasi roadmap pengelolaan SDM,Skipped KAI because its OUTPUT row was dropped or missing.
info,Officer Rekrutmen-Karir,19,kai,Pengisian posisi jabatan struktural yang kosong,KAI period inferred from KPI Output Frequency because the source sheet does not provide a separate KAI period column.
info,Officer Rekrutmen-Karir,20,kai,"Pemenuhan data dalam portal HC BUMN (target keseluruhan 90%):
1. CV
2. SK RUPS
3. Remunerasi",KAI period inferred from KPI Output Frequency because the source sheet does not provide a separate KAI period column.
info,Officer Rekrutmen-Karir,21,kai,Penyiapan serta penyampaian daftar talent perusahaan kepada Danantara/BP BUMN,KAI period inferred from KPI Output Frequency because the source sheet does not provide a separate KAI period column.
info,Officer Rekrutmen-Karir,22,kai,"1. Evaluasi pelaksanaan mutasi

2. penyusunan SK mutasi pekerja",KAI period inferred from KPI Output Frequency because the source sheet does not provide a separate KAI period column.
info,Officer Rekrutmen-Karir,23,kai,"1. penyiapan proses admin penyelenggaraan event talent

2. penyelenggaraan proses event talent",KAI period inferred from KPI Output Frequency because the source sheet does not provide a separate KAI period column.
info,Officer Rekrutmen-Karir,24,kai,"1. Evaluasi pelaksanaan rekrutmen

2. penyusunan dokumen pengangkatan pekerja",KAI period inferred from KPI Output Frequency because the source sheet does not provide a separate KAI period column.
info,Officer Rekrutmen-Karir,25,output,Enhancement modul TMS,Dropped OUTPUT row because output weight is blank.
warning,Officer Rekrutmen-Karir,25,kai,% progress enhancement modul TMS,Skipped KAI because its OUTPUT row was dropped or missing.
info,Officer Pelaksanaan Pembelajara,9,kai,Ketepatan proses pembayaran di departemen,KAI period inferred from KPI Output Frequency because the source sheet does not provide a separate KAI period column.
info,Officer Pelaksanaan Pembelajara,10,output,(blank),Dropped OUTPUT row because output weight is blank.
info,Officer Pelaksanaan Pembelajara,11,output,(blank),Dropped OUTPUT row because output weight is blank.
info,Officer Pelaksanaan Pembelajara,12,output,(blank),Dropped OUTPUT row because output weight is blank.
info,Officer Pelaksanaan Pembelajara,13,output,(blank),Dropped OUTPUT row because output weight is blank.
info,Officer Pelaksanaan Pembelajara,14,output,(blank),Dropped OUTPUT row because output weight is blank.
info,Officer Pelaksanaan Pembelajara,15,kai,"Pelaksanaan tindak lanjut penyelesaian temuan audit tata kelola, manajemen risiko, dan kepatuhan internal",KAI period inferred from KPI Output Frequency because the source sheet does not provide a separate KAI period column.
info,Officer Pelaksanaan Pembelajara,16,output,(blank),Dropped OUTPUT row because output weight is blank.
info,Officer Pelaksanaan Pembelajara,17,output,(blank),Dropped OUTPUT row because output weight is blank.
info,Officer Pelaksanaan Pembelajara,18,output,HC Roadmap Delivery & Impact Monitoring Bidang Pengelolaan SDM,Dropped OUTPUT row because comment is Drop and output weight is blank.
warning,Officer Pelaksanaan Pembelajara,18,kai,Pelaksanaan monitoring dan evaluasi implementasi roadmap pengelolaan SDM,Skipped KAI because its OUTPUT row was dropped or missing.
info,Officer Pelaksanaan Pembelajara,19,kai,Pelaksanaan pengelolaan dan pengembangan program Pelindo Academy,KAI period inferred from KPI Output Frequency because the source sheet does not provide a separate KAI period column.
info,Officer Pelaksanaan Pembelajara,20,kai,Pelaksanaan program KM (Knowledge Management) optimization,KAI period inferred from KPI Output Frequency because the source sheet does not provide a separate KAI period column.
info,Officer Pelaksanaan Pembelajara,21,kai,Pelaksanaan program internship,KAI period inferred from KPI Output Frequency because the source sheet does not provide a separate KAI period column.
info,Officer Pelaksanaan Pembelajara,22,kai,Implementasi learning journey,KAI period inferred from KPI Output Frequency because the source sheet does not provide a separate KAI period column.
info,Officer Pelaksanaan Pembelajara,23,kai,Pelaksanaan kegiatan pembelajaran Fundamental Skill Improvement,KAI period inferred from KPI Output Frequency because the source sheet does not provide a separate KAI period column.
info,Officer Pelaksanaan Pembelajara,24,kai,Pelaksanaan kegiatan pembelajaran ESG Skill Improvement,KAI period inferred from KPI Output Frequency because the source sheet does not provide a separate KAI period column.
info,Officer Kinerja Individu,9,output,(blank),Dropped OUTPUT row because output weight is blank.
info,Officer Kinerja Individu,10,output,(blank),Dropped OUTPUT row because output weight is blank.
info,Officer Kinerja Individu,11,output,(blank),Dropped OUTPUT row because output weight is blank.
info,Officer Kinerja Individu,12,output,(blank),Dropped OUTPUT row because output weight is blank.
info,Officer Kinerja Individu,13,output,(blank),Dropped OUTPUT row because output weight is blank.
info,Officer Kinerja Individu,14,output,(blank),Dropped OUTPUT row because output weight is blank.
info,Officer Kinerja Individu,15,kai,"Pelaksanaan tindak lanjut penyelesaian temuan audit tata kelola, manajemen risiko, dan kepatuhan internal",KAI period inferred from KPI Output Frequency because the source sheet does not provide a separate KAI period column.
info,Officer Kinerja Individu,16,output,(blank),Dropped OUTPUT row because output weight is blank.
info,Officer Kinerja Individu,17,output,(blank),Dropped OUTPUT row because output weight is blank.
info,Officer Kinerja Individu,18,output,HC Roadmap Delivery & Impact Monitoring Bidang Pengelolaan SDM,Dropped OUTPUT row because output weight is blank.
warning,Officer Kinerja Individu,18,kai,Pelaksanaan monitoring dan evaluasi implementasi roadmap pengelolaan SDM,Skipped KAI because its OUTPUT row was dropped or missing.
info,Officer Kinerja Individu,19,output,Penyempurnaan Pengelolaan Talent Management berbasis Kompetensi (manajemen kinerja individu),Dropped OUTPUT row because output weight is blank.
warning,Officer Kinerja Individu,19,kai,pengelolaan kinerja individu,Skipped KAI because its OUTPUT row was dropped or missing.
info,Officer Kinerja Individu,20,kai,realisasi program implementasi dan monitoring kinerja individu,KAI period inferred from KPI Output Frequency because the source sheet does not provide a separate KAI period column.
info,Officer Kinerja Individu,21,kai,update SOP dan instruksi kerja pengelolaan kinerja individu,KAI period inferred from KPI Output Frequency because the source sheet does not provide a separate KAI period column.
info,Officer Kinerja Individu,22,kai,campaign atau media komunikasi PER-FACT,KAI period inferred from KPI Output Frequency because the source sheet does not provide a separate KAI period column.
info,Officer Kinerja Individu,23,kai,pengelolaan kinerja individu HO,KAI period inferred from KPI Output Frequency because the source sheet does not provide a separate KAI period column.
info,Officer Kinerja Individu,24,kai,pengelolaan kinerja individu regional dan cabang,KAI period inferred from KPI Output Frequency because the source sheet does not provide a separate KAI period column.
info,Officer Kinerja Individu,25,kai,pengelolaan kinerja individu subholding dan AnPer,KAI period inferred from KPI Output Frequency because the source sheet does not provide a separate KAI period column.
info,Officer Kinerja Individu,26,kai,pengelolaan kinerja individu APNC,KAI period inferred from KPI Output Frequency because the source sheet does not provide a separate KAI period column.
info,Officer Kinerja Individu,27,kai,Pengelolaan assessment pekerja HO,KAI period inferred from KPI Output Frequency because the source sheet does not provide a separate KAI period column.
info,Officer Kinerja Individu,28,kai,Pengelolaan assessment pekerja regional-cabang,KAI period inferred from KPI Output Frequency because the source sheet does not provide a separate KAI period column.
info,Officer Kinerja Individu,29,kai,Pengelolaan assessment pekerja Subholding-AnPer,KAI period inferred from KPI Output Frequency because the source sheet does not provide a separate KAI period column.
info,Officer Kinerja Individu,30,kai,Pengelolaan assessment pekerja APNC,KAI period inferred from KPI Output Frequency because the source sheet does not provide a separate KAI period column.
info,Officer Kinerja Individu,31,kai,% progress program standarisasi assessment pekerja,KAI period inferred from KPI Output Frequency because the source sheet does not provide a separate KAI period column.
info,Officer Kinerja Individu,32,kai,% progress enhancement modul PMS,KAI period inferred from KPI Output Frequency because the source sheet does not provide a separate KAI period column.
info,Officer Kepemimpinan-Budaya,9,output,(blank),Dropped OUTPUT row because output weight is blank.
info,Officer Kepemimpinan-Budaya,10,output,(blank),Dropped OUTPUT row because output weight is blank.
info,Officer Kepemimpinan-Budaya,11,output,(blank),Dropped OUTPUT row because output weight is blank.
info,Officer Kepemimpinan-Budaya,12,output,(blank),Dropped OUTPUT row because output weight is blank.
info,Officer Kepemimpinan-Budaya,13,output,(blank),Dropped OUTPUT row because output weight is blank.
info,Officer Kepemimpinan-Budaya,14,output,(blank),Dropped OUTPUT row because output weight is blank.
info,Officer Kepemimpinan-Budaya,15,kai,"Pelaksanaan tindak lanjut penyelesaian temuan audit tata kelola, manajemen risiko, dan kepatuhan internal",KAI period inferred from KPI Output Frequency because the source sheet does not provide a separate KAI period column.
info,Officer Kepemimpinan-Budaya,16,output,(blank),Dropped OUTPUT row because output weight is blank.
info,Officer Kepemimpinan-Budaya,17,output,(blank),Dropped OUTPUT row because output weight is blank.
info,Officer Kepemimpinan-Budaya,18,output,HC Roadmap Delivery & Impact Monitoring Bidang Pengelolaan SDM,Dropped OUTPUT row because output weight is blank.
warning,Officer Kepemimpinan-Budaya,18,kai,Pelaksanaan monitoring dan evaluasi implementasi roadmap pengelolaan SDM,Skipped KAI because its OUTPUT row was dropped or missing.
info,Officer Kepemimpinan-Budaya,19,kai,Pelaksanaan pengelolaan dan pengembangan program Leadership Pelindo Academy,KAI period inferred from KPI Output Frequency because the source sheet does not provide a separate KAI period column.
info,Officer Kepemimpinan-Budaya,20,kai,Pelaksanaan integrasi budaya Pelindo sesuai RJPP,KAI period inferred from KPI Output Frequency because the source sheet does not provide a separate KAI period column.
info,Officer Kepemimpinan-Budaya,21,kai,Implementasi learning journey framework terkait Leadership,KAI period inferred from KPI Output Frequency because the source sheet does not provide a separate KAI period column.
info,Officer Strategi-Evaluasi,9,output,(blank),Dropped OUTPUT row because output weight is blank.
info,Officer Strategi-Evaluasi,10,output,(blank),Dropped OUTPUT row because output weight is blank.
info,Officer Strategi-Evaluasi,11,output,(blank),Dropped OUTPUT row because output weight is blank.
info,Officer Strategi-Evaluasi,12,output,(blank),Dropped OUTPUT row because output weight is blank.
info,Officer Strategi-Evaluasi,13,output,(blank),Dropped OUTPUT row because output weight is blank.
info,Officer Strategi-Evaluasi,14,output,(blank),Dropped OUTPUT row because output weight is blank.
info,Officer Strategi-Evaluasi,15,kai,"Pelaksanaan tindak lanjut penyelesaian temuan audit tata kelola, manajemen risiko, dan kepatuhan internal",KAI period inferred from KPI Output Frequency because the source sheet does not provide a separate KAI period column.
info,Officer Strategi-Evaluasi,16,output,(blank),Dropped OUTPUT row because output weight is blank.
info,Officer Strategi-Evaluasi,17,output,(blank),Dropped OUTPUT row because output weight is blank.
info,Officer Strategi-Evaluasi,18,output,HC Roadmap Delivery & Impact Monitoring Bidang Pengelolaan SDM,Dropped OUTPUT row because comment is Drop and output weight is blank.
warning,Officer Strategi-Evaluasi,18,kai,Pelaksanaan monitoring dan evaluasi implementasi roadmap pengelolaan SDM,Skipped KAI because its OUTPUT row was dropped or missing.
info,Officer Strategi-Evaluasi,19,kai,Perencanaan program Pelindo Academy,KAI period inferred from KPI Output Frequency because the source sheet does not provide a separate KAI period column.
info,Officer Strategi-Evaluasi,20,output,Program KM (Knowledge Management),Dropped OUTPUT row because comment is Drop and output weight is blank.
warning,Officer Strategi-Evaluasi,20,kai,Pelaksanaan program KM (Knowledge Management),Skipped KAI because its OUTPUT row was dropped or missing.
info,Officer Strategi-Evaluasi,21,kai,Pelaksanaan program Pendidikan Pasca-Sarjana,KAI period inferred from KPI Output Frequency because the source sheet does not provide a separate KAI period column.
info,Officer Strategi-Evaluasi,22,kai,"1. menyusun framework learning journey
2. menentukan program pengembangan tiap level
3. Integrasi ke portaverse
4. evaluasi pelaksanaan learning journey",KAI period inferred from KPI Output Frequency because the source sheet does not provide a separate KAI period column.
info,Officer Strategi-Evaluasi,23,kai,Perencanaan dan evaluasi kegiatan pembelajaran Fundamental Skill Improvement,KAI period inferred from KPI Output Frequency because the source sheet does not provide a separate KAI period column.
info,Officer Strategi-Evaluasi,24,kai,Perencanaan dan evaluasi kegiatan pembelajaran ESG Skill Improvement,KAI period inferred from KPI Output Frequency because the source sheet does not provide a separate KAI period column.
info,Manager Rekrutmen-Karir,9,kai,Mengkonsolidasikan realisasi anggaran untuk Unit Rekrutmen dan Karir,KAI period inferred from KPI Output Frequency because the source sheet does not provide a separate KAI period column.
info,Manager Rekrutmen-Karir,10,output,(blank),Dropped OUTPUT row because output weight is blank.
info,Manager Rekrutmen-Karir,11,output,(blank),Dropped OUTPUT row because output weight is blank.
info,Manager Rekrutmen-Karir,12,output,(blank),Dropped OUTPUT row because output weight is blank.
info,Manager Rekrutmen-Karir,13,output,(blank),Dropped OUTPUT row because output weight is blank.
info,Manager Rekrutmen-Karir,14,output,(blank),Dropped OUTPUT row because output weight is blank.
info,Manager Rekrutmen-Karir,15,kai,"Pelaksanaan tindak lanjut penyelesaian temuan audit tata kelola, manajemen risiko, dan kepatuhan internal",KAI period inferred from KPI Output Frequency because the source sheet does not provide a separate KAI period column.
info,Manager Rekrutmen-Karir,16,output,(blank),Dropped OUTPUT row because output weight is blank.
info,Manager Rekrutmen-Karir,17,output,(blank),Dropped OUTPUT row because output weight is blank.
info,Manager Rekrutmen-Karir,18,output,HC Roadmap Delivery & Impact Monitoring Bidang Pengelolaan SDM,Dropped OUTPUT row because output weight is blank.
warning,Manager Rekrutmen-Karir,18,kai,Pelaksanaan monitoring dan evaluasi implementasi roadmap pengelolaan SDM,Skipped KAI because its OUTPUT row was dropped or missing.
info,Manager Rekrutmen-Karir,19,kai,Pengisian posisi jabatan struktural yang kosong,KAI period inferred from KPI Output Frequency because the source sheet does not provide a separate KAI period column.
info,Manager Rekrutmen-Karir,20,kai,% progress enhancement modul TMS,KAI period inferred from KPI Output Frequency because the source sheet does not provide a separate KAI period column.
info,Manager Rekrutmen-Karir,21,kai,Penyiapan serta penyampaian daftar talent perusahaan kepada Danantara/BP BUMN,KAI period inferred from KPI Output Frequency because the source sheet does not provide a separate KAI period column.
info,Manager Rekrutmen-Karir,22,kai,"1. Evaluasi pelaksanaan mutasi

2. penyusunan SK mutasi pekerja",KAI period inferred from KPI Output Frequency because the source sheet does not provide a separate KAI period column.
info,Manager Rekrutmen-Karir,23,kai,"1. penyiapan proses admin penyelenggaraan event talent

2. penyelenggaraan proses event talent",KAI period inferred from KPI Output Frequency because the source sheet does not provide a separate KAI period column.
info,Manager Rekrutmen-Karir,24,kai,"1. Evaluasi pelaksanaan rekrutmen

2. penyusunan dokumen pengangkatan pekerja",KAI period inferred from KPI Output Frequency because the source sheet does not provide a separate KAI period column.
info,Manager Pelaksanaan Pembelajara,9,kai,Mengkonsolidasikan realisasi anggaran untuk Dept Perencanaan dan Penyelenggaraan Pembelajaran,KAI period inferred from KPI Output Frequency because the source sheet does not provide a separate KAI period column.
info,Manager Pelaksanaan Pembelajara,10,output,(blank),Dropped OUTPUT row because output weight is blank.
info,Manager Pelaksanaan Pembelajara,11,output,(blank),Dropped OUTPUT row because output weight is blank.
info,Manager Pelaksanaan Pembelajara,12,output,(blank),Dropped OUTPUT row because output weight is blank.
info,Manager Pelaksanaan Pembelajara,13,output,(blank),Dropped OUTPUT row because output weight is blank.
info,Manager Pelaksanaan Pembelajara,14,output,(blank),Dropped OUTPUT row because output weight is blank.
info,Manager Pelaksanaan Pembelajara,15,kai,"Pelaksanaan tindak lanjut penyelesaian temuan audit tata kelola, manajemen risiko, dan kepatuhan internal",KAI period inferred from KPI Output Frequency because the source sheet does not provide a separate KAI period column.
info,Manager Pelaksanaan Pembelajara,16,output,(blank),Dropped OUTPUT row because output weight is blank.
info,Manager Pelaksanaan Pembelajara,17,output,(blank),Dropped OUTPUT row because output weight is blank.
info,Manager Pelaksanaan Pembelajara,18,output,HC Roadmap Delivery & Impact Monitoring Bidang Pengelolaan SDM,Dropped OUTPUT row because comment is Drop and output weight is blank.
warning,Manager Pelaksanaan Pembelajara,18,kai,Pelaksanaan monitoring dan evaluasi implementasi roadmap pengelolaan SDM,Skipped KAI because its OUTPUT row was dropped or missing.
info,Manager Pelaksanaan Pembelajara,19,kai,Pelaksanaan pengelolaan dan pengembangan program Pelindo Academy,KAI period inferred from KPI Output Frequency because the source sheet does not provide a separate KAI period column.
info,Manager Pelaksanaan Pembelajara,20,kai,Pelaksanaan program KM (Knowledge Management) optimization,KAI period inferred from KPI Output Frequency because the source sheet does not provide a separate KAI period column.
info,Manager Pelaksanaan Pembelajara,21,output,Program Pendidikan Pasca-Sarjana,Dropped OUTPUT row because comment is Drop and output weight is blank.
warning,Manager Pelaksanaan Pembelajara,21,kai,Pelaksanaan program Pendidikan Pasca-Sarjana,Skipped KAI because its OUTPUT row was dropped or missing.
info,Manager Pelaksanaan Pembelajara,22,kai,Implementasi learning journey,KAI period inferred from KPI Output Frequency because the source sheet does not provide a separate KAI period column.
info,Manager Pelaksanaan Pembelajara,23,kai,Pelaksanaan kegiatan pembelajaran Fundamental Skill Improvement,KAI period inferred from KPI Output Frequency because the source sheet does not provide a separate KAI period column.
info,Manager Pelaksanaan Pembelajara,24,kai,Pelaksanaan kegiatan pembelajaran ESG Skill Improvement,KAI period inferred from KPI Output Frequency because the source sheet does not provide a separate KAI period column.
info,Manager Strategi-Evaluasi,9,kai,Mengkonsolidasikan realisasi anggaran untuk Dept Perencanaan dan Penyelenggaraan Pembelajaran,KAI period inferred from KPI Output Frequency because the source sheet does not provide a separate KAI period column.
info,Manager Strategi-Evaluasi,10,output,(blank),Dropped OUTPUT row because output weight is blank.
info,Manager Strategi-Evaluasi,11,output,(blank),Dropped OUTPUT row because output weight is blank.
info,Manager Strategi-Evaluasi,12,output,(blank),Dropped OUTPUT row because output weight is blank.
info,Manager Strategi-Evaluasi,13,output,(blank),Dropped OUTPUT row because output weight is blank.
info,Manager Strategi-Evaluasi,14,output,(blank),Dropped OUTPUT row because output weight is blank.
info,Manager Strategi-Evaluasi,15,kai,"Pelaksanaan tindak lanjut penyelesaian temuan audit tata kelola, manajemen risiko, dan kepatuhan internal",KAI period inferred from KPI Output Frequency because the source sheet does not provide a separate KAI period column.
info,Manager Strategi-Evaluasi,16,output,(blank),Dropped OUTPUT row because output weight is blank.
info,Manager Strategi-Evaluasi,17,output,(blank),Dropped OUTPUT row because output weight is blank.
info,Manager Strategi-Evaluasi,18,output,HC Roadmap Delivery & Impact Monitoring Bidang Pengelolaan SDM,Dropped OUTPUT row because output weight is blank.
warning,Manager Strategi-Evaluasi,18,kai,Pelaksanaan monitoring dan evaluasi implementasi roadmap pengelolaan SDM,Skipped KAI because its OUTPUT row was dropped or missing.
info,Manager Strategi-Evaluasi,19,kai,Perencanaan program Pelindo Academy,KAI period inferred from KPI Output Frequency because the source sheet does not provide a separate KAI period column.
info,Manager Strategi-Evaluasi,20,output,Program KM (Knowledge Management),Dropped OUTPUT row because output weight is blank.
warning,Manager Strategi-Evaluasi,20,kai,Pelaksanaan program KM (Knowledge Management),Skipped KAI because its OUTPUT row was dropped or missing.
info,Manager Strategi-Evaluasi,21,kai,Pelaksanaan program Pendidikan Pasca-Sarjana,KAI period inferred from KPI Output Frequency because the source sheet does not provide a separate KAI period column.
info,Manager Strategi-Evaluasi,22,kai,"1. menyusun framework learning journey
2. menentukan program pengembangan tiap level
3. Integrasi ke portaverse
4. evaluasi pelaksanaan learning journey",KAI period inferred from KPI Output Frequency because the source sheet does not provide a separate KAI period column.
info,Manager Strategi-Evaluasi,23,kai,Perencanaan dan evaluasi kegiatan pembelajaran Fundamental Skill Improvement,KAI period inferred from KPI Output Frequency because the source sheet does not provide a separate KAI period column.
info,Manager Strategi-Evaluasi,24,kai,Perencanaan dan evaluasi kegiatan pembelajaran ESG Skill Improvement,KAI period inferred from KPI Output Frequency because the source sheet does not provide a separate KAI period column.
info,Manager Kinerja Individu,9,kai,Mengkonsolidasikan realisasi anggaran untuk Dept Manajemen Talenta dan Kinerja SDM,KAI period inferred from KPI Output Frequency because the source sheet does not provide a separate KAI period column.
info,Manager Kinerja Individu,10,output,(blank),Dropped OUTPUT row because output weight is blank.
info,Manager Kinerja Individu,11,output,(blank),Dropped OUTPUT row because output weight is blank.
info,Manager Kinerja Individu,12,output,(blank),Dropped OUTPUT row because output weight is blank.
info,Manager Kinerja Individu,13,output,(blank),Dropped OUTPUT row because output weight is blank.
info,Manager Kinerja Individu,14,output,(blank),Dropped OUTPUT row because output weight is blank.
info,Manager Kinerja Individu,15,output,(blank),Dropped OUTPUT row because output weight is blank.
info,Manager Kinerja Individu,16,output,(blank),Dropped OUTPUT row because output weight is blank.
info,Manager Kinerja Individu,17,output,(blank),Dropped OUTPUT row because output weight is blank.
info,Manager Kinerja Individu,18,output,HC Roadmap Delivery & Impact Monitoring Bidang Pengelolaan SDM,Dropped OUTPUT row because output weight is blank.
warning,Manager Kinerja Individu,18,kai,Pelaksanaan monitoring dan evaluasi implementasi roadmap pengelolaan SDM,Skipped KAI because its OUTPUT row was dropped or missing.
info,Manager Kinerja Individu,19,kai,"Pelaksanaan tindak lanjut penyelesaian temuan audit tata kelola, manajemen risiko, dan kepatuhan internal",KAI period inferred from KPI Output Frequency because the source sheet does not provide a separate KAI period column.
info,Manager Kinerja Individu,20,kai,pengelolaan kinerja individu,KAI period inferred from KPI Output Frequency because the source sheet does not provide a separate KAI period column.
info,Manager Kinerja Individu,21,kai,Pengelolaan assessment pekerja,KAI period inferred from KPI Output Frequency because the source sheet does not provide a separate KAI period column.
info,Manager Kinerja Individu,22,kai,% progress program standarisasi assessment pekerja,KAI period inferred from KPI Output Frequency because the source sheet does not provide a separate KAI period column.
info,Manager Kinerja Individu,23,kai,% progress enhancement modul PMS,KAI period inferred from KPI Output Frequency because the source sheet does not provide a separate KAI period column.
info,DH Manajemen Talenta,9,kai,Mengkonsolidasikan realisasi anggaran untuk Dept Manajemen Talenta dan Kinerja SDM,KAI period inferred from KPI Output Frequency because the source sheet does not provide a separate KAI period column.
info,DH Manajemen Talenta,10,output,(blank),Dropped OUTPUT row because output weight is blank.
info,DH Manajemen Talenta,11,output,(blank),Dropped OUTPUT row because output weight is blank.
info,DH Manajemen Talenta,12,output,(blank),Dropped OUTPUT row because output weight is blank.
info,DH Manajemen Talenta,13,output,(blank),Dropped OUTPUT row because output weight is blank.
info,DH Manajemen Talenta,14,output,(blank),Dropped OUTPUT row because output weight is blank.
info,DH Manajemen Talenta,15,output,(blank),Dropped OUTPUT row because output weight is blank.
info,DH Manajemen Talenta,16,output,(blank),Dropped OUTPUT row because output weight is blank.
info,DH Manajemen Talenta,17,output,(blank),Dropped OUTPUT row because output weight is blank.
info,DH Manajemen Talenta,18,output,HC Roadmap Delivery & Impact Monitoring Bidang Pengelolaan SDM,Dropped OUTPUT row because comment is Drop and output weight is blank.
warning,DH Manajemen Talenta,18,kai,Pelaksanaan monitoring dan evaluasi implementasi roadmap pengelolaan SDM,Skipped KAI because its OUTPUT row was dropped or missing.
info,DH Manajemen Talenta,19,kai,Pengelolaan Kinerja Individu,KAI period inferred from KPI Output Frequency because the source sheet does not provide a separate KAI period column.
info,DH Manajemen Talenta,20,kai,Pengisian posisi jabatan critical,KAI period inferred from KPI Output Frequency because the source sheet does not provide a separate KAI period column.
info,DH Manajemen Talenta,21,kai,% progress program standarisasi assessment pekerja,KAI period inferred from KPI Output Frequency because the source sheet does not provide a separate KAI period column.
info,DH Manajemen Talenta,22,kai,"Pelaksanaan tindak lanjut penyelesaian temuan audit tata kelola, manajemen risiko, dan kepatuhan internal",KAI period inferred from KPI Output Frequency because the source sheet does not provide a separate KAI period column.
info,DH Manajemen Talenta,23,kai,% progress enhancement modul pms dan tms,KAI period inferred from KPI Output Frequency because the source sheet does not provide a separate KAI period column.
info,DH Kepemimpinan,9,kai,Mengkonsolidasikan realisasi anggaran untuk Dept Kepemimpinan dan Budaya Korporat,KAI period inferred from KPI Output Frequency because the source sheet does not provide a separate KAI period column.
info,DH Kepemimpinan,10,output,(blank),Dropped OUTPUT row because output weight is blank.
info,DH Kepemimpinan,11,output,(blank),Dropped OUTPUT row because output weight is blank.
info,DH Kepemimpinan,12,output,(blank),Dropped OUTPUT row because output weight is blank.
info,DH Kepemimpinan,13,output,(blank),Dropped OUTPUT row because output weight is blank.
info,DH Kepemimpinan,14,output,(blank),Dropped OUTPUT row because output weight is blank.
info,DH Kepemimpinan,15,output,(blank),Dropped OUTPUT row because output weight is blank.
info,DH Kepemimpinan,16,output,(blank),Dropped OUTPUT row because output weight is blank.
info,DH Kepemimpinan,17,output,(blank),Dropped OUTPUT row because output weight is blank.
info,DH Kepemimpinan,18,output,HC Roadmap Delivery & Impact Monitoring Bidang Pengelolaan SDM,Dropped OUTPUT row because output weight is blank.
warning,DH Kepemimpinan,18,kai,Pelaksanaan monitoring dan evaluasi implementasi roadmap pengelolaan SDM,Skipped KAI because its OUTPUT row was dropped or missing.
info,DH Kepemimpinan,19,output,Pelindo Academy,Dropped OUTPUT row because output weight is blank.
warning,DH Kepemimpinan,19,kai,Pelaksanaan pengelolaan dan pengembangan program Leadership Pelindo Academy,Skipped KAI because its OUTPUT row was dropped or missing.
info,DH Kepemimpinan,20,kai,"Pelaksanaan tindak lanjut penyelesaian temuan audit tata kelola, manajemen risiko, dan kepatuhan internal",KAI period inferred from KPI Output Frequency because the source sheet does not provide a separate KAI period column.
info,DH Kepemimpinan,21,kai,Pelaksanaan integrasi budaya Pelindo sesuai RJPP,KAI period inferred from KPI Output Frequency because the source sheet does not provide a separate KAI period column.
info,DH Kepemimpinan,22,kai,Implementasi learning journey framework terkait Leadership,KAI period inferred from KPI Output Frequency because the source sheet does not provide a separate KAI period column.
info,DH Perencanaan-Penyelenggaraan,9,kai,Mengkonsolidasikan realisasi anggaran untuk Dept Perencanaan dan Penyelenggaraan Pembelajaran,KAI period inferred from KPI Output Frequency because the source sheet does not provide a separate KAI period column.
info,DH Perencanaan-Penyelenggaraan,10,output,(blank),Dropped OUTPUT row because output weight is blank.
info,DH Perencanaan-Penyelenggaraan,11,output,(blank),Dropped OUTPUT row because output weight is blank.
info,DH Perencanaan-Penyelenggaraan,12,output,(blank),Dropped OUTPUT row because output weight is blank.
info,DH Perencanaan-Penyelenggaraan,13,output,(blank),Dropped OUTPUT row because output weight is blank.
info,DH Perencanaan-Penyelenggaraan,14,output,(blank),Dropped OUTPUT row because output weight is blank.
info,DH Perencanaan-Penyelenggaraan,15,output,(blank),Dropped OUTPUT row because output weight is blank.
info,DH Perencanaan-Penyelenggaraan,16,output,(blank),Dropped OUTPUT row because output weight is blank.
info,DH Perencanaan-Penyelenggaraan,17,output,(blank),Dropped OUTPUT row because output weight is blank.
info,DH Perencanaan-Penyelenggaraan,18,output,HC Roadmap Delivery & Impact Monitoring Bidang Pengelolaan SDM,Dropped OUTPUT row because output weight is blank.
warning,DH Perencanaan-Penyelenggaraan,18,kai,Pelaksanaan monitoring dan evaluasi implementasi roadmap pengelolaan SDM,Skipped KAI because its OUTPUT row was dropped or missing.
info,DH Perencanaan-Penyelenggaraan,19,kai,Pelaksanaan pengelolaan dan pengembangan program Pelindo Academy,KAI period inferred from KPI Output Frequency because the source sheet does not provide a separate KAI period column.
info,DH Perencanaan-Penyelenggaraan,20,kai,"Pelaksanaan tindak lanjut penyelesaian temuan audit tata kelola, manajemen risiko, dan kepatuhan internal",KAI period inferred from KPI Output Frequency because the source sheet does not provide a separate KAI period column.
info,DH Perencanaan-Penyelenggaraan,21,kai,Implementasi learning journey framework,KAI period inferred from KPI Output Frequency because the source sheet does not provide a separate KAI period column.
info,Group Head,8,kai,Mengkonsolidasikan realisasi anggaran untuk masing-masing department di bawah Group Pengelolaan SDM,KAI period inferred from KPI Output Frequency because the source sheet does not provide a separate KAI period column.
info,Group Head,9,output,(blank),Dropped OUTPUT row because output weight is blank.
info,Group Head,10,output,(blank),Dropped OUTPUT row because output weight is blank.
info,Group Head,11,output,(blank),Dropped OUTPUT row because output weight is blank.
info,Group Head,12,output,(blank),Dropped OUTPUT row because output weight is blank.
info,Group Head,13,output,(blank),Dropped OUTPUT row because output weight is blank.
info,Group Head,14,output,(blank),Dropped OUTPUT row because output weight is blank.
info,Group Head,15,output,(blank),Dropped OUTPUT row because output weight is blank.
info,Group Head,16,kai,Implementasi learning journey framework,KAI period inferred from KPI Output Frequency because the source sheet does not provide a separate KAI period column.
info,Group Head,17,output,HC Roadmap Delivery & Impact Monitoring Bidang Pengelolaan SDM,Dropped OUTPUT row because output weight is blank.
warning,Group Head,17,kai,Pelaksanaan monitoring dan evaluasi implementasi roadmap pengelolaan SDM,Skipped KAI because its OUTPUT row was dropped or missing.
info,Group Head,18,kai,Pelaksanaan penyempurnaan proses dan sistem talent dan performance Management berbasis kompetensi,KAI period inferred from KPI Output Frequency because the source sheet does not provide a separate KAI period column.
info,Group Head,19,kai,Pengisian posisi jabatan critical,KAI period inferred from KPI Output Frequency because the source sheet does not provide a separate KAI period column.
info,Group Head,20,kai,Pelaksanaan pengelolaan dan pengembangan program Pelindo Academy,KAI period inferred from KPI Output Frequency because the source sheet does not provide a separate KAI period column.
info,Group Head,21,kai,Pelaksanaan integrasi budaya Pelindo sesuai RJPP,KAI period inferred from KPI Output Frequency because the source sheet does not provide a separate KAI period column.
info,Group Head,22,kai,"Pelaksanaan tindak lanjut penyelesaian temuan audit tata kelola, manajemen risiko, dan kepatuhan internal",KAI period inferred from KPI Output Frequency because the source sheet does not provide a separate KAI period column.
info,Officer Rekrutmen-Karir,9,IMPACT,(ROIC > WACC) x Inv.Capital,enum_issue category=normalized; field=Polarity; raw=Positif; normalized=POSITIVE; Polarity normalized to POSITIVE.
info,Officer Rekrutmen-Karir,9,IMPACT,(ROIC > WACC) x Inv.Capital,enum_issue category=normalized; field=Period; raw=Triwulanan; normalized=TRIWULANAN; Period normalized to TRIWULANAN.
info,Officer Rekrutmen-Karir,10,IMPACT,Net Income,enum_issue category=normalized; field=Polarity; raw=Positif; normalized=POSITIVE; Polarity normalized to POSITIVE.
info,Officer Rekrutmen-Karir,10,IMPACT,Net Income,enum_issue category=normalized; field=Period; raw=Triwulanan; normalized=TRIWULANAN; Period normalized to TRIWULANAN.
info,Officer Rekrutmen-Karir,11,IMPACT,Total Productivity,enum_issue category=normalized; field=Polarity; raw=Positif; normalized=POSITIVE; Polarity normalized to POSITIVE.
info,Officer Rekrutmen-Karir,11,IMPACT,Total Productivity,enum_issue category=normalized; field=Period; raw=Triwulanan; normalized=TRIWULANAN; Period normalized to TRIWULANAN.
info,Officer Rekrutmen-Karir,12,IMPACT,Traffic Volume,enum_issue category=normalized; field=Polarity; raw=Positif; normalized=POSITIVE; Polarity normalized to POSITIVE.
info,Officer Rekrutmen-Karir,12,IMPACT,Traffic Volume,enum_issue category=normalized; field=Period; raw=Triwulanan; normalized=TRIWULANAN; Period normalized to TRIWULANAN.
info,Officer Rekrutmen-Karir,13,IMPACT,ESG Rating,enum_issue category=normalized; field=Polarity; raw=Positif; normalized=POSITIVE; Polarity normalized to POSITIVE.
info,Officer Rekrutmen-Karir,13,IMPACT,ESG Rating,enum_issue category=normalized; field=Period; raw=Tahunan; normalized=TAHUNAN; Period normalized to TAHUNAN.
info,Officer Rekrutmen-Karir,14,IMPACT,Lost Time Injury Frequency Rate (LTIFR),enum_issue category=normalized; field=Polarity; raw=Negatif; normalized=NEGATIVE; Polarity normalized to NEGATIVE.
info,Officer Rekrutmen-Karir,14,IMPACT,Lost Time Injury Frequency Rate (LTIFR),enum_issue category=normalized; field=Period; raw=Triwulanan; normalized=TRIWULANAN; Period normalized to TRIWULANAN.
info,Officer Rekrutmen-Karir,15,IMPACT,Number of KRI exceeding its risk tolerance limit,enum_issue category=normalized; field=Polarity; raw=Negatif; normalized=NEGATIVE; Polarity normalized to NEGATIVE.
info,Officer Rekrutmen-Karir,15,IMPACT,Number of KRI exceeding its risk tolerance limit,enum_issue category=normalized; field=Period; raw=Triwulanan; normalized=TRIWULANAN; Period normalized to TRIWULANAN.
info,Officer Rekrutmen-Karir,16,IMPACT,Pengembangan Ekosistem Bali Maritime Tourism Hub (BMTH),enum_issue category=normalized; field=Polarity; raw=Positif; normalized=POSITIVE; Polarity normalized to POSITIVE.
info,Officer Rekrutmen-Karir,16,IMPACT,Pengembangan Ekosistem Bali Maritime Tourism Hub (BMTH),enum_issue category=normalized; field=Period; raw=Triwulanan; normalized=TRIWULANAN; Period normalized to TRIWULANAN.
info,Officer Rekrutmen-Karir,17,IMPACT,Strategic Project Delivery,enum_issue category=normalized; field=Polarity; raw=Positif; normalized=POSITIVE; Polarity normalized to POSITIVE.
info,Officer Rekrutmen-Karir,17,IMPACT,Strategic Project Delivery,enum_issue category=normalized; field=Period; raw=Triwulanan; normalized=TRIWULANAN; Period normalized to TRIWULANAN.
info,Officer Rekrutmen-Karir,18,IMPACT,Manpower productivity (Revenue per total manpower),enum_issue category=normalized; field=Polarity; raw=Positif; normalized=POSITIVE; Polarity normalized to POSITIVE.
info,Officer Rekrutmen-Karir,18,IMPACT,Manpower productivity (Revenue per total manpower),enum_issue category=normalized; field=Period; raw=Triwulanan; normalized=TRIWULANAN; Period normalized to TRIWULANAN.
info,Officer Rekrutmen-Karir,15,OUTPUT,"Tingkat pemenuhan tata kelola, manajemen risiko, dan kepatuhan internal (Penyelesaian Temuan Audit)",enum_issue category=normalized; field=Period; raw=Semester; normalized=SEMESTER; Period normalized to SEMESTER.
info,Officer Rekrutmen-Karir,15,OUTPUT,"Tingkat pemenuhan tata kelola, manajemen risiko, dan kepatuhan internal (Penyelesaian Temuan Audit)",enum_issue category=normalized; field=Polarity; raw=Positif; normalized=POSITIVE; Polarity normalized to POSITIVE.
info,Officer Rekrutmen-Karir,19,OUTPUT,Career Management Framework,enum_issue category=normalized; field=Period; raw=Semester; normalized=SEMESTER; Period normalized to SEMESTER.
info,Officer Rekrutmen-Karir,19,OUTPUT,Career Management Framework,enum_issue category=normalized; field=Polarity; raw=Positif; normalized=POSITIVE; Polarity normalized to POSITIVE.
info,Officer Rekrutmen-Karir,20,OUTPUT,Pemenuhan data talenta dalam portal HC BUMN,enum_issue category=normalized; field=Period; raw=Triwulanan; normalized=TRIWULANAN; Period normalized to TRIWULANAN.
info,Officer Rekrutmen-Karir,20,OUTPUT,Pemenuhan data talenta dalam portal HC BUMN,enum_issue category=normalized; field=Polarity; raw=Positif; normalized=POSITIVE; Polarity normalized to POSITIVE.
info,Officer Rekrutmen-Karir,21,OUTPUT,Penyiapan talent perusahaan sebagai nominated talent cluster logistik laut,enum_issue category=normalized; field=Period; raw=Triwulan; normalized=TRIWULANAN; Period normalized to TRIWULANAN.
info,Officer Rekrutmen-Karir,21,OUTPUT,Penyiapan talent perusahaan sebagai nominated talent cluster logistik laut,enum_issue category=normalized; field=Polarity; raw=Positif; normalized=POSITIVE; Polarity normalized to POSITIVE.
info,Officer Rekrutmen-Karir,22,OUTPUT,MonEv pelaksanaan mutasi pekerja,enum_issue category=normalized; field=Period; raw=Triwulan; normalized=TRIWULANAN; Period normalized to TRIWULANAN.
info,Officer Rekrutmen-Karir,22,OUTPUT,MonEv pelaksanaan mutasi pekerja,enum_issue category=normalized; field=Polarity; raw=Positif; normalized=POSITIVE; Polarity normalized to POSITIVE.
info,Officer Rekrutmen-Karir,23,OUTPUT,Evaluasi kegiatan event talent,enum_issue category=normalized; field=Period; raw=Tahunan; normalized=TAHUNAN; Period normalized to TAHUNAN.
info,Officer Rekrutmen-Karir,23,OUTPUT,Evaluasi kegiatan event talent,enum_issue category=normalized; field=Polarity; raw=Positif; normalized=POSITIVE; Polarity normalized to POSITIVE.
info,Officer Rekrutmen-Karir,24,OUTPUT,MonEv penyelnggaraan rekrutmen pekerja,enum_issue category=normalized; field=Period; raw=Tahunan; normalized=TAHUNAN; Period normalized to TAHUNAN.
info,Officer Rekrutmen-Karir,24,OUTPUT,MonEv penyelnggaraan rekrutmen pekerja,enum_issue category=normalized; field=Polarity; raw=Positif; normalized=POSITIVE; Polarity normalized to POSITIVE.
warning,Officer Rekrutmen-Karir,,weight_audit,Officer Rekrutmen-Karir,Weight total not 100: level=impact; kpi_type=OUTPUT; parent=Manpower productivity (Revenue per total manpower); raw_total=95.0; output_total=95.0; cause=Raw Data Issue.
warning,Officer Rekrutmen-Karir,,weight_audit,Officer Rekrutmen-Karir,Weight total not 100: level=impact; kpi_type=OUTPUT; parent=Number of KRI exceeding its risk tolerance limit; raw_total=5.0; output_total=5.0; cause=Raw Data Issue.
warning,Officer Rekrutmen-Karir,,weight_audit,Officer Rekrutmen-Karir,Weight total not 100: level=output; kpi_type=KAI; parent=Career Management Framework; raw_total=10.0; output_total=10.0; cause=Raw Data Issue.
warning,Officer Rekrutmen-Karir,,weight_audit,Officer Rekrutmen-Karir,Weight total not 100: level=output; kpi_type=KAI; parent=Evaluasi kegiatan event talent; raw_total=15.0; output_total=15.0; cause=Raw Data Issue.
warning,Officer Rekrutmen-Karir,,weight_audit,Officer Rekrutmen-Karir,Weight total not 100: level=output; kpi_type=KAI; parent=MonEv pelaksanaan mutasi pekerja; raw_total=20.0; output_total=20.0; cause=Raw Data Issue.
warning,Officer Rekrutmen-Karir,,weight_audit,Officer Rekrutmen-Karir,Weight total not 100: level=output; kpi_type=KAI; parent=MonEv penyelnggaraan rekrutmen pekerja; raw_total=20.0; output_total=20.0; cause=Raw Data Issue.
warning,Officer Rekrutmen-Karir,,weight_audit,Officer Rekrutmen-Karir,Weight total not 100: level=output; kpi_type=KAI; parent=Pemenuhan data talenta dalam portal HC BUMN; raw_total=15.0; output_total=15.0; cause=Raw Data Issue.
warning,Officer Rekrutmen-Karir,,weight_audit,Officer Rekrutmen-Karir,Weight total not 100: level=output; kpi_type=KAI; parent=Penyiapan talent perusahaan sebagai nominated talent cluster logistik laut; raw_total=15.0; output_total=15.0; cause=Raw Data Issue.
warning,Officer Rekrutmen-Karir,,weight_audit,Officer Rekrutmen-Karir,"Weight total not 100: level=output; kpi_type=KAI; parent=Tingkat pemenuhan tata kelola, manajemen risiko, dan kepatuhan internal (Penyelesaian Temuan Audit); raw_total=5.0; output_total=5.0; cause=Raw Data Issue."
info,Officer Pelaksanaan Pembelajara,9,IMPACT,Net Income,enum_issue category=normalized; field=Polarity; raw=Positif; normalized=POSITIVE; Polarity normalized to POSITIVE.
info,Officer Pelaksanaan Pembelajara,9,IMPACT,Net Income,enum_issue category=normalized; field=Period; raw=Triwulanan; normalized=TRIWULANAN; Period normalized to TRIWULANAN.
info,Officer Pelaksanaan Pembelajara,10,IMPACT,(ROIC > WACC) x Inv.Capital,enum_issue category=normalized; field=Polarity; raw=Positif; normalized=POSITIVE; Polarity normalized to POSITIVE.
info,Officer Pelaksanaan Pembelajara,10,IMPACT,(ROIC > WACC) x Inv.Capital,enum_issue category=normalized; field=Period; raw=Triwulanan; normalized=TRIWULANAN; Period normalized to TRIWULANAN.
info,Officer Pelaksanaan Pembelajara,11,IMPACT,Total Productivity,enum_issue category=normalized; field=Polarity; raw=Positif; normalized=POSITIVE; Polarity normalized to POSITIVE.
info,Officer Pelaksanaan Pembelajara,11,IMPACT,Total Productivity,enum_issue category=normalized; field=Period; raw=Triwulanan; normalized=TRIWULANAN; Period normalized to TRIWULANAN.
info,Officer Pelaksanaan Pembelajara,12,IMPACT,Traffic Volume,enum_issue category=normalized; field=Polarity; raw=Positif; normalized=POSITIVE; Polarity normalized to POSITIVE.
info,Officer Pelaksanaan Pembelajara,12,IMPACT,Traffic Volume,enum_issue category=normalized; field=Period; raw=Triwulanan; normalized=TRIWULANAN; Period normalized to TRIWULANAN.
info,Officer Pelaksanaan Pembelajara,13,IMPACT,ESG Rating,enum_issue category=normalized; field=Polarity; raw=Positif; normalized=POSITIVE; Polarity normalized to POSITIVE.
info,Officer Pelaksanaan Pembelajara,13,IMPACT,ESG Rating,enum_issue category=normalized; field=Period; raw=Tahunan; normalized=TAHUNAN; Period normalized to TAHUNAN.
info,Officer Pelaksanaan Pembelajara,14,IMPACT,Lost Time Injury Frequency Rate (LTIFR),enum_issue category=normalized; field=Polarity; raw=Negatif; normalized=NEGATIVE; Polarity normalized to NEGATIVE.
info,Officer Pelaksanaan Pembelajara,14,IMPACT,Lost Time Injury Frequency Rate (LTIFR),enum_issue category=normalized; field=Period; raw=Triwulanan; normalized=TRIWULANAN; Period normalized to TRIWULANAN.
info,Officer Pelaksanaan Pembelajara,15,IMPACT,Number of KRI exceeding its risk tolerance limit,enum_issue category=normalized; field=Polarity; raw=Negatif; normalized=NEGATIVE; Polarity normalized to NEGATIVE.
info,Officer Pelaksanaan Pembelajara,15,IMPACT,Number of KRI exceeding its risk tolerance limit,enum_issue category=normalized; field=Period; raw=Triwulanan; normalized=TRIWULANAN; Period normalized to TRIWULANAN.
info,Officer Pelaksanaan Pembelajara,16,IMPACT,Pengembangan Ekosistem Bali Maritime Tourism Hub (BMTH),enum_issue category=normalized; field=Polarity; raw=Positif; normalized=POSITIVE; Polarity normalized to POSITIVE.
info,Officer Pelaksanaan Pembelajara,16,IMPACT,Pengembangan Ekosistem Bali Maritime Tourism Hub (BMTH),enum_issue category=normalized; field=Period; raw=Triwulanan; normalized=TRIWULANAN; Period normalized to TRIWULANAN.
info,Officer Pelaksanaan Pembelajara,17,IMPACT,Strategic Project Delivery,enum_issue category=normalized; field=Polarity; raw=Positif; normalized=POSITIVE; Polarity normalized to POSITIVE.
info,Officer Pelaksanaan Pembelajara,17,IMPACT,Strategic Project Delivery,enum_issue category=normalized; field=Period; raw=Triwulanan; normalized=TRIWULANAN; Period normalized to TRIWULANAN.
info,Officer Pelaksanaan Pembelajara,18,IMPACT,Manpower productivity (Revenue per total manpower),enum_issue category=normalized; field=Polarity; raw=Positif; normalized=POSITIVE; Polarity normalized to POSITIVE.
info,Officer Pelaksanaan Pembelajara,18,IMPACT,Manpower productivity (Revenue per total manpower),enum_issue category=normalized; field=Period; raw=Triwulanan; normalized=TRIWULANAN; Period normalized to TRIWULANAN.
info,Officer Pelaksanaan Pembelajara,9,OUTPUT,Penyerapan Anggaran Dept Perencanaan dan Penyelenggaraan Pembelajaran,enum_issue category=normalized; field=Period; raw=Bulanan; normalized=BULANAN; Period normalized to BULANAN.
info,Officer Pelaksanaan Pembelajara,9,OUTPUT,Penyerapan Anggaran Dept Perencanaan dan Penyelenggaraan Pembelajaran,enum_issue category=normalized; field=Polarity; raw=Positif; normalized=POSITIVE; Polarity normalized to POSITIVE.
info,Officer Pelaksanaan Pembelajara,15,OUTPUT,"Tingkat pemenuhan tata kelola, manajemen risiko, dan kepatuhan internal (Penyelesaian Temuan Audit)",enum_issue category=normalized; field=Period; raw=Semester; normalized=SEMESTER; Period normalized to SEMESTER.
info,Officer Pelaksanaan Pembelajara,15,OUTPUT,"Tingkat pemenuhan tata kelola, manajemen risiko, dan kepatuhan internal (Penyelesaian Temuan Audit)",enum_issue category=normalized; field=Polarity; raw=Positif; normalized=POSITIVE; Polarity normalized to POSITIVE.
info,Officer Pelaksanaan Pembelajara,19,OUTPUT,Pelindo Academy,enum_issue category=normalized; field=Period; raw=Triwulanan; normalized=TRIWULANAN; Period normalized to TRIWULANAN.
info,Officer Pelaksanaan Pembelajara,19,OUTPUT,Pelindo Academy,enum_issue category=normalized; field=Polarity; raw=Positif; normalized=POSITIVE; Polarity normalized to POSITIVE.
info,Officer Pelaksanaan Pembelajara,20,OUTPUT,KM Optimization program,enum_issue category=normalized; field=Period; raw=Semester; normalized=SEMESTER; Period normalized to SEMESTER.
info,Officer Pelaksanaan Pembelajara,20,OUTPUT,KM Optimization program,enum_issue category=normalized; field=Polarity; raw=Positif; normalized=POSITIVE; Polarity normalized to POSITIVE.
info,Officer Pelaksanaan Pembelajara,21,OUTPUT,Community Collaboration,enum_issue category=normalized; field=Period; raw=Semester; normalized=SEMESTER; Period normalized to SEMESTER.
info,Officer Pelaksanaan Pembelajara,21,OUTPUT,Community Collaboration,enum_issue category=normalized; field=Polarity; raw=Positif; normalized=POSITIVE; Polarity normalized to POSITIVE.
info,Officer Pelaksanaan Pembelajara,22,OUTPUT,Learning Journey Framework,enum_issue category=normalized; field=Period; raw=Semester; normalized=SEMESTER; Period normalized to SEMESTER.
info,Officer Pelaksanaan Pembelajara,22,OUTPUT,Learning Journey Framework,enum_issue category=normalized; field=Polarity; raw=Positif; normalized=POSITIVE; Polarity normalized to POSITIVE.
info,Officer Pelaksanaan Pembelajara,23,OUTPUT,Pelaksanaan kegiatan Fundamental Skill Improvement,enum_issue category=normalized; field=Period; raw=Bulanan; normalized=BULANAN; Period normalized to BULANAN.
info,Officer Pelaksanaan Pembelajara,23,OUTPUT,Pelaksanaan kegiatan Fundamental Skill Improvement,enum_issue category=normalized; field=Polarity; raw=Positif; normalized=POSITIVE; Polarity normalized to POSITIVE.
info,Officer Pelaksanaan Pembelajara,24,OUTPUT,Pelaksanaan kegiatan ESG Skill Improvement,enum_issue category=normalized; field=Period; raw=Bulanan; normalized=BULANAN; Period normalized to BULANAN.
info,Officer Pelaksanaan Pembelajara,24,OUTPUT,Pelaksanaan kegiatan ESG Skill Improvement,enum_issue category=normalized; field=Polarity; raw=Positif; normalized=POSITIVE; Polarity normalized to POSITIVE.
warning,Officer Pelaksanaan Pembelajara,,weight_audit,Officer Pelaksanaan Pembelajaran,Weight total not 100: level=impact; kpi_type=OUTPUT; parent=Manpower productivity (Revenue per total manpower); raw_total=85.0; output_total=85.0; cause=Raw Data Issue.
warning,Officer Pelaksanaan Pembelajara,,weight_audit,Officer Pelaksanaan Pembelajaran,Weight total not 100: level=impact; kpi_type=OUTPUT; parent=Net Income; raw_total=10.0; output_total=10.0; cause=Raw Data Issue.
warning,Officer Pelaksanaan Pembelajara,,weight_audit,Officer Pelaksanaan Pembelajaran,Weight total not 100: level=impact; kpi_type=OUTPUT; parent=Number of KRI exceeding its risk tolerance limit; raw_total=5.0; output_total=5.0; cause=Raw Data Issue.
warning,Officer Pelaksanaan Pembelajara,,weight_audit,Officer Pelaksanaan Pembelajaran,Weight total not 100: level=output; kpi_type=KAI; parent=Community Collaboration; raw_total=15.0; output_total=15.0; cause=Raw Data Issue.
warning,Officer Pelaksanaan Pembelajara,,weight_audit,Officer Pelaksanaan Pembelajaran,Weight total not 100: level=output; kpi_type=KAI; parent=KM Optimization program; raw_total=20.0; output_total=20.0; cause=Raw Data Issue.
warning,Officer Pelaksanaan Pembelajara,,weight_audit,Officer Pelaksanaan Pembelajaran,Weight total not 100: level=output; kpi_type=KAI; parent=Learning Journey Framework; raw_total=15.0; output_total=15.0; cause=Raw Data Issue.
warning,Officer Pelaksanaan Pembelajara,,weight_audit,Officer Pelaksanaan Pembelajaran,Weight total not 100: level=output; kpi_type=KAI; parent=Pelaksanaan kegiatan ESG Skill Improvement; raw_total=10.0; output_total=10.0; cause=Raw Data Issue.
warning,Officer Pelaksanaan Pembelajara,,weight_audit,Officer Pelaksanaan Pembelajaran,Weight total not 100: level=output; kpi_type=KAI; parent=Pelaksanaan kegiatan Fundamental Skill Improvement; raw_total=10.0; output_total=10.0; cause=Raw Data Issue.
warning,Officer Pelaksanaan Pembelajara,,weight_audit,Officer Pelaksanaan Pembelajaran,Weight total not 100: level=output; kpi_type=KAI; parent=Pelindo Academy; raw_total=15.0; output_total=15.0; cause=Raw Data Issue.
warning,Officer Pelaksanaan Pembelajara,,weight_audit,Officer Pelaksanaan Pembelajaran,Weight total not 100: level=output; kpi_type=KAI; parent=Penyerapan Anggaran Dept Perencanaan dan Penyelenggaraan Pembelajaran; raw_total=10.0; output_total=10.0; cause=Raw Data Issue.
warning,Officer Pelaksanaan Pembelajara,,weight_audit,Officer Pelaksanaan Pembelajaran,"Weight total not 100: level=output; kpi_type=KAI; parent=Tingkat pemenuhan tata kelola, manajemen risiko, dan kepatuhan internal (Penyelesaian Temuan Audit); raw_total=5.0; output_total=5.0; cause=Raw Data Issue."
info,Officer Kinerja Individu,9,IMPACT,Net Income,enum_issue category=normalized; field=Polarity; raw=Positif; normalized=POSITIVE; Polarity normalized to POSITIVE.
info,Officer Kinerja Individu,9,IMPACT,Net Income,enum_issue category=normalized; field=Period; raw=Triwulanan; normalized=TRIWULANAN; Period normalized to TRIWULANAN.
info,Officer Kinerja Individu,10,IMPACT,(ROIC > WACC) x Inv.Capital,enum_issue category=normalized; field=Polarity; raw=Positif; normalized=POSITIVE; Polarity normalized to POSITIVE.
info,Officer Kinerja Individu,10,IMPACT,(ROIC > WACC) x Inv.Capital,enum_issue category=normalized; field=Period; raw=Triwulanan; normalized=TRIWULANAN; Period normalized to TRIWULANAN.
info,Officer Kinerja Individu,11,IMPACT,Total Productivity,enum_issue category=normalized; field=Polarity; raw=Positif; normalized=POSITIVE; Polarity normalized to POSITIVE.
info,Officer Kinerja Individu,11,IMPACT,Total Productivity,enum_issue category=normalized; field=Period; raw=Triwulanan; normalized=TRIWULANAN; Period normalized to TRIWULANAN.
info,Officer Kinerja Individu,12,IMPACT,Traffic Volume,enum_issue category=normalized; field=Polarity; raw=Positif; normalized=POSITIVE; Polarity normalized to POSITIVE.
info,Officer Kinerja Individu,12,IMPACT,Traffic Volume,enum_issue category=normalized; field=Period; raw=Triwulanan; normalized=TRIWULANAN; Period normalized to TRIWULANAN.
info,Officer Kinerja Individu,13,IMPACT,ESG Rating,enum_issue category=normalized; field=Polarity; raw=Positif; normalized=POSITIVE; Polarity normalized to POSITIVE.
info,Officer Kinerja Individu,13,IMPACT,ESG Rating,enum_issue category=normalized; field=Period; raw=Tahunan; normalized=TAHUNAN; Period normalized to TAHUNAN.
info,Officer Kinerja Individu,14,IMPACT,Lost Time Injury Frequency Rate (LTIFR),enum_issue category=normalized; field=Polarity; raw=Negatif; normalized=NEGATIVE; Polarity normalized to NEGATIVE.
info,Officer Kinerja Individu,14,IMPACT,Lost Time Injury Frequency Rate (LTIFR),enum_issue category=normalized; field=Period; raw=Triwulanan; normalized=TRIWULANAN; Period normalized to TRIWULANAN.
info,Officer Kinerja Individu,15,IMPACT,Number of KRI exceeding its risk tolerance limit,enum_issue category=normalized; field=Polarity; raw=Negatif; normalized=NEGATIVE; Polarity normalized to NEGATIVE.
info,Officer Kinerja Individu,15,IMPACT,Number of KRI exceeding its risk tolerance limit,enum_issue category=normalized; field=Period; raw=Triwulanan; normalized=TRIWULANAN; Period normalized to TRIWULANAN.
info,Officer Kinerja Individu,16,IMPACT,Pengembangan Ekosistem Bali Maritime Tourism Hub (BMTH),enum_issue category=normalized; field=Polarity; raw=Positif; normalized=POSITIVE; Polarity normalized to POSITIVE.
info,Officer Kinerja Individu,16,IMPACT,Pengembangan Ekosistem Bali Maritime Tourism Hub (BMTH),enum_issue category=normalized; field=Period; raw=Triwulanan; normalized=TRIWULANAN; Period normalized to TRIWULANAN.
info,Officer Kinerja Individu,17,IMPACT,Strategic Project Delivery,enum_issue category=normalized; field=Polarity; raw=Positif; normalized=POSITIVE; Polarity normalized to POSITIVE.
info,Officer Kinerja Individu,17,IMPACT,Strategic Project Delivery,enum_issue category=normalized; field=Period; raw=Triwulanan; normalized=TRIWULANAN; Period normalized to TRIWULANAN.
info,Officer Kinerja Individu,18,IMPACT,Manpower productivity (Revenue per total manpower),enum_issue category=normalized; field=Polarity; raw=Positif; normalized=POSITIVE; Polarity normalized to POSITIVE.
info,Officer Kinerja Individu,18,IMPACT,Manpower productivity (Revenue per total manpower),enum_issue category=normalized; field=Period; raw=Triwulanan; normalized=TRIWULANAN; Period normalized to TRIWULANAN.
info,Officer Kinerja Individu,21,OUTPUT,Penyempurnaan Pengelolaan Talent Management berbasis Kompetensi (manajemen kinerja individu),Merged duplicate OUTPUT row into canonical OUTPUT and reparented its KAI child.
info,Officer Kinerja Individu,22,OUTPUT,Penyempurnaan Pengelolaan Talent Management berbasis Kompetensi (manajemen kinerja individu),Merged duplicate OUTPUT row into canonical OUTPUT and reparented its KAI child.
warning,Officer Kinerja Individu,23,OUTPUT,Penyempurnaan Pengelolaan Talent Management berbasis Kompetensi (manajemen kinerja individu),Duplicate OUTPUT field conflict for description; kept first non-empty value.
warning,Officer Kinerja Individu,23,OUTPUT,Penyempurnaan Pengelolaan Talent Management berbasis Kompetensi (manajemen kinerja individu),Duplicate OUTPUT field conflict for formula; kept first non-empty value.
info,Officer Kinerja Individu,23,OUTPUT,Penyempurnaan Pengelolaan Talent Management berbasis Kompetensi (manajemen kinerja individu),Merged duplicate OUTPUT row into canonical OUTPUT and reparented its KAI child.
warning,Officer Kinerja Individu,24,OUTPUT,Penyempurnaan Pengelolaan Talent Management berbasis Kompetensi (manajemen kinerja individu),Duplicate OUTPUT field conflict for description; kept first non-empty value.
warning,Officer Kinerja Individu,24,OUTPUT,Penyempurnaan Pengelolaan Talent Management berbasis Kompetensi (manajemen kinerja individu),Duplicate OUTPUT field conflict for formula; kept first non-empty value.
info,Officer Kinerja Individu,24,OUTPUT,Penyempurnaan Pengelolaan Talent Management berbasis Kompetensi (manajemen kinerja individu),Merged duplicate OUTPUT row into canonical OUTPUT and reparented its KAI child.
warning,Officer Kinerja Individu,25,OUTPUT,Penyempurnaan Pengelolaan Talent Management berbasis Kompetensi (manajemen kinerja individu),Duplicate OUTPUT field conflict for description; kept first non-empty value.
warning,Officer Kinerja Individu,25,OUTPUT,Penyempurnaan Pengelolaan Talent Management berbasis Kompetensi (manajemen kinerja individu),Duplicate OUTPUT field conflict for formula; kept first non-empty value.
info,Officer Kinerja Individu,25,OUTPUT,Penyempurnaan Pengelolaan Talent Management berbasis Kompetensi (manajemen kinerja individu),Merged duplicate OUTPUT row into canonical OUTPUT and reparented its KAI child.
warning,Officer Kinerja Individu,26,OUTPUT,Penyempurnaan Pengelolaan Talent Management berbasis Kompetensi (manajemen kinerja individu),Duplicate OUTPUT field conflict for description; kept first non-empty value.
warning,Officer Kinerja Individu,26,OUTPUT,Penyempurnaan Pengelolaan Talent Management berbasis Kompetensi (manajemen kinerja individu),Duplicate OUTPUT field conflict for formula; kept first non-empty value.
info,Officer Kinerja Individu,26,OUTPUT,Penyempurnaan Pengelolaan Talent Management berbasis Kompetensi (manajemen kinerja individu),Merged duplicate OUTPUT row into canonical OUTPUT and reparented its KAI child.
info,Officer Kinerja Individu,28,OUTPUT,Penyempurnaan Pengelolaan Talent Management berbasis Kompetensi (manajemen assessment pekerja),Merged duplicate OUTPUT row into canonical OUTPUT and reparented its KAI child.
info,Officer Kinerja Individu,29,OUTPUT,Penyempurnaan Pengelolaan Talent Management berbasis Kompetensi (manajemen assessment pekerja),Merged duplicate OUTPUT row into canonical OUTPUT and reparented its KAI child.
info,Officer Kinerja Individu,30,OUTPUT,Penyempurnaan Pengelolaan Talent Management berbasis Kompetensi (manajemen assessment pekerja),Merged duplicate OUTPUT row into canonical OUTPUT and reparented its KAI child.
info,Officer Kinerja Individu,15,OUTPUT,"Tingkat pemenuhan tata kelola, manajemen risiko, dan kepatuhan internal (Penyelesaian Temuan Audit)",enum_issue category=normalized; field=Period; raw=Semester; normalized=SEMESTER; Period normalized to SEMESTER.
info,Officer Kinerja Individu,15,OUTPUT,"Tingkat pemenuhan tata kelola, manajemen risiko, dan kepatuhan internal (Penyelesaian Temuan Audit)",enum_issue category=normalized; field=Polarity; raw=Positif; normalized=POSITIVE; Polarity normalized to POSITIVE.
info,Officer Kinerja Individu,20,OUTPUT,Penyempurnaan Pengelolaan Talent Management berbasis Kompetensi (manajemen kinerja individu),enum_issue category=normalized; field=Period; raw=Triwulanan; normalized=TRIWULANAN; Period normalized to TRIWULANAN.
info,Officer Kinerja Individu,20,OUTPUT,Penyempurnaan Pengelolaan Talent Management berbasis Kompetensi (manajemen kinerja individu),enum_issue category=normalized; field=Polarity; raw=Positif; normalized=POSITIVE; Polarity normalized to POSITIVE.
info,Officer Kinerja Individu,27,OUTPUT,Penyempurnaan Pengelolaan Talent Management berbasis Kompetensi (manajemen assessment pekerja),enum_issue category=normalized; field=Period; raw=Triwulanan; normalized=TRIWULANAN; Period normalized to TRIWULANAN.
info,Officer Kinerja Individu,27,OUTPUT,Penyempurnaan Pengelolaan Talent Management berbasis Kompetensi (manajemen assessment pekerja),enum_issue category=normalized; field=Polarity; raw=Positif; normalized=POSITIVE; Polarity normalized to POSITIVE.
info,Officer Kinerja Individu,31,OUTPUT,Standarisasi assessment pekerja PELINDO Group,enum_issue category=normalized; field=Period; raw=Bulanan; normalized=BULANAN; Period normalized to BULANAN.
info,Officer Kinerja Individu,31,OUTPUT,Standarisasi assessment pekerja PELINDO Group,enum_issue category=normalized; field=Polarity; raw=Positif; normalized=POSITIVE; Polarity normalized to POSITIVE.
info,Officer Kinerja Individu,32,OUTPUT,Enhancement modul PMS,enum_issue category=normalized; field=Period; raw=Bulanan; normalized=BULANAN; Period normalized to BULANAN.
info,Officer Kinerja Individu,32,OUTPUT,Enhancement modul PMS,enum_issue category=normalized; field=Polarity; raw=Positif; normalized=POSITIVE; Polarity normalized to POSITIVE.
warning,Officer Kinerja Individu,20,KAI,realisasi program implementasi dan monitoring kinerja individu,KAI formula may not be percentage-based or is blank.
warning,Officer Kinerja Individu,21,KAI,update SOP dan instruksi kerja pengelolaan kinerja individu,KAI formula may not be percentage-based or is blank.
warning,Officer Kinerja Individu,22,KAI,campaign atau media komunikasi PER-FACT,KAI formula may not be percentage-based or is blank.
warning,Officer Kinerja Individu,23,KAI,pengelolaan kinerja individu HO,KAI formula may not be percentage-based or is blank.
warning,Officer Kinerja Individu,24,KAI,pengelolaan kinerja individu regional dan cabang,KAI formula may not be percentage-based or is blank.
warning,Officer Kinerja Individu,25,KAI,pengelolaan kinerja individu subholding dan AnPer,KAI formula may not be percentage-based or is blank.
warning,Officer Kinerja Individu,26,KAI,pengelolaan kinerja individu APNC,KAI formula may not be percentage-based or is blank.
warning,Officer Kinerja Individu,32,KAI,% progress enhancement modul PMS,KAI formula may not be percentage-based or is blank.
warning,Officer Kinerja Individu,,weight_audit,Officer Kinerja Individu,Weight total not 100: level=impact; kpi_type=OUTPUT; parent=Manpower productivity (Revenue per total manpower); raw_total=150.0; output_total=95.0; cause=Dedupe Adjustment.
warning,Officer Kinerja Individu,,weight_audit,Officer Kinerja Individu,Weight total not 100: level=impact; kpi_type=OUTPUT; parent=Number of KRI exceeding its risk tolerance limit; raw_total=5.0; output_total=5.0; cause=Raw Data Issue.
warning,Officer Kinerja Individu,,weight_audit,Officer Kinerja Individu,Weight total not 100: level=output; kpi_type=KAI; parent=Enhancement modul PMS; raw_total=10.0; output_total=10.0; cause=Raw Data Issue.
warning,Officer Kinerja Individu,,weight_audit,Officer Kinerja Individu,Weight total not 100: level=output; kpi_type=KAI; parent=Penyempurnaan Pengelolaan Talent Management berbasis Kompetensi (manajemen assessment pekerja); raw_total=30.0; output_total=30.0; cause=Raw Data Issue.
warning,Officer Kinerja Individu,,weight_audit,Officer Kinerja Individu,Weight total not 100: level=output; kpi_type=KAI; parent=Penyempurnaan Pengelolaan Talent Management berbasis Kompetensi (manajemen kinerja individu); raw_total=45.0; output_total=45.0; cause=Raw Data Issue.
warning,Officer Kinerja Individu,,weight_audit,Officer Kinerja Individu,Weight total not 100: level=output; kpi_type=KAI; parent=Standarisasi assessment pekerja PELINDO Group; raw_total=10.0; output_total=10.0; cause=Raw Data Issue.
warning,Officer Kinerja Individu,,weight_audit,Officer Kinerja Individu,"Weight total not 100: level=output; kpi_type=KAI; parent=Tingkat pemenuhan tata kelola, manajemen risiko, dan kepatuhan internal (Penyelesaian Temuan Audit); raw_total=5.0; output_total=5.0; cause=Raw Data Issue."
info,Officer Kepemimpinan-Budaya,9,IMPACT,(ROIC > WACC) x Inv.Capital,enum_issue category=normalized; field=Polarity; raw=Positif; normalized=POSITIVE; Polarity normalized to POSITIVE.
info,Officer Kepemimpinan-Budaya,9,IMPACT,(ROIC > WACC) x Inv.Capital,enum_issue category=normalized; field=Period; raw=Triwulanan; normalized=TRIWULANAN; Period normalized to TRIWULANAN.
info,Officer Kepemimpinan-Budaya,10,IMPACT,Net Income,enum_issue category=normalized; field=Polarity; raw=Positif; normalized=POSITIVE; Polarity normalized to POSITIVE.
info,Officer Kepemimpinan-Budaya,10,IMPACT,Net Income,enum_issue category=normalized; field=Period; raw=Triwulanan; normalized=TRIWULANAN; Period normalized to TRIWULANAN.
info,Officer Kepemimpinan-Budaya,11,IMPACT,Total Productivity,enum_issue category=normalized; field=Polarity; raw=Positif; normalized=POSITIVE; Polarity normalized to POSITIVE.
info,Officer Kepemimpinan-Budaya,11,IMPACT,Total Productivity,enum_issue category=normalized; field=Period; raw=Triwulanan; normalized=TRIWULANAN; Period normalized to TRIWULANAN.
info,Officer Kepemimpinan-Budaya,12,IMPACT,Traffic Volume,enum_issue category=normalized; field=Polarity; raw=Positif; normalized=POSITIVE; Polarity normalized to POSITIVE.
info,Officer Kepemimpinan-Budaya,12,IMPACT,Traffic Volume,enum_issue category=normalized; field=Period; raw=Triwulanan; normalized=TRIWULANAN; Period normalized to TRIWULANAN.
info,Officer Kepemimpinan-Budaya,13,IMPACT,ESG Rating,enum_issue category=normalized; field=Polarity; raw=Positif; normalized=POSITIVE; Polarity normalized to POSITIVE.
info,Officer Kepemimpinan-Budaya,13,IMPACT,ESG Rating,enum_issue category=normalized; field=Period; raw=Tahunan; normalized=TAHUNAN; Period normalized to TAHUNAN.
info,Officer Kepemimpinan-Budaya,14,IMPACT,Lost Time Injury Frequency Rate (LTIFR),enum_issue category=normalized; field=Polarity; raw=Negatif; normalized=NEGATIVE; Polarity normalized to NEGATIVE.
info,Officer Kepemimpinan-Budaya,14,IMPACT,Lost Time Injury Frequency Rate (LTIFR),enum_issue category=normalized; field=Period; raw=Triwulanan; normalized=TRIWULANAN; Period normalized to TRIWULANAN.
info,Officer Kepemimpinan-Budaya,15,IMPACT,Number of KRI exceeding its risk tolerance limit,enum_issue category=normalized; field=Polarity; raw=Negatif; normalized=NEGATIVE; Polarity normalized to NEGATIVE.
info,Officer Kepemimpinan-Budaya,15,IMPACT,Number of KRI exceeding its risk tolerance limit,enum_issue category=normalized; field=Period; raw=Triwulanan; normalized=TRIWULANAN; Period normalized to TRIWULANAN.
info,Officer Kepemimpinan-Budaya,16,IMPACT,Pengembangan Ekosistem Bali Maritime Tourism Hub (BMTH),enum_issue category=normalized; field=Polarity; raw=Positif; normalized=POSITIVE; Polarity normalized to POSITIVE.
info,Officer Kepemimpinan-Budaya,16,IMPACT,Pengembangan Ekosistem Bali Maritime Tourism Hub (BMTH),enum_issue category=normalized; field=Period; raw=Triwulanan; normalized=TRIWULANAN; Period normalized to TRIWULANAN.
info,Officer Kepemimpinan-Budaya,17,IMPACT,Strategic Project Delivery,enum_issue category=normalized; field=Polarity; raw=Positif; normalized=POSITIVE; Polarity normalized to POSITIVE.
info,Officer Kepemimpinan-Budaya,17,IMPACT,Strategic Project Delivery,enum_issue category=normalized; field=Period; raw=Triwulanan; normalized=TRIWULANAN; Period normalized to TRIWULANAN.
info,Officer Kepemimpinan-Budaya,18,IMPACT,Manpower productivity (Revenue per total manpower),enum_issue category=normalized; field=Polarity; raw=Positif; normalized=POSITIVE; Polarity normalized to POSITIVE.
info,Officer Kepemimpinan-Budaya,18,IMPACT,Manpower productivity (Revenue per total manpower),enum_issue category=normalized; field=Period; raw=Triwulanan; normalized=TRIWULANAN; Period normalized to TRIWULANAN.
info,Officer Kepemimpinan-Budaya,15,OUTPUT,"Tingkat pemenuhan tata kelola, manajemen risiko, dan kepatuhan internal (Penyelesaian Temuan Audit)",enum_issue category=normalized; field=Period; raw=Semester; normalized=SEMESTER; Period normalized to SEMESTER.
info,Officer Kepemimpinan-Budaya,15,OUTPUT,"Tingkat pemenuhan tata kelola, manajemen risiko, dan kepatuhan internal (Penyelesaian Temuan Audit)",enum_issue category=normalized; field=Polarity; raw=Positif; normalized=POSITIVE; Polarity normalized to POSITIVE.
info,Officer Kepemimpinan-Budaya,19,OUTPUT,Pelindo Academy,enum_issue category=normalized; field=Period; raw=Triwulanan; normalized=TRIWULANAN; Period normalized to TRIWULANAN.
info,Officer Kepemimpinan-Budaya,19,OUTPUT,Pelindo Academy,enum_issue category=normalized; field=Polarity; raw=Positif; normalized=POSITIVE; Polarity normalized to POSITIVE.
info,Officer Kepemimpinan-Budaya,20,OUTPUT,Integrasi Budaya Pelindo selaras dengan RJPP,enum_issue category=normalized; field=Period; raw=Tahunan; normalized=TAHUNAN; Period normalized to TAHUNAN.
info,Officer Kepemimpinan-Budaya,20,OUTPUT,Integrasi Budaya Pelindo selaras dengan RJPP,enum_issue category=normalized; field=Polarity; raw=Positif; normalized=POSITIVE; Polarity normalized to POSITIVE.
info,Officer Kepemimpinan-Budaya,21,OUTPUT,Learning Journey Framework,enum_issue category=normalized; field=Period; raw=Semester; normalized=SEMESTER; Period normalized to SEMESTER.
info,Officer Kepemimpinan-Budaya,21,OUTPUT,Learning Journey Framework,enum_issue category=normalized; field=Polarity; raw=Positif; normalized=POSITIVE; Polarity normalized to POSITIVE.
warning,Officer Kepemimpinan-Budaya,,weight_audit,Officer Kepemimpinan dan Budaya Korporat,Weight total not 100: level=impact; kpi_type=OUTPUT; parent=Manpower productivity (Revenue per total manpower); raw_total=95.0; output_total=95.0; cause=Raw Data Issue.
warning,Officer Kepemimpinan-Budaya,,weight_audit,Officer Kepemimpinan dan Budaya Korporat,Weight total not 100: level=impact; kpi_type=OUTPUT; parent=Number of KRI exceeding its risk tolerance limit; raw_total=5.0; output_total=5.0; cause=Raw Data Issue.
warning,Officer Kepemimpinan-Budaya,,weight_audit,Officer Kepemimpinan dan Budaya Korporat,Weight total not 100: level=output; kpi_type=KAI; parent=Integrasi Budaya Pelindo selaras dengan RJPP; raw_total=35.0; output_total=35.0; cause=Raw Data Issue.
warning,Officer Kepemimpinan-Budaya,,weight_audit,Officer Kepemimpinan dan Budaya Korporat,Weight total not 100: level=output; kpi_type=KAI; parent=Learning Journey Framework; raw_total=25.0; output_total=25.0; cause=Raw Data Issue.
warning,Officer Kepemimpinan-Budaya,,weight_audit,Officer Kepemimpinan dan Budaya Korporat,Weight total not 100: level=output; kpi_type=KAI; parent=Pelindo Academy; raw_total=35.0; output_total=35.0; cause=Raw Data Issue.
warning,Officer Kepemimpinan-Budaya,,weight_audit,Officer Kepemimpinan dan Budaya Korporat,"Weight total not 100: level=output; kpi_type=KAI; parent=Tingkat pemenuhan tata kelola, manajemen risiko, dan kepatuhan internal (Penyelesaian Temuan Audit); raw_total=5.0; output_total=5.0; cause=Raw Data Issue."
info,Officer Strategi-Evaluasi,9,IMPACT,Net Income,enum_issue category=normalized; field=Polarity; raw=Positif; normalized=POSITIVE; Polarity normalized to POSITIVE.
info,Officer Strategi-Evaluasi,9,IMPACT,Net Income,enum_issue category=normalized; field=Period; raw=Triwulanan; normalized=TRIWULANAN; Period normalized to TRIWULANAN.
info,Officer Strategi-Evaluasi,10,IMPACT,(ROIC > WACC) x Inv.Capital,enum_issue category=normalized; field=Polarity; raw=Positif; normalized=POSITIVE; Polarity normalized to POSITIVE.
info,Officer Strategi-Evaluasi,10,IMPACT,(ROIC > WACC) x Inv.Capital,enum_issue category=normalized; field=Period; raw=Triwulanan; normalized=TRIWULANAN; Period normalized to TRIWULANAN.
info,Officer Strategi-Evaluasi,11,IMPACT,Total Productivity,enum_issue category=normalized; field=Polarity; raw=Positif; normalized=POSITIVE; Polarity normalized to POSITIVE.
info,Officer Strategi-Evaluasi,11,IMPACT,Total Productivity,enum_issue category=normalized; field=Period; raw=Triwulanan; normalized=TRIWULANAN; Period normalized to TRIWULANAN.
info,Officer Strategi-Evaluasi,12,IMPACT,Traffic Volume,enum_issue category=normalized; field=Polarity; raw=Positif; normalized=POSITIVE; Polarity normalized to POSITIVE.
info,Officer Strategi-Evaluasi,12,IMPACT,Traffic Volume,enum_issue category=normalized; field=Period; raw=Triwulanan; normalized=TRIWULANAN; Period normalized to TRIWULANAN.
info,Officer Strategi-Evaluasi,13,IMPACT,ESG Rating,enum_issue category=normalized; field=Polarity; raw=Positif; normalized=POSITIVE; Polarity normalized to POSITIVE.
info,Officer Strategi-Evaluasi,13,IMPACT,ESG Rating,enum_issue category=normalized; field=Period; raw=Tahunan; normalized=TAHUNAN; Period normalized to TAHUNAN.
info,Officer Strategi-Evaluasi,14,IMPACT,Lost Time Injury Frequency Rate (LTIFR),enum_issue category=normalized; field=Polarity; raw=Negatif; normalized=NEGATIVE; Polarity normalized to NEGATIVE.
info,Officer Strategi-Evaluasi,14,IMPACT,Lost Time Injury Frequency Rate (LTIFR),enum_issue category=normalized; field=Period; raw=Triwulanan; normalized=TRIWULANAN; Period normalized to TRIWULANAN.
info,Officer Strategi-Evaluasi,15,IMPACT,Number of KRI exceeding its risk tolerance limit,enum_issue category=normalized; field=Polarity; raw=Negatif; normalized=NEGATIVE; Polarity normalized to NEGATIVE.
info,Officer Strategi-Evaluasi,15,IMPACT,Number of KRI exceeding its risk tolerance limit,enum_issue category=normalized; field=Period; raw=Triwulanan; normalized=TRIWULANAN; Period normalized to TRIWULANAN.
info,Officer Strategi-Evaluasi,16,IMPACT,Pengembangan Ekosistem Bali Maritime Tourism Hub (BMTH),enum_issue category=normalized; field=Polarity; raw=Positif; normalized=POSITIVE; Polarity normalized to POSITIVE.
info,Officer Strategi-Evaluasi,16,IMPACT,Pengembangan Ekosistem Bali Maritime Tourism Hub (BMTH),enum_issue category=normalized; field=Period; raw=Triwulanan; normalized=TRIWULANAN; Period normalized to TRIWULANAN.
info,Officer Strategi-Evaluasi,17,IMPACT,Strategic Project Delivery,enum_issue category=normalized; field=Polarity; raw=Positif; normalized=POSITIVE; Polarity normalized to POSITIVE.
info,Officer Strategi-Evaluasi,17,IMPACT,Strategic Project Delivery,enum_issue category=normalized; field=Period; raw=Triwulanan; normalized=TRIWULANAN; Period normalized to TRIWULANAN.
info,Officer Strategi-Evaluasi,18,IMPACT,Manpower productivity (Revenue per total manpower),enum_issue category=normalized; field=Polarity; raw=Positif; normalized=POSITIVE; Polarity normalized to POSITIVE.
info,Officer Strategi-Evaluasi,18,IMPACT,Manpower productivity (Revenue per total manpower),enum_issue category=normalized; field=Period; raw=Triwulanan; normalized=TRIWULANAN; Period normalized to TRIWULANAN.
info,Officer Strategi-Evaluasi,15,OUTPUT,"Tingkat pemenuhan tata kelola, manajemen risiko, dan kepatuhan internal (Penyelesaian Temuan Audit)",enum_issue category=normalized; field=Period; raw=Semester; normalized=SEMESTER; Period normalized to SEMESTER.
info,Officer Strategi-Evaluasi,15,OUTPUT,"Tingkat pemenuhan tata kelola, manajemen risiko, dan kepatuhan internal (Penyelesaian Temuan Audit)",enum_issue category=normalized; field=Polarity; raw=Positif; normalized=POSITIVE; Polarity normalized to POSITIVE.
info,Officer Strategi-Evaluasi,19,OUTPUT,Pelindo Academy,enum_issue category=normalized; field=Period; raw=Triwulanan; normalized=TRIWULANAN; Period normalized to TRIWULANAN.
info,Officer Strategi-Evaluasi,19,OUTPUT,Pelindo Academy,enum_issue category=normalized; field=Polarity; raw=Positif; normalized=POSITIVE; Polarity normalized to POSITIVE.
info,Officer Strategi-Evaluasi,21,OUTPUT,Program Pendidikan Pasca-Sarjana,enum_issue category=normalized; field=Period; raw=Tahunan; normalized=TAHUNAN; Period normalized to TAHUNAN.
info,Officer Strategi-Evaluasi,21,OUTPUT,Program Pendidikan Pasca-Sarjana,enum_issue category=normalized; field=Polarity; raw=Positif; normalized=POSITIVE; Polarity normalized to POSITIVE.
info,Officer Strategi-Evaluasi,22,OUTPUT,Learning Journey Framework,enum_issue category=normalized; field=Period; raw=Semester; normalized=SEMESTER; Period normalized to SEMESTER.
info,Officer Strategi-Evaluasi,22,OUTPUT,Learning Journey Framework,enum_issue category=normalized; field=Polarity; raw=Positif; normalized=POSITIVE; Polarity normalized to POSITIVE.
info,Officer Strategi-Evaluasi,23,OUTPUT,Perencanaan kegiatan Fundamental Skill Improvement,enum_issue category=normalized; field=Period; raw=Bulanan; normalized=BULANAN; Period normalized to BULANAN.
info,Officer Strategi-Evaluasi,23,OUTPUT,Perencanaan kegiatan Fundamental Skill Improvement,enum_issue category=normalized; field=Polarity; raw=Positif; normalized=POSITIVE; Polarity normalized to POSITIVE.
info,Officer Strategi-Evaluasi,24,OUTPUT,Perencanaan kegiatan ESG Skill Improvement,enum_issue category=normalized; field=Period; raw=Bulanan; normalized=BULANAN; Period normalized to BULANAN.
info,Officer Strategi-Evaluasi,24,OUTPUT,Perencanaan kegiatan ESG Skill Improvement,enum_issue category=normalized; field=Polarity; raw=Positif; normalized=POSITIVE; Polarity normalized to POSITIVE.
warning,Officer Strategi-Evaluasi,,weight_audit,Officer Strategi-Evaluasi Pembelajaran,Weight total not 100: level=impact; kpi_type=OUTPUT; parent=Manpower productivity (Revenue per total manpower); raw_total=95.0; output_total=95.0; cause=Raw Data Issue.
warning,Officer Strategi-Evaluasi,,weight_audit,Officer Strategi-Evaluasi Pembelajaran,Weight total not 100: level=impact; kpi_type=OUTPUT; parent=Number of KRI exceeding its risk tolerance limit; raw_total=5.0; output_total=5.0; cause=Raw Data Issue.
warning,Officer Strategi-Evaluasi,,weight_audit,Officer Strategi-Evaluasi Pembelajaran,Weight total not 100: level=output; kpi_type=KAI; parent=Learning Journey Framework; raw_total=30.0; output_total=30.0; cause=Raw Data Issue.
warning,Officer Strategi-Evaluasi,,weight_audit,Officer Strategi-Evaluasi Pembelajaran,Weight total not 100: level=output; kpi_type=KAI; parent=Pelindo Academy; raw_total=25.0; output_total=25.0; cause=Raw Data Issue.
warning,Officer Strategi-Evaluasi,,weight_audit,Officer Strategi-Evaluasi Pembelajaran,Weight total not 100: level=output; kpi_type=KAI; parent=Perencanaan kegiatan ESG Skill Improvement; raw_total=15.0; output_total=15.0; cause=Raw Data Issue.
warning,Officer Strategi-Evaluasi,,weight_audit,Officer Strategi-Evaluasi Pembelajaran,Weight total not 100: level=output; kpi_type=KAI; parent=Perencanaan kegiatan Fundamental Skill Improvement; raw_total=20.0; output_total=20.0; cause=Raw Data Issue.
warning,Officer Strategi-Evaluasi,,weight_audit,Officer Strategi-Evaluasi Pembelajaran,Weight total not 100: level=output; kpi_type=KAI; parent=Program Pendidikan Pasca-Sarjana; raw_total=5.0; output_total=5.0; cause=Raw Data Issue.
warning,Officer Strategi-Evaluasi,,weight_audit,Officer Strategi-Evaluasi Pembelajaran,"Weight total not 100: level=output; kpi_type=KAI; parent=Tingkat pemenuhan tata kelola, manajemen risiko, dan kepatuhan internal (Penyelesaian Temuan Audit); raw_total=5.0; output_total=5.0; cause=Raw Data Issue."
info,Manager Rekrutmen-Karir,9,IMPACT,Net Income,enum_issue category=normalized; field=Polarity; raw=Positif; normalized=POSITIVE; Polarity normalized to POSITIVE.
info,Manager Rekrutmen-Karir,9,IMPACT,Net Income,enum_issue category=normalized; field=Period; raw=Triwulanan; normalized=TRIWULANAN; Period normalized to TRIWULANAN.
info,Manager Rekrutmen-Karir,10,IMPACT,(ROIC > WACC) x Inv.Capital,enum_issue category=normalized; field=Polarity; raw=Positif; normalized=POSITIVE; Polarity normalized to POSITIVE.
info,Manager Rekrutmen-Karir,10,IMPACT,(ROIC > WACC) x Inv.Capital,enum_issue category=normalized; field=Period; raw=Triwulanan; normalized=TRIWULANAN; Period normalized to TRIWULANAN.
info,Manager Rekrutmen-Karir,11,IMPACT,Total Productivity,enum_issue category=normalized; field=Polarity; raw=Positif; normalized=POSITIVE; Polarity normalized to POSITIVE.
info,Manager Rekrutmen-Karir,11,IMPACT,Total Productivity,enum_issue category=normalized; field=Period; raw=Triwulanan; normalized=TRIWULANAN; Period normalized to TRIWULANAN.
info,Manager Rekrutmen-Karir,12,IMPACT,Traffic Volume,enum_issue category=normalized; field=Polarity; raw=Positif; normalized=POSITIVE; Polarity normalized to POSITIVE.
info,Manager Rekrutmen-Karir,12,IMPACT,Traffic Volume,enum_issue category=normalized; field=Period; raw=Triwulanan; normalized=TRIWULANAN; Period normalized to TRIWULANAN.
info,Manager Rekrutmen-Karir,13,IMPACT,ESG Rating,enum_issue category=normalized; field=Polarity; raw=Positif; normalized=POSITIVE; Polarity normalized to POSITIVE.
info,Manager Rekrutmen-Karir,13,IMPACT,ESG Rating,enum_issue category=normalized; field=Period; raw=Tahunan; normalized=TAHUNAN; Period normalized to TAHUNAN.
info,Manager Rekrutmen-Karir,14,IMPACT,Lost Time Injury Frequency Rate (LTIFR),enum_issue category=normalized; field=Polarity; raw=Negatif; normalized=NEGATIVE; Polarity normalized to NEGATIVE.
info,Manager Rekrutmen-Karir,14,IMPACT,Lost Time Injury Frequency Rate (LTIFR),enum_issue category=normalized; field=Period; raw=Triwulanan; normalized=TRIWULANAN; Period normalized to TRIWULANAN.
info,Manager Rekrutmen-Karir,15,IMPACT,Number of KRI exceeding its risk tolerance limit,enum_issue category=normalized; field=Polarity; raw=Negatif; normalized=NEGATIVE; Polarity normalized to NEGATIVE.
info,Manager Rekrutmen-Karir,15,IMPACT,Number of KRI exceeding its risk tolerance limit,enum_issue category=normalized; field=Period; raw=Triwulanan; normalized=TRIWULANAN; Period normalized to TRIWULANAN.
info,Manager Rekrutmen-Karir,16,IMPACT,Pengembangan Ekosistem Bali Maritime Tourism Hub (BMTH),enum_issue category=normalized; field=Polarity; raw=Positif; normalized=POSITIVE; Polarity normalized to POSITIVE.
info,Manager Rekrutmen-Karir,16,IMPACT,Pengembangan Ekosistem Bali Maritime Tourism Hub (BMTH),enum_issue category=normalized; field=Period; raw=Triwulanan; normalized=TRIWULANAN; Period normalized to TRIWULANAN.
info,Manager Rekrutmen-Karir,17,IMPACT,Strategic Project Delivery,enum_issue category=normalized; field=Polarity; raw=Positif; normalized=POSITIVE; Polarity normalized to POSITIVE.
info,Manager Rekrutmen-Karir,17,IMPACT,Strategic Project Delivery,enum_issue category=normalized; field=Period; raw=Triwulanan; normalized=TRIWULANAN; Period normalized to TRIWULANAN.
info,Manager Rekrutmen-Karir,18,IMPACT,Manpower productivity (Revenue per total manpower),enum_issue category=normalized; field=Polarity; raw=Positif; normalized=POSITIVE; Polarity normalized to POSITIVE.
info,Manager Rekrutmen-Karir,18,IMPACT,Manpower productivity (Revenue per total manpower),enum_issue category=normalized; field=Period; raw=Triwulanan; normalized=TRIWULANAN; Period normalized to TRIWULANAN.
info,Manager Rekrutmen-Karir,9,OUTPUT,Penyerapan Anggaran Dept Manajemen Talenta dan Kinerja SDM,enum_issue category=normalized; field=Period; raw=Triwulanan; normalized=TRIWULANAN; Period normalized to TRIWULANAN.
info,Manager Rekrutmen-Karir,9,OUTPUT,Penyerapan Anggaran Dept Manajemen Talenta dan Kinerja SDM,enum_issue category=normalized; field=Polarity; raw=Positif; normalized=POSITIVE; Polarity normalized to POSITIVE.
info,Manager Rekrutmen-Karir,15,OUTPUT,"Tingkat pemenuhan tata kelola, manajemen risiko, dan kepatuhan internal (Penyelesaian Temuan Audit)",enum_issue category=normalized; field=Period; raw=Semester; normalized=SEMESTER; Period normalized to SEMESTER.
info,Manager Rekrutmen-Karir,15,OUTPUT,"Tingkat pemenuhan tata kelola, manajemen risiko, dan kepatuhan internal (Penyelesaian Temuan Audit)",enum_issue category=normalized; field=Polarity; raw=Positif; normalized=POSITIVE; Polarity normalized to POSITIVE.
info,Manager Rekrutmen-Karir,19,OUTPUT,Career Management Framework,enum_issue category=normalized; field=Period; raw=Semester; normalized=SEMESTER; Period normalized to SEMESTER.
info,Manager Rekrutmen-Karir,19,OUTPUT,Career Management Framework,enum_issue category=normalized; field=Polarity; raw=Positif; normalized=POSITIVE; Polarity normalized to POSITIVE.
info,Manager Rekrutmen-Karir,20,OUTPUT,Enhancement modul TMS,enum_issue category=normalized; field=Period; raw=Bulanan; normalized=BULANAN; Period normalized to BULANAN.
info,Manager Rekrutmen-Karir,20,OUTPUT,Enhancement modul TMS,enum_issue category=normalized; field=Polarity; raw=Positif; normalized=POSITIVE; Polarity normalized to POSITIVE.
info,Manager Rekrutmen-Karir,21,OUTPUT,Penyiapan talent perusahaan sebagai nominated talent cluster logistik laut,enum_issue category=normalized; field=Period; raw=Triwulan; normalized=TRIWULANAN; Period normalized to TRIWULANAN.
info,Manager Rekrutmen-Karir,21,OUTPUT,Penyiapan talent perusahaan sebagai nominated talent cluster logistik laut,enum_issue category=normalized; field=Polarity; raw=Positif; normalized=POSITIVE; Polarity normalized to POSITIVE.
info,Manager Rekrutmen-Karir,22,OUTPUT,MonEv pelaksanaan mutasi pekerja,enum_issue category=normalized; field=Period; raw=Triwulan; normalized=TRIWULANAN; Period normalized to TRIWULANAN.
info,Manager Rekrutmen-Karir,22,OUTPUT,MonEv pelaksanaan mutasi pekerja,enum_issue category=normalized; field=Polarity; raw=Positif; normalized=POSITIVE; Polarity normalized to POSITIVE.
info,Manager Rekrutmen-Karir,23,OUTPUT,Evaluasi kegiatan event talent,enum_issue category=normalized; field=Period; raw=Tahunan; normalized=TAHUNAN; Period normalized to TAHUNAN.
info,Manager Rekrutmen-Karir,23,OUTPUT,Evaluasi kegiatan event talent,enum_issue category=normalized; field=Polarity; raw=Positif; normalized=POSITIVE; Polarity normalized to POSITIVE.
info,Manager Rekrutmen-Karir,24,OUTPUT,MonEv penyelnggaraan rekrutmen pekerja,enum_issue category=normalized; field=Period; raw=Tahunan; normalized=TAHUNAN; Period normalized to TAHUNAN.
info,Manager Rekrutmen-Karir,24,OUTPUT,MonEv penyelnggaraan rekrutmen pekerja,enum_issue category=normalized; field=Polarity; raw=Positif; normalized=POSITIVE; Polarity normalized to POSITIVE.
warning,Manager Rekrutmen-Karir,20,KAI,% progress enhancement modul TMS,KAI formula may not be percentage-based or is blank.
warning,Manager Rekrutmen-Karir,,weight_audit,Manager Rekrutmen-Karir,Weight total not 100: level=impact; kpi_type=OUTPUT; parent=Manpower productivity (Revenue per total manpower); raw_total=85.0; output_total=85.0; cause=Raw Data Issue.
warning,Manager Rekrutmen-Karir,,weight_audit,Manager Rekrutmen-Karir,Weight total not 100: level=impact; kpi_type=OUTPUT; parent=Net Income; raw_total=10.0; output_total=10.0; cause=Raw Data Issue.
warning,Manager Rekrutmen-Karir,,weight_audit,Manager Rekrutmen-Karir,Weight total not 100: level=impact; kpi_type=OUTPUT; parent=Number of KRI exceeding its risk tolerance limit; raw_total=5.0; output_total=5.0; cause=Raw Data Issue.
warning,Manager Rekrutmen-Karir,,weight_audit,Manager Rekrutmen-Karir,Weight total not 100: level=output; kpi_type=KAI; parent=Career Management Framework; raw_total=20.0; output_total=20.0; cause=Raw Data Issue.
warning,Manager Rekrutmen-Karir,,weight_audit,Manager Rekrutmen-Karir,Weight total not 100: level=output; kpi_type=KAI; parent=Enhancement modul TMS; raw_total=20.0; output_total=20.0; cause=Raw Data Issue.
warning,Manager Rekrutmen-Karir,,weight_audit,Manager Rekrutmen-Karir,Weight total not 100: level=output; kpi_type=KAI; parent=Evaluasi kegiatan event talent; raw_total=10.0; output_total=10.0; cause=Raw Data Issue.
warning,Manager Rekrutmen-Karir,,weight_audit,Manager Rekrutmen-Karir,Weight total not 100: level=output; kpi_type=KAI; parent=MonEv pelaksanaan mutasi pekerja; raw_total=15.0; output_total=15.0; cause=Raw Data Issue.
warning,Manager Rekrutmen-Karir,,weight_audit,Manager Rekrutmen-Karir,Weight total not 100: level=output; kpi_type=KAI; parent=MonEv penyelnggaraan rekrutmen pekerja; raw_total=10.0; output_total=10.0; cause=Raw Data Issue.
warning,Manager Rekrutmen-Karir,,weight_audit,Manager Rekrutmen-Karir,Weight total not 100: level=output; kpi_type=KAI; parent=Penyerapan Anggaran Dept Manajemen Talenta dan Kinerja SDM; raw_total=10.0; output_total=10.0; cause=Raw Data Issue.
warning,Manager Rekrutmen-Karir,,weight_audit,Manager Rekrutmen-Karir,Weight total not 100: level=output; kpi_type=KAI; parent=Penyiapan talent perusahaan sebagai nominated talent cluster logistik laut; raw_total=10.0; output_total=10.0; cause=Raw Data Issue.
warning,Manager Rekrutmen-Karir,,weight_audit,Manager Rekrutmen-Karir,"Weight total not 100: level=output; kpi_type=KAI; parent=Tingkat pemenuhan tata kelola, manajemen risiko, dan kepatuhan internal (Penyelesaian Temuan Audit); raw_total=5.0; output_total=5.0; cause=Raw Data Issue."
info,Manager Pelaksanaan Pembelajara,9,IMPACT,Net Income,enum_issue category=normalized; field=Polarity; raw=Positif; normalized=POSITIVE; Polarity normalized to POSITIVE.
info,Manager Pelaksanaan Pembelajara,9,IMPACT,Net Income,enum_issue category=normalized; field=Period; raw=Triwulanan; normalized=TRIWULANAN; Period normalized to TRIWULANAN.
info,Manager Pelaksanaan Pembelajara,10,IMPACT,(ROIC > WACC) x Inv.Capital,enum_issue category=normalized; field=Polarity; raw=Positif; normalized=POSITIVE; Polarity normalized to POSITIVE.
info,Manager Pelaksanaan Pembelajara,10,IMPACT,(ROIC > WACC) x Inv.Capital,enum_issue category=normalized; field=Period; raw=Triwulanan; normalized=TRIWULANAN; Period normalized to TRIWULANAN.
info,Manager Pelaksanaan Pembelajara,11,IMPACT,Total Productivity,enum_issue category=normalized; field=Polarity; raw=Positif; normalized=POSITIVE; Polarity normalized to POSITIVE.
info,Manager Pelaksanaan Pembelajara,11,IMPACT,Total Productivity,enum_issue category=normalized; field=Period; raw=Triwulanan; normalized=TRIWULANAN; Period normalized to TRIWULANAN.
info,Manager Pelaksanaan Pembelajara,12,IMPACT,Traffic Volume,enum_issue category=normalized; field=Polarity; raw=Positif; normalized=POSITIVE; Polarity normalized to POSITIVE.
info,Manager Pelaksanaan Pembelajara,12,IMPACT,Traffic Volume,enum_issue category=normalized; field=Period; raw=Triwulanan; normalized=TRIWULANAN; Period normalized to TRIWULANAN.
info,Manager Pelaksanaan Pembelajara,13,IMPACT,ESG Rating,enum_issue category=normalized; field=Polarity; raw=Positif; normalized=POSITIVE; Polarity normalized to POSITIVE.
info,Manager Pelaksanaan Pembelajara,13,IMPACT,ESG Rating,enum_issue category=normalized; field=Period; raw=Tahunan; normalized=TAHUNAN; Period normalized to TAHUNAN.
info,Manager Pelaksanaan Pembelajara,14,IMPACT,Lost Time Injury Frequency Rate (LTIFR),enum_issue category=normalized; field=Polarity; raw=Negatif; normalized=NEGATIVE; Polarity normalized to NEGATIVE.
info,Manager Pelaksanaan Pembelajara,14,IMPACT,Lost Time Injury Frequency Rate (LTIFR),enum_issue category=normalized; field=Period; raw=Triwulanan; normalized=TRIWULANAN; Period normalized to TRIWULANAN.
info,Manager Pelaksanaan Pembelajara,15,IMPACT,Number of KRI exceeding its risk tolerance limit,enum_issue category=normalized; field=Polarity; raw=Negatif; normalized=NEGATIVE; Polarity normalized to NEGATIVE.
info,Manager Pelaksanaan Pembelajara,15,IMPACT,Number of KRI exceeding its risk tolerance limit,enum_issue category=normalized; field=Period; raw=Triwulanan; normalized=TRIWULANAN; Period normalized to TRIWULANAN.
info,Manager Pelaksanaan Pembelajara,16,IMPACT,Pengembangan Ekosistem Bali Maritime Tourism Hub (BMTH),enum_issue category=normalized; field=Polarity; raw=Positif; normalized=POSITIVE; Polarity normalized to POSITIVE.
info,Manager Pelaksanaan Pembelajara,16,IMPACT,Pengembangan Ekosistem Bali Maritime Tourism Hub (BMTH),enum_issue category=normalized; field=Period; raw=Triwulanan; normalized=TRIWULANAN; Period normalized to TRIWULANAN.
info,Manager Pelaksanaan Pembelajara,17,IMPACT,Strategic Project Delivery,enum_issue category=normalized; field=Polarity; raw=Positif; normalized=POSITIVE; Polarity normalized to POSITIVE.
info,Manager Pelaksanaan Pembelajara,17,IMPACT,Strategic Project Delivery,enum_issue category=normalized; field=Period; raw=Triwulanan; normalized=TRIWULANAN; Period normalized to TRIWULANAN.
info,Manager Pelaksanaan Pembelajara,18,IMPACT,Manpower productivity (Revenue per total manpower),enum_issue category=normalized; field=Polarity; raw=Positif; normalized=POSITIVE; Polarity normalized to POSITIVE.
info,Manager Pelaksanaan Pembelajara,18,IMPACT,Manpower productivity (Revenue per total manpower),enum_issue category=normalized; field=Period; raw=Triwulanan; normalized=TRIWULANAN; Period normalized to TRIWULANAN.
info,Manager Pelaksanaan Pembelajara,9,OUTPUT,Penyerapan Anggaran Dept Perencanaan dan Penyelenggaraan Pembelajaran,enum_issue category=normalized; field=Period; raw=Triwulanan; normalized=TRIWULANAN; Period normalized to TRIWULANAN.
info,Manager Pelaksanaan Pembelajara,9,OUTPUT,Penyerapan Anggaran Dept Perencanaan dan Penyelenggaraan Pembelajaran,enum_issue category=normalized; field=Polarity; raw=Positif; normalized=POSITIVE; Polarity normalized to POSITIVE.
info,Manager Pelaksanaan Pembelajara,15,OUTPUT,"Tingkat pemenuhan tata kelola, manajemen risiko, dan kepatuhan internal (Penyelesaian Temuan Audit)",enum_issue category=normalized; field=Period; raw=Semester; normalized=SEMESTER; Period normalized to SEMESTER.
info,Manager Pelaksanaan Pembelajara,15,OUTPUT,"Tingkat pemenuhan tata kelola, manajemen risiko, dan kepatuhan internal (Penyelesaian Temuan Audit)",enum_issue category=normalized; field=Polarity; raw=Positif; normalized=POSITIVE; Polarity normalized to POSITIVE.
info,Manager Pelaksanaan Pembelajara,19,OUTPUT,Pelindo Academy,enum_issue category=normalized; field=Period; raw=Triwulanan; normalized=TRIWULANAN; Period normalized to TRIWULANAN.
info,Manager Pelaksanaan Pembelajara,19,OUTPUT,Pelindo Academy,enum_issue category=normalized; field=Polarity; raw=Positif; normalized=POSITIVE; Polarity normalized to POSITIVE.
info,Manager Pelaksanaan Pembelajara,20,OUTPUT,KM Optimization program,enum_issue category=normalized; field=Period; raw=Semester; normalized=SEMESTER; Period normalized to SEMESTER.
info,Manager Pelaksanaan Pembelajara,20,OUTPUT,KM Optimization program,enum_issue category=normalized; field=Polarity; raw=Positif; normalized=POSITIVE; Polarity normalized to POSITIVE.
info,Manager Pelaksanaan Pembelajara,22,OUTPUT,Learning Journey Framework,enum_issue category=normalized; field=Period; raw=Semester; normalized=SEMESTER; Period normalized to SEMESTER.
info,Manager Pelaksanaan Pembelajara,22,OUTPUT,Learning Journey Framework,enum_issue category=normalized; field=Polarity; raw=Positif; normalized=POSITIVE; Polarity normalized to POSITIVE.
info,Manager Pelaksanaan Pembelajara,23,OUTPUT,Pelaksanaan kegiatan Fundamental Skill Improvement,enum_issue category=normalized; field=Period; raw=Bulanan; normalized=BULANAN; Period normalized to BULANAN.
info,Manager Pelaksanaan Pembelajara,23,OUTPUT,Pelaksanaan kegiatan Fundamental Skill Improvement,enum_issue category=normalized; field=Polarity; raw=Positif; normalized=POSITIVE; Polarity normalized to POSITIVE.
info,Manager Pelaksanaan Pembelajara,24,OUTPUT,Pelaksanaan kegiatan ESG Skill Improvement,enum_issue category=normalized; field=Period; raw=Bulanan; normalized=BULANAN; Period normalized to BULANAN.
info,Manager Pelaksanaan Pembelajara,24,OUTPUT,Pelaksanaan kegiatan ESG Skill Improvement,enum_issue category=normalized; field=Polarity; raw=Positif; normalized=POSITIVE; Polarity normalized to POSITIVE.
warning,Manager Pelaksanaan Pembelajara,,weight_audit,Manager Pelaksanaan Pembelajaran,Weight total not 100: level=impact; kpi_type=OUTPUT; parent=Manpower productivity (Revenue per total manpower); raw_total=85.0; output_total=85.0; cause=Raw Data Issue.
warning,Manager Pelaksanaan Pembelajara,,weight_audit,Manager Pelaksanaan Pembelajaran,Weight total not 100: level=impact; kpi_type=OUTPUT; parent=Net Income; raw_total=10.0; output_total=10.0; cause=Raw Data Issue.
warning,Manager Pelaksanaan Pembelajara,,weight_audit,Manager Pelaksanaan Pembelajaran,Weight total not 100: level=impact; kpi_type=OUTPUT; parent=Number of KRI exceeding its risk tolerance limit; raw_total=5.0; output_total=5.0; cause=Raw Data Issue.
warning,Manager Pelaksanaan Pembelajara,,weight_audit,Manager Pelaksanaan Pembelajaran,Weight total not 100: level=output; kpi_type=KAI; parent=KM Optimization program; raw_total=20.0; output_total=20.0; cause=Raw Data Issue.
warning,Manager Pelaksanaan Pembelajara,,weight_audit,Manager Pelaksanaan Pembelajaran,Weight total not 100: level=output; kpi_type=KAI; parent=Learning Journey Framework; raw_total=25.0; output_total=25.0; cause=Raw Data Issue.
warning,Manager Pelaksanaan Pembelajara,,weight_audit,Manager Pelaksanaan Pembelajaran,Weight total not 100: level=output; kpi_type=KAI; parent=Pelaksanaan kegiatan ESG Skill Improvement; raw_total=10.0; output_total=10.0; cause=Raw Data Issue.
warning,Manager Pelaksanaan Pembelajara,,weight_audit,Manager Pelaksanaan Pembelajaran,Weight total not 100: level=output; kpi_type=KAI; parent=Pelaksanaan kegiatan Fundamental Skill Improvement; raw_total=10.0; output_total=10.0; cause=Raw Data Issue.
warning,Manager Pelaksanaan Pembelajara,,weight_audit,Manager Pelaksanaan Pembelajaran,Weight total not 100: level=output; kpi_type=KAI; parent=Pelindo Academy; raw_total=20.0; output_total=20.0; cause=Raw Data Issue.
warning,Manager Pelaksanaan Pembelajara,,weight_audit,Manager Pelaksanaan Pembelajaran,Weight total not 100: level=output; kpi_type=KAI; parent=Penyerapan Anggaran Dept Perencanaan dan Penyelenggaraan Pembelajaran; raw_total=10.0; output_total=10.0; cause=Raw Data Issue.
warning,Manager Pelaksanaan Pembelajara,,weight_audit,Manager Pelaksanaan Pembelajaran,"Weight total not 100: level=output; kpi_type=KAI; parent=Tingkat pemenuhan tata kelola, manajemen risiko, dan kepatuhan internal (Penyelesaian Temuan Audit); raw_total=5.0; output_total=5.0; cause=Raw Data Issue."
info,Manager Strategi-Evaluasi,9,IMPACT,Net Income,enum_issue category=normalized; field=Polarity; raw=Positif; normalized=POSITIVE; Polarity normalized to POSITIVE.
info,Manager Strategi-Evaluasi,9,IMPACT,Net Income,enum_issue category=normalized; field=Period; raw=Triwulanan; normalized=TRIWULANAN; Period normalized to TRIWULANAN.
info,Manager Strategi-Evaluasi,10,IMPACT,(ROIC > WACC) x Inv.Capital,enum_issue category=normalized; field=Polarity; raw=Positif; normalized=POSITIVE; Polarity normalized to POSITIVE.
info,Manager Strategi-Evaluasi,10,IMPACT,(ROIC > WACC) x Inv.Capital,enum_issue category=normalized; field=Period; raw=Triwulanan; normalized=TRIWULANAN; Period normalized to TRIWULANAN.
info,Manager Strategi-Evaluasi,11,IMPACT,Total Productivity,enum_issue category=normalized; field=Polarity; raw=Positif; normalized=POSITIVE; Polarity normalized to POSITIVE.
info,Manager Strategi-Evaluasi,11,IMPACT,Total Productivity,enum_issue category=normalized; field=Period; raw=Triwulanan; normalized=TRIWULANAN; Period normalized to TRIWULANAN.
info,Manager Strategi-Evaluasi,12,IMPACT,Traffic Volume,enum_issue category=normalized; field=Polarity; raw=Positif; normalized=POSITIVE; Polarity normalized to POSITIVE.
info,Manager Strategi-Evaluasi,12,IMPACT,Traffic Volume,enum_issue category=normalized; field=Period; raw=Triwulanan; normalized=TRIWULANAN; Period normalized to TRIWULANAN.
info,Manager Strategi-Evaluasi,13,IMPACT,ESG Rating,enum_issue category=normalized; field=Polarity; raw=Positif; normalized=POSITIVE; Polarity normalized to POSITIVE.
info,Manager Strategi-Evaluasi,13,IMPACT,ESG Rating,enum_issue category=normalized; field=Period; raw=Tahunan; normalized=TAHUNAN; Period normalized to TAHUNAN.
info,Manager Strategi-Evaluasi,14,IMPACT,Lost Time Injury Frequency Rate (LTIFR),enum_issue category=normalized; field=Polarity; raw=Negatif; normalized=NEGATIVE; Polarity normalized to NEGATIVE.
info,Manager Strategi-Evaluasi,14,IMPACT,Lost Time Injury Frequency Rate (LTIFR),enum_issue category=normalized; field=Period; raw=Triwulanan; normalized=TRIWULANAN; Period normalized to TRIWULANAN.
info,Manager Strategi-Evaluasi,15,IMPACT,Number of KRI exceeding its risk tolerance limit,enum_issue category=normalized; field=Polarity; raw=Negatif; normalized=NEGATIVE; Polarity normalized to NEGATIVE.
info,Manager Strategi-Evaluasi,15,IMPACT,Number of KRI exceeding its risk tolerance limit,enum_issue category=normalized; field=Period; raw=Triwulanan; normalized=TRIWULANAN; Period normalized to TRIWULANAN.
info,Manager Strategi-Evaluasi,16,IMPACT,Pengembangan Ekosistem Bali Maritime Tourism Hub (BMTH),enum_issue category=normalized; field=Polarity; raw=Positif; normalized=POSITIVE; Polarity normalized to POSITIVE.
info,Manager Strategi-Evaluasi,16,IMPACT,Pengembangan Ekosistem Bali Maritime Tourism Hub (BMTH),enum_issue category=normalized; field=Period; raw=Triwulanan; normalized=TRIWULANAN; Period normalized to TRIWULANAN.
info,Manager Strategi-Evaluasi,17,IMPACT,Strategic Project Delivery,enum_issue category=normalized; field=Polarity; raw=Positif; normalized=POSITIVE; Polarity normalized to POSITIVE.
info,Manager Strategi-Evaluasi,17,IMPACT,Strategic Project Delivery,enum_issue category=normalized; field=Period; raw=Triwulanan; normalized=TRIWULANAN; Period normalized to TRIWULANAN.
info,Manager Strategi-Evaluasi,18,IMPACT,Manpower productivity (Revenue per total manpower),enum_issue category=normalized; field=Polarity; raw=Positif; normalized=POSITIVE; Polarity normalized to POSITIVE.
info,Manager Strategi-Evaluasi,18,IMPACT,Manpower productivity (Revenue per total manpower),enum_issue category=normalized; field=Period; raw=Triwulanan; normalized=TRIWULANAN; Period normalized to TRIWULANAN.
info,Manager Strategi-Evaluasi,9,OUTPUT,Penyerapan Anggaran Dept Perencanaan dan Penyelenggaraan Pembelajaran,enum_issue category=normalized; field=Period; raw=Triwulanan; normalized=TRIWULANAN; Period normalized to TRIWULANAN.
info,Manager Strategi-Evaluasi,9,OUTPUT,Penyerapan Anggaran Dept Perencanaan dan Penyelenggaraan Pembelajaran,enum_issue category=normalized; field=Polarity; raw=Positif; normalized=POSITIVE; Polarity normalized to POSITIVE.
info,Manager Strategi-Evaluasi,15,OUTPUT,"Tingkat pemenuhan tata kelola, manajemen risiko, dan kepatuhan internal (Penyelesaian Temuan Audit)",enum_issue category=normalized; field=Period; raw=Semester; normalized=SEMESTER; Period normalized to SEMESTER.
info,Manager Strategi-Evaluasi,15,OUTPUT,"Tingkat pemenuhan tata kelola, manajemen risiko, dan kepatuhan internal (Penyelesaian Temuan Audit)",enum_issue category=normalized; field=Polarity; raw=Positif; normalized=POSITIVE; Polarity normalized to POSITIVE.
info,Manager Strategi-Evaluasi,19,OUTPUT,Pelindo Academy,enum_issue category=normalized; field=Period; raw=Triwulanan; normalized=TRIWULANAN; Period normalized to TRIWULANAN.
info,Manager Strategi-Evaluasi,19,OUTPUT,Pelindo Academy,enum_issue category=normalized; field=Polarity; raw=Positif; normalized=POSITIVE; Polarity normalized to POSITIVE.
info,Manager Strategi-Evaluasi,21,OUTPUT,Program Pendidikan Pasca-Sarjana,enum_issue category=normalized; field=Period; raw=Tahunan; normalized=TAHUNAN; Period normalized to TAHUNAN.
info,Manager Strategi-Evaluasi,21,OUTPUT,Program Pendidikan Pasca-Sarjana,enum_issue category=normalized; field=Polarity; raw=Positif; normalized=POSITIVE; Polarity normalized to POSITIVE.
info,Manager Strategi-Evaluasi,22,OUTPUT,Learning Journey Framework,enum_issue category=normalized; field=Period; raw=Semester; normalized=SEMESTER; Period normalized to SEMESTER.
info,Manager Strategi-Evaluasi,22,OUTPUT,Learning Journey Framework,enum_issue category=normalized; field=Polarity; raw=Positif; normalized=POSITIVE; Polarity normalized to POSITIVE.
info,Manager Strategi-Evaluasi,23,OUTPUT,Perencanaan kegiatan Fundamental Skill Improvement,enum_issue category=normalized; field=Period; raw=Bulanan; normalized=BULANAN; Period normalized to BULANAN.
info,Manager Strategi-Evaluasi,23,OUTPUT,Perencanaan kegiatan Fundamental Skill Improvement,enum_issue category=normalized; field=Polarity; raw=Positif; normalized=POSITIVE; Polarity normalized to POSITIVE.
info,Manager Strategi-Evaluasi,24,OUTPUT,Perencanaan kegiatan ESG Skill Improvement,enum_issue category=normalized; field=Period; raw=Bulanan; normalized=BULANAN; Period normalized to BULANAN.
info,Manager Strategi-Evaluasi,24,OUTPUT,Perencanaan kegiatan ESG Skill Improvement,enum_issue category=normalized; field=Polarity; raw=Positif; normalized=POSITIVE; Polarity normalized to POSITIVE.
warning,Manager Strategi-Evaluasi,,weight_audit,Manager Strategi-Evaluasi Pembelajaran,Weight total not 100: level=impact; kpi_type=OUTPUT; parent=Manpower productivity (Revenue per total manpower); raw_total=85.0; output_total=85.0; cause=Raw Data Issue.
warning,Manager Strategi-Evaluasi,,weight_audit,Manager Strategi-Evaluasi Pembelajaran,Weight total not 100: level=impact; kpi_type=OUTPUT; parent=Net Income; raw_total=10.0; output_total=10.0; cause=Raw Data Issue.
warning,Manager Strategi-Evaluasi,,weight_audit,Manager Strategi-Evaluasi Pembelajaran,Weight total not 100: level=impact; kpi_type=OUTPUT; parent=Number of KRI exceeding its risk tolerance limit; raw_total=5.0; output_total=5.0; cause=Raw Data Issue.
warning,Manager Strategi-Evaluasi,,weight_audit,Manager Strategi-Evaluasi Pembelajaran,Weight total not 100: level=output; kpi_type=KAI; parent=Learning Journey Framework; raw_total=30.0; output_total=30.0; cause=Raw Data Issue.
warning,Manager Strategi-Evaluasi,,weight_audit,Manager Strategi-Evaluasi Pembelajaran,Weight total not 100: level=output; kpi_type=KAI; parent=Pelindo Academy; raw_total=15.0; output_total=15.0; cause=Raw Data Issue.
warning,Manager Strategi-Evaluasi,,weight_audit,Manager Strategi-Evaluasi Pembelajaran,Weight total not 100: level=output; kpi_type=KAI; parent=Penyerapan Anggaran Dept Perencanaan dan Penyelenggaraan Pembelajaran; raw_total=10.0; output_total=10.0; cause=Raw Data Issue.
warning,Manager Strategi-Evaluasi,,weight_audit,Manager Strategi-Evaluasi Pembelajaran,Weight total not 100: level=output; kpi_type=KAI; parent=Perencanaan kegiatan ESG Skill Improvement; raw_total=15.0; output_total=15.0; cause=Raw Data Issue.
warning,Manager Strategi-Evaluasi,,weight_audit,Manager Strategi-Evaluasi Pembelajaran,Weight total not 100: level=output; kpi_type=KAI; parent=Perencanaan kegiatan Fundamental Skill Improvement; raw_total=20.0; output_total=20.0; cause=Raw Data Issue.
warning,Manager Strategi-Evaluasi,,weight_audit,Manager Strategi-Evaluasi Pembelajaran,Weight total not 100: level=output; kpi_type=KAI; parent=Program Pendidikan Pasca-Sarjana; raw_total=5.0; output_total=5.0; cause=Raw Data Issue.
warning,Manager Strategi-Evaluasi,,weight_audit,Manager Strategi-Evaluasi Pembelajaran,"Weight total not 100: level=output; kpi_type=KAI; parent=Tingkat pemenuhan tata kelola, manajemen risiko, dan kepatuhan internal (Penyelesaian Temuan Audit); raw_total=5.0; output_total=5.0; cause=Raw Data Issue."
info,Manager Kinerja Individu,9,IMPACT,Net Income,enum_issue category=normalized; field=Polarity; raw=Positif; normalized=POSITIVE; Polarity normalized to POSITIVE.
info,Manager Kinerja Individu,9,IMPACT,Net Income,enum_issue category=normalized; field=Period; raw=Triwulanan; normalized=TRIWULANAN; Period normalized to TRIWULANAN.
info,Manager Kinerja Individu,10,IMPACT,(ROIC > WACC) x Inv.Capital,enum_issue category=normalized; field=Polarity; raw=Positif; normalized=POSITIVE; Polarity normalized to POSITIVE.
info,Manager Kinerja Individu,10,IMPACT,(ROIC > WACC) x Inv.Capital,enum_issue category=normalized; field=Period; raw=Triwulanan; normalized=TRIWULANAN; Period normalized to TRIWULANAN.
info,Manager Kinerja Individu,11,IMPACT,Total Productivity,enum_issue category=normalized; field=Polarity; raw=Positif; normalized=POSITIVE; Polarity normalized to POSITIVE.
info,Manager Kinerja Individu,11,IMPACT,Total Productivity,enum_issue category=normalized; field=Period; raw=Triwulanan; normalized=TRIWULANAN; Period normalized to TRIWULANAN.
info,Manager Kinerja Individu,12,IMPACT,Traffic Volume,enum_issue category=normalized; field=Polarity; raw=Positif; normalized=POSITIVE; Polarity normalized to POSITIVE.
info,Manager Kinerja Individu,12,IMPACT,Traffic Volume,enum_issue category=normalized; field=Period; raw=Triwulanan; normalized=TRIWULANAN; Period normalized to TRIWULANAN.
info,Manager Kinerja Individu,13,IMPACT,ESG Rating,enum_issue category=normalized; field=Polarity; raw=Positif; normalized=POSITIVE; Polarity normalized to POSITIVE.
info,Manager Kinerja Individu,13,IMPACT,ESG Rating,enum_issue category=normalized; field=Period; raw=Tahunan; normalized=TAHUNAN; Period normalized to TAHUNAN.
info,Manager Kinerja Individu,14,IMPACT,Lost Time Injury Frequency Rate (LTIFR),enum_issue category=normalized; field=Polarity; raw=Negatif; normalized=NEGATIVE; Polarity normalized to NEGATIVE.
info,Manager Kinerja Individu,14,IMPACT,Lost Time Injury Frequency Rate (LTIFR),enum_issue category=normalized; field=Period; raw=Triwulanan; normalized=TRIWULANAN; Period normalized to TRIWULANAN.
info,Manager Kinerja Individu,15,IMPACT,Number of KRI exceeding its risk tolerance limit,enum_issue category=normalized; field=Polarity; raw=Negatif; normalized=NEGATIVE; Polarity normalized to NEGATIVE.
info,Manager Kinerja Individu,15,IMPACT,Number of KRI exceeding its risk tolerance limit,enum_issue category=normalized; field=Period; raw=Triwulanan; normalized=TRIWULANAN; Period normalized to TRIWULANAN.
info,Manager Kinerja Individu,16,IMPACT,Pengembangan Ekosistem Bali Maritime Tourism Hub (BMTH),enum_issue category=normalized; field=Polarity; raw=Positif; normalized=POSITIVE; Polarity normalized to POSITIVE.
info,Manager Kinerja Individu,16,IMPACT,Pengembangan Ekosistem Bali Maritime Tourism Hub (BMTH),enum_issue category=normalized; field=Period; raw=Triwulanan; normalized=TRIWULANAN; Period normalized to TRIWULANAN.
info,Manager Kinerja Individu,17,IMPACT,Strategic Project Delivery,enum_issue category=normalized; field=Polarity; raw=Positif; normalized=POSITIVE; Polarity normalized to POSITIVE.
info,Manager Kinerja Individu,17,IMPACT,Strategic Project Delivery,enum_issue category=normalized; field=Period; raw=Triwulanan; normalized=TRIWULANAN; Period normalized to TRIWULANAN.
info,Manager Kinerja Individu,18,IMPACT,Manpower productivity (Revenue per total manpower),enum_issue category=normalized; field=Polarity; raw=Positif; normalized=POSITIVE; Polarity normalized to POSITIVE.
info,Manager Kinerja Individu,18,IMPACT,Manpower productivity (Revenue per total manpower),enum_issue category=normalized; field=Period; raw=Triwulanan; normalized=TRIWULANAN; Period normalized to TRIWULANAN.
info,Manager Kinerja Individu,9,OUTPUT,Penyerapan Anggaran departemen,enum_issue category=normalized; field=Period; raw=Triwulanan; normalized=TRIWULANAN; Period normalized to TRIWULANAN.
info,Manager Kinerja Individu,9,OUTPUT,Penyerapan Anggaran departemen,enum_issue category=normalized; field=Polarity; raw=Positif; normalized=POSITIVE; Polarity normalized to POSITIVE.
info,Manager Kinerja Individu,19,OUTPUT,"Tingkat pemenuhan tata kelola, manajemen risiko, dan kepatuhan internal (Penyelesaian Temuan Audit)",enum_issue category=normalized; field=Period; raw=Semester; normalized=SEMESTER; Period normalized to SEMESTER.
info,Manager Kinerja Individu,19,OUTPUT,"Tingkat pemenuhan tata kelola, manajemen risiko, dan kepatuhan internal (Penyelesaian Temuan Audit)",enum_issue category=normalized; field=Polarity; raw=Positif; normalized=POSITIVE; Polarity normalized to POSITIVE.
info,Manager Kinerja Individu,20,OUTPUT,Penyempurnaan Pengelolaan Talent Management berbasis Kompetensi (manajemen kinerja individu),enum_issue category=normalized; field=Period; raw=Triwulanan; normalized=TRIWULANAN; Period normalized to TRIWULANAN.
info,Manager Kinerja Individu,20,OUTPUT,Penyempurnaan Pengelolaan Talent Management berbasis Kompetensi (manajemen kinerja individu),enum_issue category=normalized; field=Polarity; raw=Positif; normalized=POSITIVE; Polarity normalized to POSITIVE.
info,Manager Kinerja Individu,21,OUTPUT,Penyempurnaan Pengelolaan Talent Management berbasis Kompetensi (manajemen assessment pekerja),enum_issue category=normalized; field=Period; raw=Triwulanan; normalized=TRIWULANAN; Period normalized to TRIWULANAN.
info,Manager Kinerja Individu,21,OUTPUT,Penyempurnaan Pengelolaan Talent Management berbasis Kompetensi (manajemen assessment pekerja),enum_issue category=normalized; field=Polarity; raw=Positif; normalized=POSITIVE; Polarity normalized to POSITIVE.
info,Manager Kinerja Individu,22,OUTPUT,Standarisasi assessment pekerja PELINDO Group,enum_issue category=normalized; field=Period; raw=Bulanan; normalized=BULANAN; Period normalized to BULANAN.
info,Manager Kinerja Individu,22,OUTPUT,Standarisasi assessment pekerja PELINDO Group,enum_issue category=normalized; field=Polarity; raw=Positif; normalized=POSITIVE; Polarity normalized to POSITIVE.
info,Manager Kinerja Individu,23,OUTPUT,Enhancement modul PMS,enum_issue category=normalized; field=Period; raw=Bulanan; normalized=BULANAN; Period normalized to BULANAN.
info,Manager Kinerja Individu,23,OUTPUT,Enhancement modul PMS,enum_issue category=normalized; field=Polarity; raw=Positif; normalized=POSITIVE; Polarity normalized to POSITIVE.
warning,Manager Kinerja Individu,23,KAI,% progress enhancement modul PMS,KAI formula may not be percentage-based or is blank.
warning,Manager Kinerja Individu,,weight_audit,Manager Kinerja Individu,Weight total not 100: level=impact; kpi_type=OUTPUT; parent=Manpower productivity (Revenue per total manpower); raw_total=90.0; output_total=90.0; cause=Raw Data Issue.
warning,Manager Kinerja Individu,,weight_audit,Manager Kinerja Individu,Weight total not 100: level=impact; kpi_type=OUTPUT; parent=Net Income; raw_total=10.0; output_total=10.0; cause=Raw Data Issue.
warning,Manager Kinerja Individu,,weight_audit,Manager Kinerja Individu,Weight total not 100: level=output; kpi_type=KAI; parent=Enhancement modul PMS; raw_total=20.0; output_total=20.0; cause=Raw Data Issue.
warning,Manager Kinerja Individu,,weight_audit,Manager Kinerja Individu,Weight total not 100: level=output; kpi_type=KAI; parent=Penyempurnaan Pengelolaan Talent Management berbasis Kompetensi (manajemen assessment pekerja); raw_total=20.0; output_total=20.0; cause=Raw Data Issue.
warning,Manager Kinerja Individu,,weight_audit,Manager Kinerja Individu,Weight total not 100: level=output; kpi_type=KAI; parent=Penyempurnaan Pengelolaan Talent Management berbasis Kompetensi (manajemen kinerja individu); raw_total=25.0; output_total=25.0; cause=Raw Data Issue.
warning,Manager Kinerja Individu,,weight_audit,Manager Kinerja Individu,Weight total not 100: level=output; kpi_type=KAI; parent=Penyerapan Anggaran departemen; raw_total=10.0; output_total=10.0; cause=Raw Data Issue.
warning,Manager Kinerja Individu,,weight_audit,Manager Kinerja Individu,Weight total not 100: level=output; kpi_type=KAI; parent=Standarisasi assessment pekerja PELINDO Group; raw_total=20.0; output_total=20.0; cause=Raw Data Issue.
warning,Manager Kinerja Individu,,weight_audit,Manager Kinerja Individu,"Weight total not 100: level=output; kpi_type=KAI; parent=Tingkat pemenuhan tata kelola, manajemen risiko, dan kepatuhan internal (Penyelesaian Temuan Audit); raw_total=5.0; output_total=5.0; cause=Raw Data Issue."
info,DH Manajemen Talenta,9,IMPACT,Net Income,enum_issue category=normalized; field=Polarity; raw=Positif; normalized=POSITIVE; Polarity normalized to POSITIVE.
info,DH Manajemen Talenta,9,IMPACT,Net Income,enum_issue category=normalized; field=Period; raw=Triwulanan; normalized=TRIWULANAN; Period normalized to TRIWULANAN.
info,DH Manajemen Talenta,10,IMPACT,(ROIC > WACC) x Inv.Capital,enum_issue category=normalized; field=Polarity; raw=Positif; normalized=POSITIVE; Polarity normalized to POSITIVE.
info,DH Manajemen Talenta,10,IMPACT,(ROIC > WACC) x Inv.Capital,enum_issue category=normalized; field=Period; raw=Triwulanan; normalized=TRIWULANAN; Period normalized to TRIWULANAN.
info,DH Manajemen Talenta,11,IMPACT,Total Productivity,enum_issue category=normalized; field=Polarity; raw=Positif; normalized=POSITIVE; Polarity normalized to POSITIVE.
info,DH Manajemen Talenta,11,IMPACT,Total Productivity,enum_issue category=normalized; field=Period; raw=Triwulanan; normalized=TRIWULANAN; Period normalized to TRIWULANAN.
info,DH Manajemen Talenta,12,IMPACT,Traffic Volume,enum_issue category=normalized; field=Polarity; raw=Positif; normalized=POSITIVE; Polarity normalized to POSITIVE.
info,DH Manajemen Talenta,12,IMPACT,Traffic Volume,enum_issue category=normalized; field=Period; raw=Triwulanan; normalized=TRIWULANAN; Period normalized to TRIWULANAN.
info,DH Manajemen Talenta,13,IMPACT,ESG Rating,enum_issue category=normalized; field=Polarity; raw=Positif; normalized=POSITIVE; Polarity normalized to POSITIVE.
info,DH Manajemen Talenta,13,IMPACT,ESG Rating,enum_issue category=normalized; field=Period; raw=Tahunan; normalized=TAHUNAN; Period normalized to TAHUNAN.
info,DH Manajemen Talenta,14,IMPACT,Lost Time Injury Frequency Rate (LTIFR),enum_issue category=normalized; field=Polarity; raw=Negatif; normalized=NEGATIVE; Polarity normalized to NEGATIVE.
info,DH Manajemen Talenta,14,IMPACT,Lost Time Injury Frequency Rate (LTIFR),enum_issue category=normalized; field=Period; raw=Triwulanan; normalized=TRIWULANAN; Period normalized to TRIWULANAN.
info,DH Manajemen Talenta,15,IMPACT,Number of KRI exceeding its risk tolerance limit,enum_issue category=normalized; field=Polarity; raw=Negatif; normalized=NEGATIVE; Polarity normalized to NEGATIVE.
info,DH Manajemen Talenta,15,IMPACT,Number of KRI exceeding its risk tolerance limit,enum_issue category=normalized; field=Period; raw=Triwulanan; normalized=TRIWULANAN; Period normalized to TRIWULANAN.
info,DH Manajemen Talenta,16,IMPACT,Pengembangan Ekosistem Bali Maritime Tourism Hub (BMTH),enum_issue category=normalized; field=Polarity; raw=Positif; normalized=POSITIVE; Polarity normalized to POSITIVE.
info,DH Manajemen Talenta,16,IMPACT,Pengembangan Ekosistem Bali Maritime Tourism Hub (BMTH),enum_issue category=normalized; field=Period; raw=Triwulanan; normalized=TRIWULANAN; Period normalized to TRIWULANAN.
info,DH Manajemen Talenta,17,IMPACT,Strategic Project Delivery,enum_issue category=normalized; field=Polarity; raw=Positif; normalized=POSITIVE; Polarity normalized to POSITIVE.
info,DH Manajemen Talenta,17,IMPACT,Strategic Project Delivery,enum_issue category=normalized; field=Period; raw=Triwulanan; normalized=TRIWULANAN; Period normalized to TRIWULANAN.
info,DH Manajemen Talenta,18,IMPACT,Manpower productivity (Revenue per total manpower),enum_issue category=normalized; field=Polarity; raw=Positif; normalized=POSITIVE; Polarity normalized to POSITIVE.
info,DH Manajemen Talenta,18,IMPACT,Manpower productivity (Revenue per total manpower),enum_issue category=normalized; field=Period; raw=Triwulanan; normalized=TRIWULANAN; Period normalized to TRIWULANAN.
info,DH Manajemen Talenta,9,OUTPUT,Penyerapan Anggaran Dept Manajemen Talenta dan Kinerja SDM,enum_issue category=normalized; field=Period; raw=Triwulanan; normalized=TRIWULANAN; Period normalized to TRIWULANAN.
info,DH Manajemen Talenta,9,OUTPUT,Penyerapan Anggaran Dept Manajemen Talenta dan Kinerja SDM,enum_issue category=normalized; field=Polarity; raw=Positif; normalized=POSITIVE; Polarity normalized to POSITIVE.
info,DH Manajemen Talenta,19,OUTPUT,Penyempurnaan Pengelolaan Talent Management berbasis Kompetensi,enum_issue category=normalized; field=Period; raw=Bulanan; normalized=BULANAN; Period normalized to BULANAN.
info,DH Manajemen Talenta,19,OUTPUT,Penyempurnaan Pengelolaan Talent Management berbasis Kompetensi,enum_issue category=normalized; field=Polarity; raw=Positif; normalized=POSITIVE; Polarity normalized to POSITIVE.
info,DH Manajemen Talenta,20,OUTPUT,Career Management Framework,enum_issue category=normalized; field=Period; raw=Semester; normalized=SEMESTER; Period normalized to SEMESTER.
info,DH Manajemen Talenta,20,OUTPUT,Career Management Framework,enum_issue category=normalized; field=Polarity; raw=Positif; normalized=POSITIVE; Polarity normalized to POSITIVE.
info,DH Manajemen Talenta,21,OUTPUT,Standarisasi assessment pekerja PELINDO Group,enum_issue category=normalized; field=Period; raw=Tahunan; normalized=TAHUNAN; Period normalized to TAHUNAN.
info,DH Manajemen Talenta,21,OUTPUT,Standarisasi assessment pekerja PELINDO Group,enum_issue category=normalized; field=Polarity; raw=Positif; normalized=POSITIVE; Polarity normalized to POSITIVE.
info,DH Manajemen Talenta,22,OUTPUT,"Tingkat pemenuhan tata kelola, manajemen risiko, dan kepatuhan internal (Penyelesaian Temuan Audit)",enum_issue category=normalized; field=Period; raw=Semester; normalized=SEMESTER; Period normalized to SEMESTER.
info,DH Manajemen Talenta,22,OUTPUT,"Tingkat pemenuhan tata kelola, manajemen risiko, dan kepatuhan internal (Penyelesaian Temuan Audit)",enum_issue category=normalized; field=Polarity; raw=Positif; normalized=POSITIVE; Polarity normalized to POSITIVE.
info,DH Manajemen Talenta,23,OUTPUT,Enhancement modul pms dan tms,enum_issue category=normalized; field=Period; raw=Bulanan; normalized=BULANAN; Period normalized to BULANAN.
info,DH Manajemen Talenta,23,OUTPUT,Enhancement modul pms dan tms,enum_issue category=normalized; field=Polarity; raw=Positif; normalized=POSITIVE; Polarity normalized to POSITIVE.
warning,DH Manajemen Talenta,23,KAI,% progress enhancement modul pms dan tms,KAI formula may not be percentage-based or is blank.
warning,DH Manajemen Talenta,,weight_audit,Dept Head Manajemen Talenta dan Kinerja SDM,Weight total not 100: level=impact; kpi_type=OUTPUT; parent=Manpower productivity (Revenue per total manpower); raw_total=90.0; output_total=90.0; cause=Raw Data Issue.
warning,DH Manajemen Talenta,,weight_audit,Dept Head Manajemen Talenta dan Kinerja SDM,Weight total not 100: level=impact; kpi_type=OUTPUT; parent=Net Income; raw_total=10.0; output_total=10.0; cause=Raw Data Issue.
warning,DH Manajemen Talenta,,weight_audit,Dept Head Manajemen Talenta dan Kinerja SDM,Weight total not 100: level=output; kpi_type=KAI; parent=Career Management Framework; raw_total=25.0; output_total=25.0; cause=Raw Data Issue.
warning,DH Manajemen Talenta,,weight_audit,Dept Head Manajemen Talenta dan Kinerja SDM,Weight total not 100: level=output; kpi_type=KAI; parent=Enhancement modul pms dan tms; raw_total=20.0; output_total=20.0; cause=Raw Data Issue.
warning,DH Manajemen Talenta,,weight_audit,Dept Head Manajemen Talenta dan Kinerja SDM,Weight total not 100: level=output; kpi_type=KAI; parent=Penyempurnaan Pengelolaan Talent Management berbasis Kompetensi; raw_total=20.0; output_total=20.0; cause=Raw Data Issue.
warning,DH Manajemen Talenta,,weight_audit,Dept Head Manajemen Talenta dan Kinerja SDM,Weight total not 100: level=output; kpi_type=KAI; parent=Penyerapan Anggaran Dept Manajemen Talenta dan Kinerja SDM; raw_total=10.0; output_total=10.0; cause=Raw Data Issue.
warning,DH Manajemen Talenta,,weight_audit,Dept Head Manajemen Talenta dan Kinerja SDM,Weight total not 100: level=output; kpi_type=KAI; parent=Standarisasi assessment pekerja PELINDO Group; raw_total=20.0; output_total=20.0; cause=Raw Data Issue.
warning,DH Manajemen Talenta,,weight_audit,Dept Head Manajemen Talenta dan Kinerja SDM,"Weight total not 100: level=output; kpi_type=KAI; parent=Tingkat pemenuhan tata kelola, manajemen risiko, dan kepatuhan internal (Penyelesaian Temuan Audit); raw_total=5.0; output_total=5.0; cause=Raw Data Issue."
info,DH Kepemimpinan,9,IMPACT,Net Income,enum_issue category=normalized; field=Polarity; raw=Positif; normalized=POSITIVE; Polarity normalized to POSITIVE.
info,DH Kepemimpinan,9,IMPACT,Net Income,enum_issue category=normalized; field=Period; raw=Triwulanan; normalized=TRIWULANAN; Period normalized to TRIWULANAN.
info,DH Kepemimpinan,10,IMPACT,(ROIC > WACC) x Inv.Capital,enum_issue category=normalized; field=Polarity; raw=Positif; normalized=POSITIVE; Polarity normalized to POSITIVE.
info,DH Kepemimpinan,10,IMPACT,(ROIC > WACC) x Inv.Capital,enum_issue category=normalized; field=Period; raw=Triwulanan; normalized=TRIWULANAN; Period normalized to TRIWULANAN.
info,DH Kepemimpinan,11,IMPACT,Total Productivity,enum_issue category=normalized; field=Polarity; raw=Positif; normalized=POSITIVE; Polarity normalized to POSITIVE.
info,DH Kepemimpinan,11,IMPACT,Total Productivity,enum_issue category=normalized; field=Period; raw=Triwulanan; normalized=TRIWULANAN; Period normalized to TRIWULANAN.
info,DH Kepemimpinan,12,IMPACT,Traffic Volume,enum_issue category=normalized; field=Polarity; raw=Positif; normalized=POSITIVE; Polarity normalized to POSITIVE.
info,DH Kepemimpinan,12,IMPACT,Traffic Volume,enum_issue category=normalized; field=Period; raw=Triwulanan; normalized=TRIWULANAN; Period normalized to TRIWULANAN.
info,DH Kepemimpinan,13,IMPACT,ESG Rating,enum_issue category=normalized; field=Polarity; raw=Positif; normalized=POSITIVE; Polarity normalized to POSITIVE.
info,DH Kepemimpinan,13,IMPACT,ESG Rating,enum_issue category=normalized; field=Period; raw=Tahunan; normalized=TAHUNAN; Period normalized to TAHUNAN.
info,DH Kepemimpinan,14,IMPACT,Lost Time Injury Frequency Rate (LTIFR),enum_issue category=normalized; field=Polarity; raw=Negatif; normalized=NEGATIVE; Polarity normalized to NEGATIVE.
info,DH Kepemimpinan,14,IMPACT,Lost Time Injury Frequency Rate (LTIFR),enum_issue category=normalized; field=Period; raw=Triwulanan; normalized=TRIWULANAN; Period normalized to TRIWULANAN.
info,DH Kepemimpinan,15,IMPACT,Number of KRI exceeding its risk tolerance limit,enum_issue category=normalized; field=Polarity; raw=Negatif; normalized=NEGATIVE; Polarity normalized to NEGATIVE.
info,DH Kepemimpinan,15,IMPACT,Number of KRI exceeding its risk tolerance limit,enum_issue category=normalized; field=Period; raw=Triwulanan; normalized=TRIWULANAN; Period normalized to TRIWULANAN.
info,DH Kepemimpinan,16,IMPACT,Pengembangan Ekosistem Bali Maritime Tourism Hub (BMTH),enum_issue category=normalized; field=Polarity; raw=Positif; normalized=POSITIVE; Polarity normalized to POSITIVE.
info,DH Kepemimpinan,16,IMPACT,Pengembangan Ekosistem Bali Maritime Tourism Hub (BMTH),enum_issue category=normalized; field=Period; raw=Triwulanan; normalized=TRIWULANAN; Period normalized to TRIWULANAN.
info,DH Kepemimpinan,17,IMPACT,Strategic Project Delivery,enum_issue category=normalized; field=Polarity; raw=Positif; normalized=POSITIVE; Polarity normalized to POSITIVE.
info,DH Kepemimpinan,17,IMPACT,Strategic Project Delivery,enum_issue category=normalized; field=Period; raw=Triwulanan; normalized=TRIWULANAN; Period normalized to TRIWULANAN.
info,DH Kepemimpinan,18,IMPACT,Manpower productivity (Revenue per total manpower),enum_issue category=normalized; field=Polarity; raw=Positif; normalized=POSITIVE; Polarity normalized to POSITIVE.
info,DH Kepemimpinan,18,IMPACT,Manpower productivity (Revenue per total manpower),enum_issue category=normalized; field=Period; raw=Triwulanan; normalized=TRIWULANAN; Period normalized to TRIWULANAN.
info,DH Kepemimpinan,9,OUTPUT,Penyerapan Anggaran Dept Kepemimpinan dan Budaya Korporat,enum_issue category=normalized; field=Period; raw=Triwulanan; normalized=TRIWULANAN; Period normalized to TRIWULANAN.
info,DH Kepemimpinan,9,OUTPUT,Penyerapan Anggaran Dept Kepemimpinan dan Budaya Korporat,enum_issue category=normalized; field=Polarity; raw=Positif; normalized=POSITIVE; Polarity normalized to POSITIVE.
info,DH Kepemimpinan,20,OUTPUT,"Tingkat pemenuhan tata kelola, manajemen risiko, dan kepatuhan internal (Penyelesaian Temuan Audit)",enum_issue category=normalized; field=Period; raw=Semester; normalized=SEMESTER; Period normalized to SEMESTER.
info,DH Kepemimpinan,20,OUTPUT,"Tingkat pemenuhan tata kelola, manajemen risiko, dan kepatuhan internal (Penyelesaian Temuan Audit)",enum_issue category=normalized; field=Polarity; raw=Positif; normalized=POSITIVE; Polarity normalized to POSITIVE.
info,DH Kepemimpinan,21,OUTPUT,Integrasi Budaya Pelindo selaras dengan RJPP,enum_issue category=normalized; field=Period; raw=Tahunan; normalized=TAHUNAN; Period normalized to TAHUNAN.
info,DH Kepemimpinan,21,OUTPUT,Integrasi Budaya Pelindo selaras dengan RJPP,enum_issue category=normalized; field=Polarity; raw=Positif; normalized=POSITIVE; Polarity normalized to POSITIVE.
info,DH Kepemimpinan,22,OUTPUT,Learning Journey Framework,enum_issue category=normalized; field=Period; raw=Semester; normalized=SEMESTER; Period normalized to SEMESTER.
info,DH Kepemimpinan,22,OUTPUT,Learning Journey Framework,enum_issue category=normalized; field=Polarity; raw=Positif; normalized=POSITIVE; Polarity normalized to POSITIVE.
warning,DH Kepemimpinan,,weight_audit,DH Kepemimpinan dan Budaya Korporat,Weight total not 100: level=impact; kpi_type=OUTPUT; parent=Manpower productivity (Revenue per total manpower); raw_total=60.0; output_total=60.0; cause=Raw Data Issue.
warning,DH Kepemimpinan,,weight_audit,DH Kepemimpinan dan Budaya Korporat,Weight total not 100: level=impact; kpi_type=OUTPUT; parent=Net Income; raw_total=10.0; output_total=10.0; cause=Raw Data Issue.
warning,DH Kepemimpinan,,weight_audit,DH Kepemimpinan dan Budaya Korporat,Weight total not 100: level=output; kpi_type=KAI; parent=Integrasi Budaya Pelindo selaras dengan RJPP; raw_total=30.0; output_total=30.0; cause=Raw Data Issue.
warning,DH Kepemimpinan,,weight_audit,DH Kepemimpinan dan Budaya Korporat,Weight total not 100: level=output; kpi_type=KAI; parent=Learning Journey Framework; raw_total=25.0; output_total=25.0; cause=Raw Data Issue.
warning,DH Kepemimpinan,,weight_audit,DH Kepemimpinan dan Budaya Korporat,Weight total not 100: level=output; kpi_type=KAI; parent=Penyerapan Anggaran Dept Kepemimpinan dan Budaya Korporat; raw_total=10.0; output_total=10.0; cause=Raw Data Issue.
warning,DH Kepemimpinan,,weight_audit,DH Kepemimpinan dan Budaya Korporat,"Weight total not 100: level=output; kpi_type=KAI; parent=Tingkat pemenuhan tata kelola, manajemen risiko, dan kepatuhan internal (Penyelesaian Temuan Audit); raw_total=5.0; output_total=5.0; cause=Raw Data Issue."
warning,DH Kepemimpinan,,weight_audit,DH Kepemimpinan dan Budaya Korporat,Weight total not 100: level=position; kpi_type=KAI; raw_total=70.0; output_total=70.0; cause=Raw Data Issue.
warning,DH Kepemimpinan,,weight_audit,DH Kepemimpinan dan Budaya Korporat,Weight total not 100: level=position; kpi_type=OUTPUT; raw_total=70.0; output_total=70.0; cause=Raw Data Issue.
info,DH Perencanaan-Penyelenggaraan,9,IMPACT,Net Income,enum_issue category=normalized; field=Polarity; raw=Positif; normalized=POSITIVE; Polarity normalized to POSITIVE.
info,DH Perencanaan-Penyelenggaraan,9,IMPACT,Net Income,enum_issue category=normalized; field=Period; raw=Triwulanan; normalized=TRIWULANAN; Period normalized to TRIWULANAN.
info,DH Perencanaan-Penyelenggaraan,10,IMPACT,(ROIC > WACC) x Inv.Capital,enum_issue category=normalized; field=Polarity; raw=Positif; normalized=POSITIVE; Polarity normalized to POSITIVE.
info,DH Perencanaan-Penyelenggaraan,10,IMPACT,(ROIC > WACC) x Inv.Capital,enum_issue category=normalized; field=Period; raw=Triwulanan; normalized=TRIWULANAN; Period normalized to TRIWULANAN.
info,DH Perencanaan-Penyelenggaraan,11,IMPACT,Total Productivity,enum_issue category=normalized; field=Polarity; raw=Positif; normalized=POSITIVE; Polarity normalized to POSITIVE.
info,DH Perencanaan-Penyelenggaraan,11,IMPACT,Total Productivity,enum_issue category=normalized; field=Period; raw=Triwulanan; normalized=TRIWULANAN; Period normalized to TRIWULANAN.
info,DH Perencanaan-Penyelenggaraan,12,IMPACT,Traffic Volume,enum_issue category=normalized; field=Polarity; raw=Positif; normalized=POSITIVE; Polarity normalized to POSITIVE.
info,DH Perencanaan-Penyelenggaraan,12,IMPACT,Traffic Volume,enum_issue category=normalized; field=Period; raw=Triwulanan; normalized=TRIWULANAN; Period normalized to TRIWULANAN.
info,DH Perencanaan-Penyelenggaraan,13,IMPACT,ESG Rating,enum_issue category=normalized; field=Polarity; raw=Positif; normalized=POSITIVE; Polarity normalized to POSITIVE.
info,DH Perencanaan-Penyelenggaraan,13,IMPACT,ESG Rating,enum_issue category=normalized; field=Period; raw=Tahunan; normalized=TAHUNAN; Period normalized to TAHUNAN.
info,DH Perencanaan-Penyelenggaraan,14,IMPACT,Lost Time Injury Frequency Rate (LTIFR),enum_issue category=normalized; field=Polarity; raw=Negatif; normalized=NEGATIVE; Polarity normalized to NEGATIVE.
info,DH Perencanaan-Penyelenggaraan,14,IMPACT,Lost Time Injury Frequency Rate (LTIFR),enum_issue category=normalized; field=Period; raw=Triwulanan; normalized=TRIWULANAN; Period normalized to TRIWULANAN.
info,DH Perencanaan-Penyelenggaraan,15,IMPACT,Number of KRI exceeding its risk tolerance limit,enum_issue category=normalized; field=Polarity; raw=Negatif; normalized=NEGATIVE; Polarity normalized to NEGATIVE.
info,DH Perencanaan-Penyelenggaraan,15,IMPACT,Number of KRI exceeding its risk tolerance limit,enum_issue category=normalized; field=Period; raw=Triwulanan; normalized=TRIWULANAN; Period normalized to TRIWULANAN.
info,DH Perencanaan-Penyelenggaraan,16,IMPACT,Pengembangan Ekosistem Bali Maritime Tourism Hub (BMTH),enum_issue category=normalized; field=Polarity; raw=Positif; normalized=POSITIVE; Polarity normalized to POSITIVE.
info,DH Perencanaan-Penyelenggaraan,16,IMPACT,Pengembangan Ekosistem Bali Maritime Tourism Hub (BMTH),enum_issue category=normalized; field=Period; raw=Triwulanan; normalized=TRIWULANAN; Period normalized to TRIWULANAN.
info,DH Perencanaan-Penyelenggaraan,17,IMPACT,Strategic Project Delivery,enum_issue category=normalized; field=Polarity; raw=Positif; normalized=POSITIVE; Polarity normalized to POSITIVE.
info,DH Perencanaan-Penyelenggaraan,17,IMPACT,Strategic Project Delivery,enum_issue category=normalized; field=Period; raw=Triwulanan; normalized=TRIWULANAN; Period normalized to TRIWULANAN.
info,DH Perencanaan-Penyelenggaraan,18,IMPACT,Manpower productivity (Revenue per total manpower),enum_issue category=normalized; field=Polarity; raw=Positif; normalized=POSITIVE; Polarity normalized to POSITIVE.
info,DH Perencanaan-Penyelenggaraan,18,IMPACT,Manpower productivity (Revenue per total manpower),enum_issue category=normalized; field=Period; raw=Triwulanan; normalized=TRIWULANAN; Period normalized to TRIWULANAN.
info,DH Perencanaan-Penyelenggaraan,9,OUTPUT,Penyerapan Anggaran Dept Perencanaan dan Penyelenggaraan Pembelajaran,enum_issue category=normalized; field=Period; raw=Triwulanan; normalized=TRIWULANAN; Period normalized to TRIWULANAN.
info,DH Perencanaan-Penyelenggaraan,9,OUTPUT,Penyerapan Anggaran Dept Perencanaan dan Penyelenggaraan Pembelajaran,enum_issue category=normalized; field=Polarity; raw=Positif; normalized=POSITIVE; Polarity normalized to POSITIVE.
info,DH Perencanaan-Penyelenggaraan,19,OUTPUT,Pelindo Academy,enum_issue category=normalized; field=Period; raw=Triwulanan; normalized=TRIWULANAN; Period normalized to TRIWULANAN.
info,DH Perencanaan-Penyelenggaraan,19,OUTPUT,Pelindo Academy,enum_issue category=normalized; field=Polarity; raw=Positif; normalized=POSITIVE; Polarity normalized to POSITIVE.
info,DH Perencanaan-Penyelenggaraan,20,OUTPUT,"Tingkat pemenuhan tata kelola, manajemen risiko, dan kepatuhan internal (Penyelesaian Temuan Audit)",enum_issue category=normalized; field=Period; raw=Semester; normalized=SEMESTER; Period normalized to SEMESTER.
info,DH Perencanaan-Penyelenggaraan,20,OUTPUT,"Tingkat pemenuhan tata kelola, manajemen risiko, dan kepatuhan internal (Penyelesaian Temuan Audit)",enum_issue category=normalized; field=Polarity; raw=Positif; normalized=POSITIVE; Polarity normalized to POSITIVE.
info,DH Perencanaan-Penyelenggaraan,21,OUTPUT,Learning Journey Framework,enum_issue category=normalized; field=Period; raw=Semester; normalized=SEMESTER; Period normalized to SEMESTER.
info,DH Perencanaan-Penyelenggaraan,21,OUTPUT,Learning Journey Framework,enum_issue category=normalized; field=Polarity; raw=Positif; normalized=POSITIVE; Polarity normalized to POSITIVE.
warning,DH Perencanaan-Penyelenggaraan,,weight_audit,DH Perencanaan dan Penyelenggaraan Pembelajaran,Weight total not 100: level=impact; kpi_type=OUTPUT; parent=Manpower productivity (Revenue per total manpower); raw_total=90.0; output_total=90.0; cause=Raw Data Issue.
warning,DH Perencanaan-Penyelenggaraan,,weight_audit,DH Perencanaan dan Penyelenggaraan Pembelajaran,Weight total not 100: level=impact; kpi_type=OUTPUT; parent=Net Income; raw_total=10.0; output_total=10.0; cause=Raw Data Issue.
warning,DH Perencanaan-Penyelenggaraan,,weight_audit,DH Perencanaan dan Penyelenggaraan Pembelajaran,Weight total not 100: level=output; kpi_type=KAI; parent=Learning Journey Framework; raw_total=40.0; output_total=40.0; cause=Raw Data Issue.
warning,DH Perencanaan-Penyelenggaraan,,weight_audit,DH Perencanaan dan Penyelenggaraan Pembelajaran,Weight total not 100: level=output; kpi_type=KAI; parent=Pelindo Academy; raw_total=40.0; output_total=40.0; cause=Raw Data Issue.
warning,DH Perencanaan-Penyelenggaraan,,weight_audit,DH Perencanaan dan Penyelenggaraan Pembelajaran,Weight total not 100: level=output; kpi_type=KAI; parent=Penyerapan Anggaran Dept Perencanaan dan Penyelenggaraan Pembelajaran; raw_total=10.0; output_total=10.0; cause=Raw Data Issue.
warning,DH Perencanaan-Penyelenggaraan,,weight_audit,DH Perencanaan dan Penyelenggaraan Pembelajaran,"Weight total not 100: level=output; kpi_type=KAI; parent=Tingkat pemenuhan tata kelola, manajemen risiko, dan kepatuhan internal (Penyelesaian Temuan Audit); raw_total=10.0; output_total=10.0; cause=Raw Data Issue."
info,Group Head,8,IMPACT,Net Income,enum_issue category=normalized; field=Polarity; raw=Positif; normalized=POSITIVE; Polarity normalized to POSITIVE.
info,Group Head,8,IMPACT,Net Income,enum_issue category=normalized; field=Period; raw=Triwulanan; normalized=TRIWULANAN; Period normalized to TRIWULANAN.
info,Group Head,9,IMPACT,(ROIC > WACC) x Inv.Capital,enum_issue category=normalized; field=Polarity; raw=Positif; normalized=POSITIVE; Polarity normalized to POSITIVE.
info,Group Head,9,IMPACT,(ROIC > WACC) x Inv.Capital,enum_issue category=normalized; field=Period; raw=Triwulanan; normalized=TRIWULANAN; Period normalized to TRIWULANAN.
info,Group Head,10,IMPACT,Total Productivity,enum_issue category=normalized; field=Polarity; raw=Positif; normalized=POSITIVE; Polarity normalized to POSITIVE.
info,Group Head,10,IMPACT,Total Productivity,enum_issue category=normalized; field=Period; raw=Triwulanan; normalized=TRIWULANAN; Period normalized to TRIWULANAN.
info,Group Head,11,IMPACT,Traffic Volume,enum_issue category=normalized; field=Polarity; raw=Positif; normalized=POSITIVE; Polarity normalized to POSITIVE.
info,Group Head,11,IMPACT,Traffic Volume,enum_issue category=normalized; field=Period; raw=Triwulanan; normalized=TRIWULANAN; Period normalized to TRIWULANAN.
info,Group Head,12,IMPACT,ESG Rating,enum_issue category=normalized; field=Polarity; raw=Positif; normalized=POSITIVE; Polarity normalized to POSITIVE.
info,Group Head,12,IMPACT,ESG Rating,enum_issue category=normalized; field=Period; raw=Tahunan; normalized=TAHUNAN; Period normalized to TAHUNAN.
info,Group Head,13,IMPACT,Lost Time Injury Frequency Rate (LTIFR),enum_issue category=normalized; field=Polarity; raw=Negatif; normalized=NEGATIVE; Polarity normalized to NEGATIVE.
info,Group Head,13,IMPACT,Lost Time Injury Frequency Rate (LTIFR),enum_issue category=normalized; field=Period; raw=Triwulanan; normalized=TRIWULANAN; Period normalized to TRIWULANAN.
info,Group Head,14,IMPACT,Number of KRI exceeding its risk tolerance limit,enum_issue category=normalized; field=Polarity; raw=Negatif; normalized=NEGATIVE; Polarity normalized to NEGATIVE.
info,Group Head,14,IMPACT,Number of KRI exceeding its risk tolerance limit,enum_issue category=normalized; field=Period; raw=Triwulanan; normalized=TRIWULANAN; Period normalized to TRIWULANAN.
info,Group Head,15,IMPACT,Pengembangan Ekosistem Bali Maritime Tourism Hub (BMTH),enum_issue category=normalized; field=Polarity; raw=Positif; normalized=POSITIVE; Polarity normalized to POSITIVE.
info,Group Head,15,IMPACT,Pengembangan Ekosistem Bali Maritime Tourism Hub (BMTH),enum_issue category=normalized; field=Period; raw=Triwulanan; normalized=TRIWULANAN; Period normalized to TRIWULANAN.
info,Group Head,16,IMPACT,Strategic Project Delivery,enum_issue category=normalized; field=Polarity; raw=Positif; normalized=POSITIVE; Polarity normalized to POSITIVE.
info,Group Head,16,IMPACT,Strategic Project Delivery,enum_issue category=normalized; field=Period; raw=Triwulanan; normalized=TRIWULANAN; Period normalized to TRIWULANAN.
info,Group Head,20,IMPACT,Manpower productivity (Revenue per total manpower),enum_issue category=normalized; field=Polarity; raw=Positif; normalized=POSITIVE; Polarity normalized to POSITIVE.
info,Group Head,20,IMPACT,Manpower productivity (Revenue per total manpower),enum_issue category=normalized; field=Period; raw=Triwulanan; normalized=TRIWULANAN; Period normalized to TRIWULANAN.
info,Group Head,8,OUTPUT,Penyerapan Anggaran Group Pengelolaan SDM,enum_issue category=normalized; field=Period; raw=Triwulanan; normalized=TRIWULANAN; Period normalized to TRIWULANAN.
info,Group Head,8,OUTPUT,Penyerapan Anggaran Group Pengelolaan SDM,enum_issue category=normalized; field=Polarity; raw=Positif; normalized=POSITIVE; Polarity normalized to POSITIVE.
info,Group Head,16,OUTPUT,Learning Journey Framework,enum_issue category=normalized; field=Period; raw=Semester; normalized=SEMESTER; Period normalized to SEMESTER.
info,Group Head,16,OUTPUT,Learning Journey Framework,enum_issue category=normalized; field=Polarity; raw=Positif; normalized=POSITIVE; Polarity normalized to POSITIVE.
info,Group Head,18,OUTPUT,Penyempurnaan Pengelolaan Talent dan Performance Management berbasis Kompetensi,enum_issue category=normalized; field=Period; raw=Triwulanan; normalized=TRIWULANAN; Period normalized to TRIWULANAN.
info,Group Head,18,OUTPUT,Penyempurnaan Pengelolaan Talent dan Performance Management berbasis Kompetensi,enum_issue category=normalized; field=Polarity; raw=Positif; normalized=POSITIVE; Polarity normalized to POSITIVE.
info,Group Head,19,OUTPUT,Career Management Framework,enum_issue category=normalized; field=Period; raw=Semester; normalized=SEMESTER; Period normalized to SEMESTER.
info,Group Head,19,OUTPUT,Career Management Framework,enum_issue category=normalized; field=Polarity; raw=Positif; normalized=POSITIVE; Polarity normalized to POSITIVE.
info,Group Head,20,OUTPUT,Pelindo Academy,enum_issue category=normalized; field=Period; raw=Triwulanan; normalized=TRIWULANAN; Period normalized to TRIWULANAN.
info,Group Head,20,OUTPUT,Pelindo Academy,enum_issue category=normalized; field=Polarity; raw=Positif; normalized=POSITIVE; Polarity normalized to POSITIVE.
info,Group Head,21,OUTPUT,Integrasi Budaya Pelindo selaras dengan RJPP,enum_issue category=normalized; field=Period; raw=Triwulanan; normalized=TRIWULANAN; Period normalized to TRIWULANAN.
info,Group Head,21,OUTPUT,Integrasi Budaya Pelindo selaras dengan RJPP,enum_issue category=normalized; field=Polarity; raw=Positif; normalized=POSITIVE; Polarity normalized to POSITIVE.
info,Group Head,22,OUTPUT,"Tingkat pemenuhan tata kelola, manajemen risiko, dan kepatuhan internal (Penyelesaian Temuan Audit)",enum_issue category=normalized; field=Period; raw=Semester; normalized=SEMESTER; Period normalized to SEMESTER.
info,Group Head,22,OUTPUT,"Tingkat pemenuhan tata kelola, manajemen risiko, dan kepatuhan internal (Penyelesaian Temuan Audit)",enum_issue category=normalized; field=Polarity; raw=Positif; normalized=POSITIVE; Polarity normalized to POSITIVE.
warning,Group Head,,weight_audit,Group Head Pengelolaan SDM,Weight total not 100: level=impact; kpi_type=OUTPUT; parent=Manpower productivity (Revenue per total manpower); raw_total=35.0; output_total=35.0; cause=Raw Data Issue.
warning,Group Head,,weight_audit,Group Head Pengelolaan SDM,Weight total not 100: level=impact; kpi_type=OUTPUT; parent=Net Income; raw_total=10.0; output_total=10.0; cause=Raw Data Issue.
warning,Group Head,,weight_audit,Group Head Pengelolaan SDM,Weight total not 100: level=impact; kpi_type=OUTPUT; parent=Strategic Project Delivery; raw_total=55.0; output_total=55.0; cause=Raw Data Issue.
warning,Group Head,,weight_audit,Group Head Pengelolaan SDM,Weight total not 100: level=output; kpi_type=KAI; parent=Career Management Framework; raw_total=15.0; output_total=15.0; cause=Raw Data Issue.
warning,Group Head,,weight_audit,Group Head Pengelolaan SDM,Weight total not 100: level=output; kpi_type=KAI; parent=Integrasi Budaya Pelindo selaras dengan RJPP; raw_total=15.0; output_total=15.0; cause=Raw Data Issue.
warning,Group Head,,weight_audit,Group Head Pengelolaan SDM,Weight total not 100: level=output; kpi_type=KAI; parent=Learning Journey Framework; raw_total=15.0; output_total=15.0; cause=Raw Data Issue.
warning,Group Head,,weight_audit,Group Head Pengelolaan SDM,Weight total not 100: level=output; kpi_type=KAI; parent=Pelindo Academy; raw_total=15.0; output_total=15.0; cause=Raw Data Issue.
warning,Group Head,,weight_audit,Group Head Pengelolaan SDM,Weight total not 100: level=output; kpi_type=KAI; parent=Penyempurnaan Pengelolaan Talent dan Performance Management berbasis Kompetensi; raw_total=25.0; output_total=25.0; cause=Raw Data Issue.
warning,Group Head,,weight_audit,Group Head Pengelolaan SDM,Weight total not 100: level=output; kpi_type=KAI; parent=Penyerapan Anggaran Group Pengelolaan SDM; raw_total=10.0; output_total=10.0; cause=Raw Data Issue.
warning,Group Head,,weight_audit,Group Head Pengelolaan SDM,"Weight total not 100: level=output; kpi_type=KAI; parent=Tingkat pemenuhan tata kelola, manajemen risiko, dan kepatuhan internal (Penyelesaian Temuan Audit); raw_total=5.0; output_total=5.0; cause=Raw Data Issue."
