severity,sheet_name,source_row,record_type,title,message
info,Officer Tata Kelola-Kepatuhan,9,output,(blank),Dropped OUTPUT row because output weight is blank.
info,Officer Tata Kelola-Kepatuhan,10,output,(blank),Dropped OUTPUT row because output weight is blank.
info,Officer Tata Kelola-Kepatuhan,11,output,(blank),Dropped OUTPUT row because output weight is blank.
info,Officer Tata Kelola-Kepatuhan,12,output,(blank),Dropped OUTPUT row because output weight is blank.
info,Officer Tata Kelola-Kepatuhan,13,output,(blank),Dropped OUTPUT row because output weight is blank.
info,Officer Tata Kelola-Kepatuhan,14,output,(blank),Dropped OUTPUT row because output weight is blank.
info,Officer Tata Kelola-Kepatuhan,15,kai,Pelaksanaan Sosialisasi dan Pengumpulan Pakta Integritas serta Survei Pemahaman GCG,KAI period inferred from KPI Output Frequency because the source sheet does not provide a separate KAI period column.
info,Officer Tata Kelola-Kepatuhan,16,kai,Persentase Pedoman Tata Kelola yang Telah Dipantau dan Diverifikasi,KAI period inferred from KPI Output Frequency because the source sheet does not provide a separate KAI period column.
info,Officer Tata Kelola-Kepatuhan,17,kai,Persentase Penyelesaian Draft Laporan Pengujian Pengendalian Internal dan Tata Kelola Terintegrasi,KAI period inferred from KPI Output Frequency because the source sheet does not provide a separate KAI period column.
info,Officer Tata Kelola-Kepatuhan,18,kai,Jumlah Sesi Sosialisasi Budaya GCG yang Dilaksanakan,KAI period inferred from KPI Output Frequency because the source sheet does not provide a separate KAI period column.
info,Officer Tata Kelola-Kepatuhan,19,kai,Persentase Penyelesaian Pelaporan LHKPN oleh direksi dan BOD-1,KAI period inferred from KPI Output Frequency because the source sheet does not provide a separate KAI period column.
info,Officer Tata Kelola-Kepatuhan,20,kai,Persentase pelaksanaan sosialisasi dan mitigasi risiko gratifikasi pada titik rawan,KAI period inferred from KPI Output Frequency because the source sheet does not provide a separate KAI period column.
info,Officer Tata Kelola-Kepatuhan,21,output,(blank),Dropped OUTPUT row because output weight is blank.
info,Officer Tata Kelola-Kepatuhan,22,output,(blank),Dropped OUTPUT row because output weight is blank.
info,Officer Tata Kelola-Kepatuhan,23,output,(blank),Dropped OUTPUT row because output weight is blank.
info,Officer ManRisk Non Operasional,9,output,(blank),Dropped OUTPUT row because output weight is blank.
info,Officer ManRisk Non Operasional,10,output,(blank),Dropped OUTPUT row because output weight is blank.
info,Officer ManRisk Non Operasional,11,output,(blank),Dropped OUTPUT row because output weight is blank.
info,Officer ManRisk Non Operasional,12,kai,Monitoring dan Evaluasi Realisasi Anggaran,KAI period inferred from KPI Output Frequency because the source sheet does not provide a separate KAI period column.
info,Officer ManRisk Non Operasional,13,output,(blank),Dropped OUTPUT row because output weight is blank.
info,Officer ManRisk Non Operasional,14,output,(blank),Dropped OUTPUT row because output weight is blank.
info,Officer ManRisk Non Operasional,15,kai,Persentase penyelesaian tindak lanjut temuan audit internal,KAI period inferred from KPI Output Frequency because the source sheet does not provide a separate KAI period column.
info,Officer ManRisk Non Operasional,16,kai,Persentase review Kajian Risiko yang Disusun,KAI period inferred from KPI Output Frequency because the source sheet does not provide a separate KAI period column.
info,Officer ManRisk Non Operasional,17,kai,Persentase Implementasi Rencana Aksi Manajemen Risiko Non Operasional,KAI period inferred from KPI Output Frequency because the source sheet does not provide a separate KAI period column.
info,Officer ManRisk Non Operasional,18,kai,Persentase Pelaksanaan Business Continuity Management,KAI period inferred from KPI Output Frequency because the source sheet does not provide a separate KAI period column.
info,Officer ManRisk Non Operasional,19,kai,Persentase Kepatuhan Penyusunan Draft Laporan kajian perubahan,KAI period inferred from KPI Output Frequency because the source sheet does not provide a separate KAI period column.
info,Officer ManRisk Non Operasional,20,kai,Persentase Kepatuhan Penyusunan Draft Laporan Kontinjensi,KAI period inferred from KPI Output Frequency because the source sheet does not provide a separate KAI period column.
info,Officer ManRisk Non Operasional,21,output,(blank),Dropped OUTPUT row because output weight is blank.
info,Officer ManRisk Non Operasional,22,output,(blank),Dropped OUTPUT row because output weight is blank.
info,Officer ManRisk Non Operasional,23,output,(blank),Dropped OUTPUT row because output weight is blank.
info,Officer Perencanaan dan Pengemb,9,output,(blank),Dropped OUTPUT row because output weight is blank.
info,Officer Perencanaan dan Pengemb,10,output,(blank),Dropped OUTPUT row because output weight is blank.
info,Officer Perencanaan dan Pengemb,11,output,(blank),Dropped OUTPUT row because output weight is blank.
info,Officer Perencanaan dan Pengemb,12,kai,Tingkat Kepatuhan Penyusunan Rencana Anggaran Tahunan,KAI period inferred from KPI Output Frequency because the source sheet does not provide a separate KAI period column.
info,Officer Perencanaan dan Pengemb,13,output,(blank),Dropped OUTPUT row because output weight is blank.
info,Officer Perencanaan dan Pengemb,14,output,(blank),Dropped OUTPUT row because output weight is blank.
info,Officer Perencanaan dan Pengemb,15,kai,Persentase Penyelesaian Review dan Revisi kebijakan Manajemen Risiko,KAI period inferred from KPI Output Frequency because the source sheet does not provide a separate KAI period column.
info,Officer Perencanaan dan Pengemb,16,kai,Persentase Penyelesaian Pengumpulan Data ICOFR,KAI period inferred from KPI Output Frequency because the source sheet does not provide a separate KAI period column.
info,Officer Perencanaan dan Pengemb,17,kai,Persentase penyelesaian tindak lanjut temuan audit manajemen risiko,KAI period inferred from KPI Output Frequency because the source sheet does not provide a separate KAI period column.
info,Officer Perencanaan dan Pengemb,18,kai,Persentase Penyelesaian Draft Dokumen RKAP Manajemen Risiko,KAI period inferred from KPI Output Frequency because the source sheet does not provide a separate KAI period column.
info,Officer Perencanaan dan Pengemb,19,kai,Persentase Entitas yang Telah Melaksanakan Penilaian Tingkat Maturitas Manajemen Risiko Sesuai Jadwal,KAI period inferred from KPI Output Frequency because the source sheet does not provide a separate KAI period column.
info,Officer Perencanaan dan Pengemb,20,kai,Persentase pengembangan Sistem PRIMA,KAI period inferred from KPI Output Frequency because the source sheet does not provide a separate KAI period column.
info,Officer Perencanaan dan Pengemb,21,kai,Persentase Realisasi Program Budaya Risiko,KAI period inferred from KPI Output Frequency because the source sheet does not provide a separate KAI period column.
info,Officer Perencanaan dan Pengemb,22,kai,Persentase Penyelesaian Reviu Materi Evaluasi Manajemen Risiko Sesuai Jadwal,KAI period inferred from KPI Output Frequency because the source sheet does not provide a separate KAI period column.
info,Officer Perencanaan dan Pengemb,23,output,(blank),Dropped OUTPUT row because output weight is blank.
info,Officer Perencanaan dan Pengemb,24,output,(blank),Dropped OUTPUT row because output weight is blank.
info,Officer Perencanaan dan Pengemb,25,output,(blank),Dropped OUTPUT row because output weight is blank.
info,Officer Pengelolaan Pelaporan,9,output,(blank),Dropped OUTPUT row because output weight is blank.
info,Officer Pengelolaan Pelaporan,10,output,(blank),Dropped OUTPUT row because output weight is blank.
info,Officer Pengelolaan Pelaporan,11,output,(blank),Dropped OUTPUT row because output weight is blank.
info,Officer Pengelolaan Pelaporan,12,kai,Pelaporan Realisasi Anggaran Bulanan,KAI period inferred from KPI Output Frequency because the source sheet does not provide a separate KAI period column.
info,Officer Pengelolaan Pelaporan,13,output,(blank),Dropped OUTPUT row because output weight is blank.
info,Officer Pengelolaan Pelaporan,14,output,(blank),Dropped OUTPUT row because output weight is blank.
info,Officer Pengelolaan Pelaporan,15,kai,Pelaksanaan Review dan Validasi Indikator Risiko secara Berkala,KAI period inferred from KPI Output Frequency because the source sheet does not provide a separate KAI period column.
info,Officer Pengelolaan Pelaporan,16,kai,Persentase pelaksanaan sesi komunikasi dan sosialisasi Manajemen Risiko sesuai jadwal,KAI period inferred from KPI Output Frequency because the source sheet does not provide a separate KAI period column.
info,Officer Pengelolaan Pelaporan,17,kai,Penyusunan dan Review laporan Manajemen Risiko,KAI period inferred from KPI Output Frequency because the source sheet does not provide a separate KAI period column.
info,Officer Pengelolaan Pelaporan,18,kai,Persentase pengembangan Sistem PRIMA,KAI period inferred from KPI Output Frequency because the source sheet does not provide a separate KAI period column.
info,Officer Pengelolaan Pelaporan,19,kai,Pelaporan Berkala Status Penyelesaian Temuan Audit Manajemen Risiko,KAI period inferred from KPI Output Frequency because the source sheet does not provide a separate KAI period column.
info,Officer Pengelolaan Pelaporan,20,kai,Penilaian tingkat maturitas di HO dan pendampingan penilaian untuk PELINDO Group,KAI period inferred from KPI Output Frequency because the source sheet does not provide a separate KAI period column.
info,Officer Pengelolaan Pelaporan,21,kai,Persentase Pelaksanaan Kegiatan Sosialisasi Budaya Risiko Sesuai Jadwal,KAI period inferred from KPI Output Frequency because the source sheet does not provide a separate KAI period column.
info,Officer Pengelolaan Pelaporan,22,output,(blank),Dropped OUTPUT row because output weight is blank.
info,Officer Pengelolaan Pelaporan,23,output,(blank),Dropped OUTPUT row because output weight is blank.
info,Officer Pengelolaan Pelaporan,24,output,(blank),Dropped OUTPUT row because output weight is blank.
info,Manager Perencanaan dan Pengemb,9,output,(blank),Dropped OUTPUT row because output weight is blank.
info,Manager Perencanaan dan Pengemb,10,output,(blank),Dropped OUTPUT row because output weight is blank.
info,Manager Perencanaan dan Pengemb,11,output,(blank),Dropped OUTPUT row because output weight is blank.
info,Manager Perencanaan dan Pengemb,12,kai,Tingkat Kepatuhan Penyusunan Rencana Anggaran Tahunan,KAI period inferred from KPI Output Frequency because the source sheet does not provide a separate KAI period column.
info,Manager Perencanaan dan Pengemb,13,output,(blank),Dropped OUTPUT row because output weight is blank.
info,Manager Perencanaan dan Pengemb,14,output,(blank),Dropped OUTPUT row because output weight is blank.
info,Manager Perencanaan dan Pengemb,15,kai,Persentase Penyelesaian Review dan Revisi kebijakan Manajemen Risiko,KAI period inferred from KPI Output Frequency because the source sheet does not provide a separate KAI period column.
info,Manager Perencanaan dan Pengemb,16,kai,Persentase Penyelesaian Penyusunan dan Validasi Dokumen Kontrol Internal Lini 2,KAI period inferred from KPI Output Frequency because the source sheet does not provide a separate KAI period column.
info,Manager Perencanaan dan Pengemb,17,kai,Persentase pelaksanaan sesi komunikasi dan sosialisasi Manajemen Risiko sesuai jadwal,KAI period inferred from KPI Output Frequency because the source sheet does not provide a separate KAI period column.
info,Manager Perencanaan dan Pengemb,18,kai,Persentase penyelesaian draft dokumen RKAP Bab Manajemen Risiko,KAI period inferred from KPI Output Frequency because the source sheet does not provide a separate KAI period column.
info,Manager Perencanaan dan Pengemb,19,kai,Persentase penyelesaian tindak lanjut temuan audit manajemen risiko,KAI period inferred from KPI Output Frequency because the source sheet does not provide a separate KAI period column.
info,Manager Perencanaan dan Pengemb,20,kai,Penilaian tingkat maturitas di HO dan pendampingan penilaian untuk PELINDO Group,KAI period inferred from KPI Output Frequency because the source sheet does not provide a separate KAI period column.
info,Manager Perencanaan dan Pengemb,21,kai,Persentase pengembangan Sistem PRIMA,KAI period inferred from KPI Output Frequency because the source sheet does not provide a separate KAI period column.
info,Manager Perencanaan dan Pengemb,22,kai,Persentase Pelaksanaan Kegiatan Sosialisasi Budaya Risiko Sesuai Jadwal,KAI period inferred from KPI Output Frequency because the source sheet does not provide a separate KAI period column.
info,Manager Perencanaan dan Pengemb,23,output,(blank),Dropped OUTPUT row because output weight is blank.
info,Manager Perencanaan dan Pengemb,24,output,(blank),Dropped OUTPUT row because output weight is blank.
info,Manager Perencanaan dan Pengemb,25,output,(blank),Dropped OUTPUT row because output weight is blank.
info,Manager Pengelolaan Pelaporan,9,output,(blank),Dropped OUTPUT row because output weight is blank.
info,Manager Pengelolaan Pelaporan,10,output,(blank),Dropped OUTPUT row because output weight is blank.
info,Manager Pengelolaan Pelaporan,11,output,(blank),Dropped OUTPUT row because output weight is blank.
info,Manager Pengelolaan Pelaporan,12,kai,Pelaporan Realisasi Anggaran Bulanan,KAI period inferred from KPI Output Frequency because the source sheet does not provide a separate KAI period column.
info,Manager Pengelolaan Pelaporan,13,output,(blank),Dropped OUTPUT row because output weight is blank.
info,Manager Pengelolaan Pelaporan,14,output,(blank),Dropped OUTPUT row because output weight is blank.
info,Manager Pengelolaan Pelaporan,15,kai,Pelaksanaan Review dan Validasi Indikator Risiko secara Berkala,KAI period inferred from KPI Output Frequency because the source sheet does not provide a separate KAI period column.
info,Manager Pengelolaan Pelaporan,16,kai,Persentase pelaksanaan sesi komunikasi dan sosialisasi Manajemen Risiko sesuai jadwal,KAI period inferred from KPI Output Frequency because the source sheet does not provide a separate KAI period column.
info,Manager Pengelolaan Pelaporan,17,kai,Penyusunan dan Review laporan Manajemen Risiko,KAI period inferred from KPI Output Frequency because the source sheet does not provide a separate KAI period column.
info,Manager Pengelolaan Pelaporan,18,kai,Persentase pengembangan Sistem PRIMA,KAI period inferred from KPI Output Frequency because the source sheet does not provide a separate KAI period column.
info,Manager Pengelolaan Pelaporan,19,kai,Pelaporan Berkala Status Penyelesaian Temuan Audit Manajemen Risiko,KAI period inferred from KPI Output Frequency because the source sheet does not provide a separate KAI period column.
info,Manager Pengelolaan Pelaporan,20,kai,Penilaian tingkat maturitas di HO dan pendampingan penilaian untuk PELINDO Group,KAI period inferred from KPI Output Frequency because the source sheet does not provide a separate KAI period column.
info,Manager Pengelolaan Pelaporan,21,kai,Persentase Pelaksanaan Kegiatan Sosialisasi Budaya Risiko Sesuai Jadwal,KAI period inferred from KPI Output Frequency because the source sheet does not provide a separate KAI period column.
info,Manager Pengelolaan Pelaporan,22,output,(blank),Dropped OUTPUT row because output weight is blank.
info,Manager Pengelolaan Pelaporan,23,output,(blank),Dropped OUTPUT row because output weight is blank.
info,Manager Pengelolaan Pelaporan,24,output,(blank),Dropped OUTPUT row because output weight is blank.
info,DH Tata Kelola-Kepatuhan,9,output,(blank),Dropped OUTPUT row because output weight is blank.
info,DH Tata Kelola-Kepatuhan,10,output,(blank),Dropped OUTPUT row because output weight is blank.
info,DH Tata Kelola-Kepatuhan,11,output,(blank),Dropped OUTPUT row because output weight is blank.
info,DH Tata Kelola-Kepatuhan,12,kai,Tingkat Kepatuhan Pengendalian Beban Operasional,KAI period inferred from KPI Output Frequency because the source sheet does not provide a separate KAI period column.
info,DH Tata Kelola-Kepatuhan,13,kai,Tingkat Kepatuhan Pengendalian Beban Operasional,KAI period inferred from KPI Output Frequency because the source sheet does not provide a separate KAI period column.
info,DH Tata Kelola-Kepatuhan,14,output,(blank),Dropped OUTPUT row because output weight is blank.
info,DH Tata Kelola-Kepatuhan,15,output,(blank),Dropped OUTPUT row because output weight is blank.
info,DH Tata Kelola-Kepatuhan,16,kai,Persentase Penyelesaian Penandatanganan Pakta Integritas oleh Pegawai organik dan Pelaporan LHKPN oleh Wajib Lapor LHKPN di lingkungan Pelindo,KAI period inferred from KPI Output Frequency because the source sheet does not provide a separate KAI period column.
info,DH Tata Kelola-Kepatuhan,17,kai,Persentase  Tindaklanjut laporan yang dihasilkan WBS,KAI period inferred from KPI Output Frequency because the source sheet does not provide a separate KAI period column.
info,DH Tata Kelola-Kepatuhan,18,kai,Persentase Jumlah Sesi aktifitas Sosialisasi Budaya Perangkat GCG yang telah Dilaksanakan,KAI period inferred from KPI Output Frequency because the source sheet does not provide a separate KAI period column.
info,DH Tata Kelola-Kepatuhan,19,kai,Persentase kepatuhan pelaksanaan audit tata kelola perusahaan,KAI period inferred from KPI Output Frequency because the source sheet does not provide a separate KAI period column.
info,DH Tata Kelola-Kepatuhan,20,kai,Persentase Pedoman Tata Kelola yang Telah Dipantau dan Diverifikasi,KAI period inferred from KPI Output Frequency because the source sheet does not provide a separate KAI period column.
info,DH Tata Kelola-Kepatuhan,21,kai,Persentase Penyelesaian Draft Laporan Pengujian Pengendalian Internal dan Tata Kelola Terintegrasi,KAI period inferred from KPI Output Frequency because the source sheet does not provide a separate KAI period column.
info,DH Tata Kelola-Kepatuhan,22,kai,tindaklanjut audit internal dan eksternal terkait SMAP,KAI period inferred from KPI Output Frequency because the source sheet does not provide a separate KAI period column.
info,DH Tata Kelola-Kepatuhan,23,output,(blank),Dropped OUTPUT row because output weight is blank.
info,DH Tata Kelola-Kepatuhan,24,output,(blank),Dropped OUTPUT row because output weight is blank.
info,DH Tata Kelola-Kepatuhan,25,kai,Persentase penyelesaian tindak lanjut temuan audit internal,KAI period inferred from KPI Output Frequency because the source sheet does not provide a separate KAI period column.
info,DH ManRisk Non Operasional,9,output,(blank),Dropped OUTPUT row because output weight is blank.
info,DH ManRisk Non Operasional,10,output,(blank),Dropped OUTPUT row because output weight is blank.
info,DH ManRisk Non Operasional,11,output,(blank),Dropped OUTPUT row because output weight is blank.
info,DH ManRisk Non Operasional,12,kai,Monitoring dan Evaluasi Realisasi Anggaran,KAI period inferred from KPI Output Frequency because the source sheet does not provide a separate KAI period column.
info,DH ManRisk Non Operasional,13,output,(blank),Dropped OUTPUT row because output weight is blank.
info,DH ManRisk Non Operasional,14,output,(blank),Dropped OUTPUT row because output weight is blank.
info,DH ManRisk Non Operasional,15,kai,Persentase review Kajian Risiko yang Disusun,KAI period inferred from KPI Output Frequency because the source sheet does not provide a separate KAI period column.
info,DH ManRisk Non Operasional,16,kai,Persentase Implementasi Rencana Aksi Manajemen Risiko Non Operasional,KAI period inferred from KPI Output Frequency because the source sheet does not provide a separate KAI period column.
info,DH ManRisk Non Operasional,17,kai,Persentase Pelaksanaan Business Continuity Management,KAI period inferred from KPI Output Frequency because the source sheet does not provide a separate KAI period column.
info,DH ManRisk Non Operasional,18,kai,Persentase Kepatuhan Penyusunan Draft Laporan kajian perubahan,KAI period inferred from KPI Output Frequency because the source sheet does not provide a separate KAI period column.
info,DH ManRisk Non Operasional,19,kai,Persentase Kepatuhan Penyusunan Draft Laporan Kontinjensi,KAI period inferred from KPI Output Frequency because the source sheet does not provide a separate KAI period column.
info,DH ManRisk Non Operasional,20,output,(blank),Dropped OUTPUT row because output weight is blank.
info,DH ManRisk Non Operasional,21,output,(blank),Dropped OUTPUT row because output weight is blank.
info,DH ManRisk Non Operasional,22,kai,Persentase penyelesaian tindak lanjut temuan audit internal,KAI period inferred from KPI Output Frequency because the source sheet does not provide a separate KAI period column.
info,DH ManRisk Operasional,9,output,(blank),Dropped OUTPUT row because output weight is blank.
info,DH ManRisk Operasional,10,output,(blank),Dropped OUTPUT row because output weight is blank.
info,DH ManRisk Operasional,11,output,(blank),Dropped OUTPUT row because output weight is blank.
info,DH ManRisk Operasional,12,kai,Tingkat Kepatuhan Penyusunan Rencana Anggaran Tahunan,KAI period inferred from KPI Output Frequency because the source sheet does not provide a separate KAI period column.
info,DH ManRisk Operasional,13,output,(blank),Dropped OUTPUT row because output weight is blank.
info,DH ManRisk Operasional,14,output,(blank),Dropped OUTPUT row because output weight is blank.
info,DH ManRisk Operasional,15,kai,Persentase Tindak Lanjut atas KRI yang Mendekati Batas Toleransi,KAI period inferred from KPI Output Frequency because the source sheet does not provide a separate KAI period column.
info,DH ManRisk Operasional,16,kai,Persentase Penyelesaian Diagnostic ICOFR Tepat Waktu,KAI period inferred from KPI Output Frequency because the source sheet does not provide a separate KAI period column.
info,DH ManRisk Operasional,17,kai,Persentase Penyelesaian Review Internal Draft RKAP,KAI period inferred from KPI Output Frequency because the source sheet does not provide a separate KAI period column.
info,DH ManRisk Operasional,18,kai,Persentase pengembangan Sistem PRIMA,KAI period inferred from KPI Output Frequency because the source sheet does not provide a separate KAI period column.
info,DH ManRisk Operasional,19,kai,Persentase Penyelesaian Sesi Pendampingan Assessment Tingkat Maturitas Manajemen Risiko,KAI period inferred from KPI Output Frequency because the source sheet does not provide a separate KAI period column.
info,DH ManRisk Operasional,20,kai,Persentase Sesi Pendampingan Budaya Risiko yang Dilaksanakan Sesuai Jadwal,KAI period inferred from KPI Output Frequency because the source sheet does not provide a separate KAI period column.
info,DH ManRisk Operasional,21,output,(blank),Dropped OUTPUT row because output weight is blank.
info,DH ManRisk Operasional,22,output,(blank),Dropped OUTPUT row because output weight is blank.
info,DH ManRisk Operasional,23,kai,Persentase penyelesaian tindak lanjut temuan audit risiko operasional,KAI period inferred from KPI Output Frequency because the source sheet does not provide a separate KAI period column.
info,Group Head,9,kai,Persentase Penyelesaian Rencana Pemulihan Bisnis di Empat Pelabuhan Utama,KAI period inferred from KPI Output Frequency because the source sheet does not provide a separate KAI period column.
info,Group Head,10,output,(blank),Dropped OUTPUT row because output weight is blank.
info,Group Head,11,output,(blank),Dropped OUTPUT row because output weight is blank.
info,Group Head,12,kai,Tingkat Kepatuhan Pengendalian Beban Operasional,KAI period inferred from KPI Output Frequency because the source sheet does not provide a separate KAI period column.
info,Group Head,13,kai,Tingkat Kepatuhan Pengendalian Beban Operasional,KAI period inferred from KPI Output Frequency because the source sheet does not provide a separate KAI period column.
info,Group Head,14,output,(blank),Dropped OUTPUT row because output weight is blank.
info,Group Head,15,output,(blank),Dropped OUTPUT row because output weight is blank.
info,Group Head,16,kai,Persentase Penyelesaian Penandatanganan Pakta Integritas oleh Pegawai organik dan Pelaporan LHKPN oleh Wajib Lapor LHKPN di lingkungan Pelindo,KAI period inferred from KPI Output Frequency because the source sheet does not provide a separate KAI period column.
info,Group Head,17,kai,Persentase  Tindaklanjut laporan yang dihasilkan WBS,KAI period inferred from KPI Output Frequency because the source sheet does not provide a separate KAI period column.
info,Group Head,18,kai,Persentase Penyelesaian Audit Internal Manajemen Risiko,KAI period inferred from KPI Output Frequency because the source sheet does not provide a separate KAI period column.
info,Group Head,19,kai,Persentase Pelaksanaan Rencana Implementasi Manajemen Risiko Tepat Waktu,KAI period inferred from KPI Output Frequency because the source sheet does not provide a separate KAI period column.
info,Group Head,20,output,(blank),Dropped OUTPUT row because output weight is blank.
info,Group Head,21,output,(blank),Dropped OUTPUT row because output weight is blank.
info,Group Head,22,kai,Persentase penyelesaian tindak lanjut temuan audit internal,KAI period inferred from KPI Output Frequency because the source sheet does not provide a separate KAI period column.
info,Officer Tata Kelola-Kepatuhan,9,IMPACT,Total Productivity,enum_issue category=normalized; field=Polarity; raw=Positif; normalized=POSITIVE; Polarity normalized to POSITIVE.
info,Officer Tata Kelola-Kepatuhan,9,IMPACT,Total Productivity,enum_issue category=normalized; field=Period; raw=Triwulanan; normalized=TRIWULANAN; Period normalized to TRIWULANAN.
info,Officer Tata Kelola-Kepatuhan,10,IMPACT,Traffic Volume,enum_issue category=normalized; field=Polarity; raw=Positif; normalized=POSITIVE; Polarity normalized to POSITIVE.
info,Officer Tata Kelola-Kepatuhan,10,IMPACT,Traffic Volume,enum_issue category=normalized; field=Period; raw=Triwulanan; normalized=TRIWULANAN; Period normalized to TRIWULANAN.
info,Officer Tata Kelola-Kepatuhan,11,IMPACT,(ROIC > WACC) x Inv.Capital,enum_issue category=normalized; field=Polarity; raw=Positif; normalized=POSITIVE; Polarity normalized to POSITIVE.
info,Officer Tata Kelola-Kepatuhan,11,IMPACT,(ROIC > WACC) x Inv.Capital,enum_issue category=normalized; field=Period; raw=Triwulanan; normalized=TRIWULANAN; Period normalized to TRIWULANAN.
info,Officer Tata Kelola-Kepatuhan,12,IMPACT,Net Income,enum_issue category=normalized; field=Polarity; raw=Positif; normalized=POSITIVE; Polarity normalized to POSITIVE.
info,Officer Tata Kelola-Kepatuhan,12,IMPACT,Net Income,enum_issue category=normalized; field=Period; raw=Triwulanan; normalized=TRIWULANAN; Period normalized to TRIWULANAN.
info,Officer Tata Kelola-Kepatuhan,13,IMPACT,ESG Rating,enum_issue category=normalized; field=Polarity; raw=Positif; normalized=POSITIVE; Polarity normalized to POSITIVE.
info,Officer Tata Kelola-Kepatuhan,13,IMPACT,ESG Rating,enum_issue category=normalized; field=Period; raw=Tahunan; normalized=TAHUNAN; Period normalized to TAHUNAN.
info,Officer Tata Kelola-Kepatuhan,14,IMPACT,Lost Time Injury Frequency Rate (LTIFR),enum_issue category=normalized; field=Polarity; raw=Positif; normalized=POSITIVE; Polarity normalized to POSITIVE.
info,Officer Tata Kelola-Kepatuhan,14,IMPACT,Lost Time Injury Frequency Rate (LTIFR),enum_issue category=normalized; field=Period; raw=Triwulanan; normalized=TRIWULANAN; Period normalized to TRIWULANAN.
info,Officer Tata Kelola-Kepatuhan,15,IMPACT,Number of KRI exceeding its risk tolerance limit,enum_issue category=normalized; field=Polarity; raw=Negatif; normalized=NEGATIVE; Polarity normalized to NEGATIVE.
info,Officer Tata Kelola-Kepatuhan,15,IMPACT,Number of KRI exceeding its risk tolerance limit,enum_issue category=normalized; field=Period; raw=Triwulanan; normalized=TRIWULANAN; Period normalized to TRIWULANAN.
info,Officer Tata Kelola-Kepatuhan,21,IMPACT,Pengembangan Ekosistem Bali Maritime Tourism Hub (BMTH),enum_issue category=normalized; field=Polarity; raw=Positif; normalized=POSITIVE; Polarity normalized to POSITIVE.
info,Officer Tata Kelola-Kepatuhan,21,IMPACT,Pengembangan Ekosistem Bali Maritime Tourism Hub (BMTH),enum_issue category=normalized; field=Period; raw=Triwulanan; normalized=TRIWULANAN; Period normalized to TRIWULANAN.
info,Officer Tata Kelola-Kepatuhan,22,IMPACT,Strategic Project Delivery,enum_issue category=normalized; field=Polarity; raw=Positif; normalized=POSITIVE; Polarity normalized to POSITIVE.
info,Officer Tata Kelola-Kepatuhan,22,IMPACT,Strategic Project Delivery,enum_issue category=normalized; field=Period; raw=Triwulanan; normalized=TRIWULANAN; Period normalized to TRIWULANAN.
info,Officer Tata Kelola-Kepatuhan,23,IMPACT,Manpower productivity (Revenue per total manpower),enum_issue category=normalized; field=Polarity; raw=Positif; normalized=POSITIVE; Polarity normalized to POSITIVE.
info,Officer Tata Kelola-Kepatuhan,23,IMPACT,Manpower productivity (Revenue per total manpower),enum_issue category=normalized; field=Period; raw=Triwulanan; normalized=TRIWULANAN; Period normalized to TRIWULANAN.
info,Officer Tata Kelola-Kepatuhan,15,OUTPUT,"Pemenuhan Pakta Integritas Pekerja Kantor Pusat, Regional 2, Pelindo Solusi Logistik, SPTP dan SPJM.",enum_issue category=normalized; field=Period; raw=Tahunan; normalized=TAHUNAN; Period normalized to TAHUNAN.
info,Officer Tata Kelola-Kepatuhan,15,OUTPUT,"Pemenuhan Pakta Integritas Pekerja Kantor Pusat, Regional 2, Pelindo Solusi Logistik, SPTP dan SPJM.",enum_issue category=normalized; field=Polarity; raw=Positif; normalized=POSITIVE; Polarity normalized to POSITIVE.
info,Officer Tata Kelola-Kepatuhan,16,OUTPUT,Review Pedoman Perangkat GCG PT PELINDO,enum_issue category=normalized; field=Period; raw=Triwulanan; normalized=TRIWULANAN; Period normalized to TRIWULANAN.
info,Officer Tata Kelola-Kepatuhan,16,OUTPUT,Review Pedoman Perangkat GCG PT PELINDO,enum_issue category=normalized; field=Polarity; raw=Positif; normalized=POSITIVE; Polarity normalized to POSITIVE.
info,Officer Tata Kelola-Kepatuhan,17,OUTPUT,"Penyusunan Laporan Internal control testing,  tata kelola terintegrasi",enum_issue category=normalized; field=Period; raw=Bulanan; normalized=BULANAN; Period normalized to BULANAN.
info,Officer Tata Kelola-Kepatuhan,17,OUTPUT,"Penyusunan Laporan Internal control testing,  tata kelola terintegrasi",enum_issue category=normalized; field=Polarity; raw=Positif; normalized=POSITIVE; Polarity normalized to POSITIVE.
info,Officer Tata Kelola-Kepatuhan,18,OUTPUT,Sosialisasi Budaya GCG,enum_issue category=normalized; field=Period; raw=Triwulanan; normalized=TRIWULANAN; Period normalized to TRIWULANAN.
info,Officer Tata Kelola-Kepatuhan,18,OUTPUT,Sosialisasi Budaya GCG,enum_issue category=normalized; field=Polarity; raw=Positif; normalized=POSITIVE; Polarity normalized to POSITIVE.
info,Officer Tata Kelola-Kepatuhan,19,OUTPUT,Pemenuhan LHKPN untuk direksi dan BOD-1,enum_issue category=normalized; field=Period; raw=Tahunan; normalized=TAHUNAN; Period normalized to TAHUNAN.
info,Officer Tata Kelola-Kepatuhan,19,OUTPUT,Pemenuhan LHKPN untuk direksi dan BOD-1,enum_issue category=normalized; field=Polarity; raw=Positif; normalized=POSITIVE; Polarity normalized to POSITIVE.
info,Officer Tata Kelola-Kepatuhan,20,OUTPUT,"Pengelolaan pengendalian gratifikasi Pelindo kategori penyebaran pesan melalui media, mitigasi risiko titik rawan praktik gratifikasi, sosialisasi gratifikasi (Monev)",enum_issue category=normalized; field=Period; raw=Triwulanan; normalized=TRIWULANAN; Period normalized to TRIWULANAN.
info,Officer Tata Kelola-Kepatuhan,20,OUTPUT,"Pengelolaan pengendalian gratifikasi Pelindo kategori penyebaran pesan melalui media, mitigasi risiko titik rawan praktik gratifikasi, sosialisasi gratifikasi (Monev)",enum_issue category=normalized; field=Polarity; raw=Positif; normalized=POSITIVE; Polarity normalized to POSITIVE.
warning,Officer Tata Kelola-Kepatuhan,16,KAI,Persentase Pedoman Tata Kelola yang Telah Dipantau dan Diverifikasi,KAI formula may not be percentage-based or is blank.
info,Officer Tata Kelola-Kepatuhan,19,KAI,Persentase Penyelesaian Pelaporan LHKPN oleh direksi dan BOD-1,enum_issue category=normalized; field=Nature Of Work; raw=Non-Routine; normalized=Non Routine; KAI Nature normalized to Non Routine.
warning,Officer Tata Kelola-Kepatuhan,,weight_audit,Officer Tata Kelola-Kepatuhan,Weight total not 100: level=output; kpi_type=KAI; parent=Pemenuhan LHKPN untuk direksi dan BOD-1; raw_total=15.0; output_total=15.0; cause=Raw Data Issue.
warning,Officer Tata Kelola-Kepatuhan,,weight_audit,Officer Tata Kelola-Kepatuhan,"Weight total not 100: level=output; kpi_type=KAI; parent=Pemenuhan Pakta Integritas Pekerja Kantor Pusat, Regional 2, Pelindo Solusi Logistik, SPTP dan SPJM.; raw_total=20.0; output_total=20.0; cause=Raw Data Issue."
warning,Officer Tata Kelola-Kepatuhan,,weight_audit,Officer Tata Kelola-Kepatuhan,"Weight total not 100: level=output; kpi_type=KAI; parent=Pengelolaan pengendalian gratifikasi Pelindo kategori penyebaran pesan melalui media, mitigasi risiko titik rawan praktik gratifikasi, sosialisasi gratifikasi (Monev); raw_total=15.0; output_total=15.0; cause=Raw Data Issue."
warning,Officer Tata Kelola-Kepatuhan,,weight_audit,Officer Tata Kelola-Kepatuhan,"Weight total not 100: level=output; kpi_type=KAI; parent=Penyusunan Laporan Internal control testing,  tata kelola terintegrasi; raw_total=20.0; output_total=20.0; cause=Raw Data Issue."
warning,Officer Tata Kelola-Kepatuhan,,weight_audit,Officer Tata Kelola-Kepatuhan,Weight total not 100: level=output; kpi_type=KAI; parent=Review Pedoman Perangkat GCG PT PELINDO; raw_total=15.0; output_total=15.0; cause=Raw Data Issue.
warning,Officer Tata Kelola-Kepatuhan,,weight_audit,Officer Tata Kelola-Kepatuhan,Weight total not 100: level=output; kpi_type=KAI; parent=Sosialisasi Budaya GCG; raw_total=15.0; output_total=15.0; cause=Raw Data Issue.
info,Officer ManRisk Non Operasional,9,IMPACT,Total Productivity,enum_issue category=normalized; field=Polarity; raw=Positif; normalized=POSITIVE; Polarity normalized to POSITIVE.
info,Officer ManRisk Non Operasional,9,IMPACT,Total Productivity,enum_issue category=normalized; field=Period; raw=Triwulanan; normalized=TRIWULANAN; Period normalized to TRIWULANAN.
info,Officer ManRisk Non Operasional,10,IMPACT,Traffic Volume,enum_issue category=normalized; field=Polarity; raw=Positif; normalized=POSITIVE; Polarity normalized to POSITIVE.
info,Officer ManRisk Non Operasional,10,IMPACT,Traffic Volume,enum_issue category=normalized; field=Period; raw=Triwulanan; normalized=TRIWULANAN; Period normalized to TRIWULANAN.
info,Officer ManRisk Non Operasional,11,IMPACT,(ROIC > WACC) x Inv.Capital,enum_issue category=normalized; field=Polarity; raw=Positif; normalized=POSITIVE; Polarity normalized to POSITIVE.
info,Officer ManRisk Non Operasional,11,IMPACT,(ROIC > WACC) x Inv.Capital,enum_issue category=normalized; field=Period; raw=Triwulanan; normalized=TRIWULANAN; Period normalized to TRIWULANAN.
info,Officer ManRisk Non Operasional,12,IMPACT,Net Income,enum_issue category=normalized; field=Polarity; raw=Positif; normalized=POSITIVE; Polarity normalized to POSITIVE.
info,Officer ManRisk Non Operasional,12,IMPACT,Net Income,enum_issue category=normalized; field=Period; raw=Triwulanan; normalized=TRIWULANAN; Period normalized to TRIWULANAN.
info,Officer ManRisk Non Operasional,13,IMPACT,ESG Rating,enum_issue category=normalized; field=Polarity; raw=Positif; normalized=POSITIVE; Polarity normalized to POSITIVE.
info,Officer ManRisk Non Operasional,13,IMPACT,ESG Rating,enum_issue category=normalized; field=Period; raw=Tahunan; normalized=TAHUNAN; Period normalized to TAHUNAN.
info,Officer ManRisk Non Operasional,14,IMPACT,Lost Time Injury Frequency Rate (LTIFR),enum_issue category=normalized; field=Polarity; raw=Positif; normalized=POSITIVE; Polarity normalized to POSITIVE.
info,Officer ManRisk Non Operasional,14,IMPACT,Lost Time Injury Frequency Rate (LTIFR),enum_issue category=normalized; field=Period; raw=Triwulanan; normalized=TRIWULANAN; Period normalized to TRIWULANAN.
info,Officer ManRisk Non Operasional,15,IMPACT,Number of KRI exceeding its risk tolerance limit,enum_issue category=normalized; field=Polarity; raw=Negatif; normalized=NEGATIVE; Polarity normalized to NEGATIVE.
info,Officer ManRisk Non Operasional,15,IMPACT,Number of KRI exceeding its risk tolerance limit,enum_issue category=normalized; field=Period; raw=Triwulanan; normalized=TRIWULANAN; Period normalized to TRIWULANAN.
info,Officer ManRisk Non Operasional,21,IMPACT,Pengembangan Ekosistem Bali Maritime Tourism Hub (BMTH),enum_issue category=normalized; field=Polarity; raw=Positif; normalized=POSITIVE; Polarity normalized to POSITIVE.
info,Officer ManRisk Non Operasional,21,IMPACT,Pengembangan Ekosistem Bali Maritime Tourism Hub (BMTH),enum_issue category=normalized; field=Period; raw=Triwulanan; normalized=TRIWULANAN; Period normalized to TRIWULANAN.
info,Officer ManRisk Non Operasional,22,IMPACT,Strategic Project Delivery,enum_issue category=normalized; field=Polarity; raw=Positif; normalized=POSITIVE; Polarity normalized to POSITIVE.
info,Officer ManRisk Non Operasional,22,IMPACT,Strategic Project Delivery,enum_issue category=normalized; field=Period; raw=Triwulanan; normalized=TRIWULANAN; Period normalized to TRIWULANAN.
info,Officer ManRisk Non Operasional,23,IMPACT,Manpower productivity (Revenue per total manpower),enum_issue category=normalized; field=Polarity; raw=Positif; normalized=POSITIVE; Polarity normalized to POSITIVE.
info,Officer ManRisk Non Operasional,23,IMPACT,Manpower productivity (Revenue per total manpower),enum_issue category=normalized; field=Period; raw=Triwulanan; normalized=TRIWULANAN; Period normalized to TRIWULANAN.
info,Officer ManRisk Non Operasional,12,OUTPUT,Penyerapan Anggaran Dinas Dept,enum_issue category=normalized; field=Period; raw=Triwulanan; normalized=TRIWULANAN; Period normalized to TRIWULANAN.
info,Officer ManRisk Non Operasional,12,OUTPUT,Penyerapan Anggaran Dinas Dept,enum_issue category=normalized; field=Polarity; raw=Negatif; normalized=NEGATIVE; Polarity normalized to NEGATIVE.
info,Officer ManRisk Non Operasional,15,OUTPUT,"Tingkat pemenuhan tata kelola, manajemen risiko, dan kepatuhan internal (Penyelesaian Temuan Audit)",enum_issue category=normalized; field=Period; raw=Triwulanan; normalized=TRIWULANAN; Period normalized to TRIWULANAN.
info,Officer ManRisk Non Operasional,15,OUTPUT,"Tingkat pemenuhan tata kelola, manajemen risiko, dan kepatuhan internal (Penyelesaian Temuan Audit)",enum_issue category=normalized; field=Polarity; raw=Positif; normalized=POSITIVE; Polarity normalized to POSITIVE.
info,Officer ManRisk Non Operasional,16,OUTPUT,"Evaluasi Hasil Reviu Kajian Risiko atas Kerjasama Usaha, Investasi dan Aksi Korporasi",enum_issue category=normalized; field=Period; raw=Triwulanan; normalized=TRIWULANAN; Period normalized to TRIWULANAN.
info,Officer ManRisk Non Operasional,16,OUTPUT,"Evaluasi Hasil Reviu Kajian Risiko atas Kerjasama Usaha, Investasi dan Aksi Korporasi",enum_issue category=normalized; field=Polarity; raw=Positif; normalized=POSITIVE; Polarity normalized to POSITIVE.
info,Officer ManRisk Non Operasional,17,OUTPUT,Evaluasi Peningkatan fungsi manajemen risiko dalam perencanaan strategis dan operasional,enum_issue category=normalized; field=Period; raw=Tahunan; normalized=TAHUNAN; Period normalized to TAHUNAN.
info,Officer ManRisk Non Operasional,17,OUTPUT,Evaluasi Peningkatan fungsi manajemen risiko dalam perencanaan strategis dan operasional,enum_issue category=normalized; field=Polarity; raw=Positif; normalized=POSITIVE; Polarity normalized to POSITIVE.
info,Officer ManRisk Non Operasional,18,OUTPUT,Evaluasi Pelaksanaan Implementasi Business Continuity Management,enum_issue category=normalized; field=Period; raw=Tahunan; normalized=TAHUNAN; Period normalized to TAHUNAN.
info,Officer ManRisk Non Operasional,18,OUTPUT,Evaluasi Pelaksanaan Implementasi Business Continuity Management,enum_issue category=normalized; field=Polarity; raw=Positif; normalized=POSITIVE; Polarity normalized to POSITIVE.
info,Officer ManRisk Non Operasional,19,OUTPUT,Evaluasi draft kajian perubahan iklim yang berdampak atas BCM,enum_issue category=normalized; field=Period; raw=Tahunan; normalized=TAHUNAN; Period normalized to TAHUNAN.
info,Officer ManRisk Non Operasional,19,OUTPUT,Evaluasi draft kajian perubahan iklim yang berdampak atas BCM,enum_issue category=normalized; field=Polarity; raw=Positif; normalized=POSITIVE; Polarity normalized to POSITIVE.
info,Officer ManRisk Non Operasional,20,OUTPUT,Evaluasi Draft Contingency Report,enum_issue category=normalized; field=Period; raw=Tahunan; normalized=TAHUNAN; Period normalized to TAHUNAN.
info,Officer ManRisk Non Operasional,20,OUTPUT,Evaluasi Draft Contingency Report,enum_issue category=normalized; field=Polarity; raw=Positif; normalized=POSITIVE; Polarity normalized to POSITIVE.
info,Officer ManRisk Non Operasional,17,KAI,Persentase Implementasi Rencana Aksi Manajemen Risiko Non Operasional,enum_issue category=normalized; field=Nature Of Work; raw=Non-Routine; normalized=Non Routine; KAI Nature normalized to Non Routine.
info,Officer ManRisk Non Operasional,18,KAI,Persentase Pelaksanaan Business Continuity Management,enum_issue category=normalized; field=Nature Of Work; raw=Non-Routine; normalized=Non Routine; KAI Nature normalized to Non Routine.
info,Officer ManRisk Non Operasional,19,KAI,Persentase Kepatuhan Penyusunan Draft Laporan kajian perubahan,enum_issue category=normalized; field=Nature Of Work; raw=Non-Routine; normalized=Non Routine; KAI Nature normalized to Non Routine.
info,Officer ManRisk Non Operasional,20,KAI,Persentase Kepatuhan Penyusunan Draft Laporan Kontinjensi,enum_issue category=normalized; field=Nature Of Work; raw=Non-Routine; normalized=Non Routine; KAI Nature normalized to Non Routine.
warning,Officer ManRisk Non Operasional,,weight_audit,Officer ManRisk Non Operasional,Weight total not 100: level=impact; kpi_type=OUTPUT; parent=Net Income; raw_total=5.0; output_total=5.0; cause=Raw Data Issue.
warning,Officer ManRisk Non Operasional,,weight_audit,Officer ManRisk Non Operasional,Weight total not 100: level=impact; kpi_type=OUTPUT; parent=Number of KRI exceeding its risk tolerance limit; raw_total=95.0; output_total=95.0; cause=Raw Data Issue.
warning,Officer ManRisk Non Operasional,,weight_audit,Officer ManRisk Non Operasional,Weight total not 100: level=output; kpi_type=KAI; parent=Evaluasi Draft Contingency Report; raw_total=15.0; output_total=15.0; cause=Raw Data Issue.
warning,Officer ManRisk Non Operasional,,weight_audit,Officer ManRisk Non Operasional,"Weight total not 100: level=output; kpi_type=KAI; parent=Evaluasi Hasil Reviu Kajian Risiko atas Kerjasama Usaha, Investasi dan Aksi Korporasi; raw_total=20.0; output_total=20.0; cause=Raw Data Issue."
warning,Officer ManRisk Non Operasional,,weight_audit,Officer ManRisk Non Operasional,Weight total not 100: level=output; kpi_type=KAI; parent=Evaluasi Pelaksanaan Implementasi Business Continuity Management; raw_total=25.0; output_total=25.0; cause=Raw Data Issue.
warning,Officer ManRisk Non Operasional,,weight_audit,Officer ManRisk Non Operasional,Weight total not 100: level=output; kpi_type=KAI; parent=Evaluasi Peningkatan fungsi manajemen risiko dalam perencanaan strategis dan operasional; raw_total=15.0; output_total=15.0; cause=Raw Data Issue.
warning,Officer ManRisk Non Operasional,,weight_audit,Officer ManRisk Non Operasional,Weight total not 100: level=output; kpi_type=KAI; parent=Evaluasi draft kajian perubahan iklim yang berdampak atas BCM; raw_total=15.0; output_total=15.0; cause=Raw Data Issue.
warning,Officer ManRisk Non Operasional,,weight_audit,Officer ManRisk Non Operasional,Weight total not 100: level=output; kpi_type=KAI; parent=Penyerapan Anggaran Dinas Dept; raw_total=5.0; output_total=5.0; cause=Raw Data Issue.
warning,Officer ManRisk Non Operasional,,weight_audit,Officer ManRisk Non Operasional,"Weight total not 100: level=output; kpi_type=KAI; parent=Tingkat pemenuhan tata kelola, manajemen risiko, dan kepatuhan internal (Penyelesaian Temuan Audit); raw_total=5.0; output_total=5.0; cause=Raw Data Issue."
info,Officer Perencanaan dan Pengemb,9,IMPACT,Total Productivity,enum_issue category=normalized; field=Polarity; raw=Positif; normalized=POSITIVE; Polarity normalized to POSITIVE.
info,Officer Perencanaan dan Pengemb,9,IMPACT,Total Productivity,enum_issue category=normalized; field=Period; raw=Triwulanan; normalized=TRIWULANAN; Period normalized to TRIWULANAN.
info,Officer Perencanaan dan Pengemb,10,IMPACT,Traffic Volume,enum_issue category=normalized; field=Polarity; raw=Positif; normalized=POSITIVE; Polarity normalized to POSITIVE.
info,Officer Perencanaan dan Pengemb,10,IMPACT,Traffic Volume,enum_issue category=normalized; field=Period; raw=Triwulanan; normalized=TRIWULANAN; Period normalized to TRIWULANAN.
info,Officer Perencanaan dan Pengemb,11,IMPACT,(ROIC > WACC) x Inv.Capital,enum_issue category=normalized; field=Polarity; raw=Positif; normalized=POSITIVE; Polarity normalized to POSITIVE.
info,Officer Perencanaan dan Pengemb,11,IMPACT,(ROIC > WACC) x Inv.Capital,enum_issue category=normalized; field=Period; raw=Triwulanan; normalized=TRIWULANAN; Period normalized to TRIWULANAN.
info,Officer Perencanaan dan Pengemb,12,IMPACT,Net Income,enum_issue category=normalized; field=Polarity; raw=Positif; normalized=POSITIVE; Polarity normalized to POSITIVE.
info,Officer Perencanaan dan Pengemb,12,IMPACT,Net Income,enum_issue category=normalized; field=Period; raw=Triwulanan; normalized=TRIWULANAN; Period normalized to TRIWULANAN.
info,Officer Perencanaan dan Pengemb,13,IMPACT,ESG Rating,enum_issue category=normalized; field=Polarity; raw=Positif; normalized=POSITIVE; Polarity normalized to POSITIVE.
info,Officer Perencanaan dan Pengemb,13,IMPACT,ESG Rating,enum_issue category=normalized; field=Period; raw=Tahunan; normalized=TAHUNAN; Period normalized to TAHUNAN.
info,Officer Perencanaan dan Pengemb,14,IMPACT,Lost Time Injury Frequency Rate (LTIFR),enum_issue category=normalized; field=Polarity; raw=Positif; normalized=POSITIVE; Polarity normalized to POSITIVE.
info,Officer Perencanaan dan Pengemb,14,IMPACT,Lost Time Injury Frequency Rate (LTIFR),enum_issue category=normalized; field=Period; raw=Triwulanan; normalized=TRIWULANAN; Period normalized to TRIWULANAN.
info,Officer Perencanaan dan Pengemb,15,IMPACT,Number of KRI exceeding its risk tolerance limit,enum_issue category=normalized; field=Polarity; raw=Negatif; normalized=NEGATIVE; Polarity normalized to NEGATIVE.
info,Officer Perencanaan dan Pengemb,15,IMPACT,Number of KRI exceeding its risk tolerance limit,enum_issue category=normalized; field=Period; raw=Triwulanan; normalized=TRIWULANAN; Period normalized to TRIWULANAN.
info,Officer Perencanaan dan Pengemb,23,IMPACT,Pengembangan Ekosistem Bali Maritime Tourism Hub (BMTH),enum_issue category=normalized; field=Polarity; raw=Positif; normalized=POSITIVE; Polarity normalized to POSITIVE.
info,Officer Perencanaan dan Pengemb,23,IMPACT,Pengembangan Ekosistem Bali Maritime Tourism Hub (BMTH),enum_issue category=normalized; field=Period; raw=Triwulanan; normalized=TRIWULANAN; Period normalized to TRIWULANAN.
info,Officer Perencanaan dan Pengemb,24,IMPACT,Strategic Project Delivery,enum_issue category=normalized; field=Polarity; raw=Positif; normalized=POSITIVE; Polarity normalized to POSITIVE.
info,Officer Perencanaan dan Pengemb,24,IMPACT,Strategic Project Delivery,enum_issue category=normalized; field=Period; raw=Triwulanan; normalized=TRIWULANAN; Period normalized to TRIWULANAN.
info,Officer Perencanaan dan Pengemb,25,IMPACT,Manpower productivity (Revenue per total manpower),enum_issue category=normalized; field=Polarity; raw=Positif; normalized=POSITIVE; Polarity normalized to POSITIVE.
info,Officer Perencanaan dan Pengemb,25,IMPACT,Manpower productivity (Revenue per total manpower),enum_issue category=normalized; field=Period; raw=Triwulanan; normalized=TRIWULANAN; Period normalized to TRIWULANAN.
info,Officer Perencanaan dan Pengemb,12,OUTPUT,Analisa Penyerapan Anggaran Dept MRIO,enum_issue category=normalized; field=Period; raw=Bulanan; normalized=BULANAN; Period normalized to BULANAN.
info,Officer Perencanaan dan Pengemb,12,OUTPUT,Analisa Penyerapan Anggaran Dept MRIO,enum_issue category=normalized; field=Polarity; raw=Negatif; normalized=NEGATIVE; Polarity normalized to NEGATIVE.
info,Officer Perencanaan dan Pengemb,15,OUTPUT,Pembaruan kebijakan Manajemen Risiko,enum_issue category=normalized; field=Period; raw=Triwulanan; normalized=TRIWULANAN; Period normalized to TRIWULANAN.
info,Officer Perencanaan dan Pengemb,15,OUTPUT,Pembaruan kebijakan Manajemen Risiko,enum_issue category=normalized; field=Polarity; raw=Positif; normalized=POSITIVE; Polarity normalized to POSITIVE.
info,Officer Perencanaan dan Pengemb,16,OUTPUT,Persiapan Data ICOFR,enum_issue category=normalized; field=Period; raw=Triwulanan; normalized=TRIWULANAN; Period normalized to TRIWULANAN.
info,Officer Perencanaan dan Pengemb,16,OUTPUT,Persiapan Data ICOFR,enum_issue category=normalized; field=Polarity; raw=Positif; normalized=POSITIVE; Polarity normalized to POSITIVE.
info,Officer Perencanaan dan Pengemb,17,OUTPUT,Monitoring Penyelesaian Temuan Audit terkait Manajemen Risiko,enum_issue category=normalized; field=Period; raw=Triwulanan; normalized=TRIWULANAN; Period normalized to TRIWULANAN.
info,Officer Perencanaan dan Pengemb,17,OUTPUT,Monitoring Penyelesaian Temuan Audit terkait Manajemen Risiko,enum_issue category=normalized; field=Polarity; raw=Positif; normalized=POSITIVE; Polarity normalized to POSITIVE.
info,Officer Perencanaan dan Pengemb,18,OUTPUT,"Persiapan Data kertas kerja, paparan, dan wording RKAP Bab Manajemen Risiko",enum_issue category=normalized; field=Period; raw=Tahunan; normalized=TAHUNAN; Period normalized to TAHUNAN.
info,Officer Perencanaan dan Pengemb,18,OUTPUT,"Persiapan Data kertas kerja, paparan, dan wording RKAP Bab Manajemen Risiko",enum_issue category=normalized; field=Polarity; raw=Positif; normalized=POSITIVE; Polarity normalized to POSITIVE.
info,Officer Perencanaan dan Pengemb,19,OUTPUT,Melaksanakan Penilaian Tingkat Maturitas Manajemen Risiko di Unit Pelaksanaan,enum_issue category=normalized; field=Period; raw=Tahunan; normalized=TAHUNAN; Period normalized to TAHUNAN.
info,Officer Perencanaan dan Pengemb,19,OUTPUT,Melaksanakan Penilaian Tingkat Maturitas Manajemen Risiko di Unit Pelaksanaan,enum_issue category=normalized; field=Polarity; raw=Positif; normalized=POSITIVE; Polarity normalized to POSITIVE.
info,Officer Perencanaan dan Pengemb,20,OUTPUT,Pengembangan Aplikasi PRIMA,enum_issue category=normalized; field=Period; raw=Triwulanan; normalized=TRIWULANAN; Period normalized to TRIWULANAN.
info,Officer Perencanaan dan Pengemb,20,OUTPUT,Pengembangan Aplikasi PRIMA,enum_issue category=normalized; field=Polarity; raw=Positif; normalized=POSITIVE; Polarity normalized to POSITIVE.
info,Officer Perencanaan dan Pengemb,21,OUTPUT,Persiapan dan Pelaksanaan Program Budaya Risiko,enum_issue category=normalized; field=Period; raw=Triwulanan; normalized=TRIWULANAN; Period normalized to TRIWULANAN.
info,Officer Perencanaan dan Pengemb,21,OUTPUT,Persiapan dan Pelaksanaan Program Budaya Risiko,enum_issue category=normalized; field=Polarity; raw=Positif; normalized=POSITIVE; Polarity normalized to POSITIVE.
info,Officer Perencanaan dan Pengemb,22,OUTPUT,Reviu Materi Evaluasi Penerapan Manajemen Risiko di Pelindo Group,enum_issue category=normalized; field=Period; raw=Triwulanan; normalized=TRIWULANAN; Period normalized to TRIWULANAN.
info,Officer Perencanaan dan Pengemb,22,OUTPUT,Reviu Materi Evaluasi Penerapan Manajemen Risiko di Pelindo Group,enum_issue category=normalized; field=Polarity; raw=Positif; normalized=POSITIVE; Polarity normalized to POSITIVE.
warning,Officer Perencanaan dan Pengemb,,weight_audit,Officer Perencanaan dan Pengemb,Weight total not 100: level=impact; kpi_type=OUTPUT; parent=Net Income; raw_total=5.0; output_total=5.0; cause=Raw Data Issue.
warning,Officer Perencanaan dan Pengemb,,weight_audit,Officer Perencanaan dan Pengemb,Weight total not 100: level=impact; kpi_type=OUTPUT; parent=Number of KRI exceeding its risk tolerance limit; raw_total=95.0; output_total=95.0; cause=Raw Data Issue.
warning,Officer Perencanaan dan Pengemb,,weight_audit,Officer Perencanaan dan Pengemb,Weight total not 100: level=output; kpi_type=KAI; parent=Analisa Penyerapan Anggaran Dept MRIO; raw_total=5.0; output_total=5.0; cause=Raw Data Issue.
warning,Officer Perencanaan dan Pengemb,,weight_audit,Officer Perencanaan dan Pengemb,Weight total not 100: level=output; kpi_type=KAI; parent=Melaksanakan Penilaian Tingkat Maturitas Manajemen Risiko di Unit Pelaksanaan; raw_total=15.0; output_total=15.0; cause=Raw Data Issue.
warning,Officer Perencanaan dan Pengemb,,weight_audit,Officer Perencanaan dan Pengemb,Weight total not 100: level=output; kpi_type=KAI; parent=Monitoring Penyelesaian Temuan Audit terkait Manajemen Risiko; raw_total=10.0; output_total=10.0; cause=Raw Data Issue.
warning,Officer Perencanaan dan Pengemb,,weight_audit,Officer Perencanaan dan Pengemb,Weight total not 100: level=output; kpi_type=KAI; parent=Pembaruan kebijakan Manajemen Risiko; raw_total=5.0; output_total=5.0; cause=Raw Data Issue.
warning,Officer Perencanaan dan Pengemb,,weight_audit,Officer Perencanaan dan Pengemb,Weight total not 100: level=output; kpi_type=KAI; parent=Pengembangan Aplikasi PRIMA; raw_total=15.0; output_total=15.0; cause=Raw Data Issue.
warning,Officer Perencanaan dan Pengemb,,weight_audit,Officer Perencanaan dan Pengemb,Weight total not 100: level=output; kpi_type=KAI; parent=Persiapan Data ICOFR; raw_total=10.0; output_total=10.0; cause=Raw Data Issue.
warning,Officer Perencanaan dan Pengemb,,weight_audit,Officer Perencanaan dan Pengemb,"Weight total not 100: level=output; kpi_type=KAI; parent=Persiapan Data kertas kerja, paparan, dan wording RKAP Bab Manajemen Risiko; raw_total=15.0; output_total=15.0; cause=Raw Data Issue."
warning,Officer Perencanaan dan Pengemb,,weight_audit,Officer Perencanaan dan Pengemb,Weight total not 100: level=output; kpi_type=KAI; parent=Persiapan dan Pelaksanaan Program Budaya Risiko; raw_total=15.0; output_total=15.0; cause=Raw Data Issue.
warning,Officer Perencanaan dan Pengemb,,weight_audit,Officer Perencanaan dan Pengemb,Weight total not 100: level=output; kpi_type=KAI; parent=Reviu Materi Evaluasi Penerapan Manajemen Risiko di Pelindo Group; raw_total=10.0; output_total=10.0; cause=Raw Data Issue.
info,Officer Pengelolaan Pelaporan,9,IMPACT,Total Productivity,enum_issue category=normalized; field=Polarity; raw=Positif; normalized=POSITIVE; Polarity normalized to POSITIVE.
info,Officer Pengelolaan Pelaporan,9,IMPACT,Total Productivity,enum_issue category=normalized; field=Period; raw=Triwulanan; normalized=TRIWULANAN; Period normalized to TRIWULANAN.
info,Officer Pengelolaan Pelaporan,10,IMPACT,Traffic Volume,enum_issue category=normalized; field=Polarity; raw=Positif; normalized=POSITIVE; Polarity normalized to POSITIVE.
info,Officer Pengelolaan Pelaporan,10,IMPACT,Traffic Volume,enum_issue category=normalized; field=Period; raw=Triwulanan; normalized=TRIWULANAN; Period normalized to TRIWULANAN.
info,Officer Pengelolaan Pelaporan,11,IMPACT,(ROIC > WACC) x Inv.Capital,enum_issue category=normalized; field=Polarity; raw=Positif; normalized=POSITIVE; Polarity normalized to POSITIVE.
info,Officer Pengelolaan Pelaporan,11,IMPACT,(ROIC > WACC) x Inv.Capital,enum_issue category=normalized; field=Period; raw=Triwulanan; normalized=TRIWULANAN; Period normalized to TRIWULANAN.
info,Officer Pengelolaan Pelaporan,12,IMPACT,Net Income,enum_issue category=normalized; field=Polarity; raw=Positif; normalized=POSITIVE; Polarity normalized to POSITIVE.
info,Officer Pengelolaan Pelaporan,12,IMPACT,Net Income,enum_issue category=normalized; field=Period; raw=Triwulanan; normalized=TRIWULANAN; Period normalized to TRIWULANAN.
info,Officer Pengelolaan Pelaporan,13,IMPACT,ESG Rating,enum_issue category=normalized; field=Polarity; raw=Positif; normalized=POSITIVE; Polarity normalized to POSITIVE.
info,Officer Pengelolaan Pelaporan,13,IMPACT,ESG Rating,enum_issue category=normalized; field=Period; raw=Tahunan; normalized=TAHUNAN; Period normalized to TAHUNAN.
info,Officer Pengelolaan Pelaporan,14,IMPACT,Lost Time Injury Frequency Rate (LTIFR),enum_issue category=normalized; field=Polarity; raw=Positif; normalized=POSITIVE; Polarity normalized to POSITIVE.
info,Officer Pengelolaan Pelaporan,14,IMPACT,Lost Time Injury Frequency Rate (LTIFR),enum_issue category=normalized; field=Period; raw=Triwulanan; normalized=TRIWULANAN; Period normalized to TRIWULANAN.
info,Officer Pengelolaan Pelaporan,15,IMPACT,Number of KRI exceeding its risk tolerance limit,enum_issue category=normalized; field=Polarity; raw=Negatif; normalized=NEGATIVE; Polarity normalized to NEGATIVE.
info,Officer Pengelolaan Pelaporan,15,IMPACT,Number of KRI exceeding its risk tolerance limit,enum_issue category=normalized; field=Period; raw=Triwulanan; normalized=TRIWULANAN; Period normalized to TRIWULANAN.
info,Officer Pengelolaan Pelaporan,22,IMPACT,Pengembangan Ekosistem Bali Maritime Tourism Hub (BMTH),enum_issue category=normalized; field=Polarity; raw=Positif; normalized=POSITIVE; Polarity normalized to POSITIVE.
info,Officer Pengelolaan Pelaporan,22,IMPACT,Pengembangan Ekosistem Bali Maritime Tourism Hub (BMTH),enum_issue category=normalized; field=Period; raw=Triwulanan; normalized=TRIWULANAN; Period normalized to TRIWULANAN.
info,Officer Pengelolaan Pelaporan,23,IMPACT,Strategic Project Delivery,enum_issue category=normalized; field=Polarity; raw=Positif; normalized=POSITIVE; Polarity normalized to POSITIVE.
info,Officer Pengelolaan Pelaporan,23,IMPACT,Strategic Project Delivery,enum_issue category=normalized; field=Period; raw=Triwulanan; normalized=TRIWULANAN; Period normalized to TRIWULANAN.
info,Officer Pengelolaan Pelaporan,24,IMPACT,Manpower productivity (Revenue per total manpower),enum_issue category=normalized; field=Polarity; raw=Positif; normalized=POSITIVE; Polarity normalized to POSITIVE.
info,Officer Pengelolaan Pelaporan,24,IMPACT,Manpower productivity (Revenue per total manpower),enum_issue category=normalized; field=Period; raw=Triwulanan; normalized=TRIWULANAN; Period normalized to TRIWULANAN.
info,Officer Pengelolaan Pelaporan,12,OUTPUT,Monitoring Penyerapan Anggaran Dept MRIO,enum_issue category=normalized; field=Period; raw=Bulanan; normalized=BULANAN; Period normalized to BULANAN.
info,Officer Pengelolaan Pelaporan,12,OUTPUT,Monitoring Penyerapan Anggaran Dept MRIO,enum_issue category=normalized; field=Polarity; raw=Negatif; normalized=NEGATIVE; Polarity normalized to NEGATIVE.
info,Officer Pengelolaan Pelaporan,15,OUTPUT,Monitoring Number of KRI exceeding its risk tolerance limit,enum_issue category=normalized; field=Period; raw=Bulanan; normalized=BULANAN; Period normalized to BULANAN.
info,Officer Pengelolaan Pelaporan,15,OUTPUT,Monitoring Number of KRI exceeding its risk tolerance limit,enum_issue category=normalized; field=Polarity; raw=Negatif; normalized=NEGATIVE; Polarity normalized to NEGATIVE.
info,Officer Pengelolaan Pelaporan,16,OUTPUT,"Pelaksanaan komunikasi, sosialisasi dan evaluasi terkait penerapan Manajemen Risiko di Pelindo Group",enum_issue category=normalized; field=Period; raw=Triwulanan; normalized=TRIWULANAN; Period normalized to TRIWULANAN.
info,Officer Pengelolaan Pelaporan,16,OUTPUT,"Pelaksanaan komunikasi, sosialisasi dan evaluasi terkait penerapan Manajemen Risiko di Pelindo Group",enum_issue category=normalized; field=Polarity; raw=Positif; normalized=POSITIVE; Polarity normalized to POSITIVE.
info,Officer Pengelolaan Pelaporan,17,OUTPUT,Penyusunan Laporan Manajemen Bab Manajemen Risiko termasuk kertas kerja dan paparan,enum_issue category=normalized; field=Period; raw=Tahunan; normalized=TAHUNAN; Period normalized to TAHUNAN.
info,Officer Pengelolaan Pelaporan,17,OUTPUT,Penyusunan Laporan Manajemen Bab Manajemen Risiko termasuk kertas kerja dan paparan,enum_issue category=normalized; field=Polarity; raw=Positif; normalized=POSITIVE; Polarity normalized to POSITIVE.
info,Officer Pengelolaan Pelaporan,18,OUTPUT,Pengembangan Aplikasi PRIMA,enum_issue category=normalized; field=Period; raw=Triwulanan; normalized=TRIWULANAN; Period normalized to TRIWULANAN.
info,Officer Pengelolaan Pelaporan,18,OUTPUT,Pengembangan Aplikasi PRIMA,enum_issue category=normalized; field=Polarity; raw=Positif; normalized=POSITIVE; Polarity normalized to POSITIVE.
info,Officer Pengelolaan Pelaporan,19,OUTPUT,Monitoring Penyelesaian Temuan Audit terkait Manajemen Risiko,enum_issue category=normalized; field=Period; raw=Triwulanan; normalized=TRIWULANAN; Period normalized to TRIWULANAN.
info,Officer Pengelolaan Pelaporan,19,OUTPUT,Monitoring Penyelesaian Temuan Audit terkait Manajemen Risiko,enum_issue category=normalized; field=Polarity; raw=Positif; normalized=POSITIVE; Polarity normalized to POSITIVE.
info,Officer Pengelolaan Pelaporan,20,OUTPUT,Melaksanakan Penilaian Tingkat Maturitas Penerapan Manajemen Risiko,enum_issue category=normalized; field=Period; raw=Tahunan; normalized=TAHUNAN; Period normalized to TAHUNAN.
info,Officer Pengelolaan Pelaporan,20,OUTPUT,Melaksanakan Penilaian Tingkat Maturitas Penerapan Manajemen Risiko,enum_issue category=normalized; field=Polarity; raw=Positif; normalized=POSITIVE; Polarity normalized to POSITIVE.
info,Officer Pengelolaan Pelaporan,21,OUTPUT,Pelaksanaan dan Monitoring Program Budaya Risiko,enum_issue category=normalized; field=Period; raw=Triwulanan; normalized=TRIWULANAN; Period normalized to TRIWULANAN.
info,Officer Pengelolaan Pelaporan,21,OUTPUT,Pelaksanaan dan Monitoring Program Budaya Risiko,enum_issue category=normalized; field=Polarity; raw=Positif; normalized=POSITIVE; Polarity normalized to POSITIVE.
warning,Officer Pengelolaan Pelaporan,,weight_audit,Officer Pengelolaan Pelaporan,Weight total not 100: level=impact; kpi_type=OUTPUT; parent=Net Income; raw_total=5.0; output_total=5.0; cause=Raw Data Issue.
warning,Officer Pengelolaan Pelaporan,,weight_audit,Officer Pengelolaan Pelaporan,Weight total not 100: level=impact; kpi_type=OUTPUT; parent=Number of KRI exceeding its risk tolerance limit; raw_total=95.0; output_total=95.0; cause=Raw Data Issue.
warning,Officer Pengelolaan Pelaporan,,weight_audit,Officer Pengelolaan Pelaporan,Weight total not 100: level=output; kpi_type=KAI; parent=Melaksanakan Penilaian Tingkat Maturitas Penerapan Manajemen Risiko; raw_total=10.0; output_total=10.0; cause=Raw Data Issue.
warning,Officer Pengelolaan Pelaporan,,weight_audit,Officer Pengelolaan Pelaporan,Weight total not 100: level=output; kpi_type=KAI; parent=Monitoring Number of KRI exceeding its risk tolerance limit; raw_total=15.0; output_total=15.0; cause=Raw Data Issue.
warning,Officer Pengelolaan Pelaporan,,weight_audit,Officer Pengelolaan Pelaporan,Weight total not 100: level=output; kpi_type=KAI; parent=Monitoring Penyelesaian Temuan Audit terkait Manajemen Risiko; raw_total=10.0; output_total=10.0; cause=Raw Data Issue.
warning,Officer Pengelolaan Pelaporan,,weight_audit,Officer Pengelolaan Pelaporan,Weight total not 100: level=output; kpi_type=KAI; parent=Monitoring Penyerapan Anggaran Dept MRIO; raw_total=5.0; output_total=5.0; cause=Raw Data Issue.
warning,Officer Pengelolaan Pelaporan,,weight_audit,Officer Pengelolaan Pelaporan,Weight total not 100: level=output; kpi_type=KAI; parent=Pelaksanaan dan Monitoring Program Budaya Risiko; raw_total=15.0; output_total=15.0; cause=Raw Data Issue.
warning,Officer Pengelolaan Pelaporan,,weight_audit,Officer Pengelolaan Pelaporan,"Weight total not 100: level=output; kpi_type=KAI; parent=Pelaksanaan komunikasi, sosialisasi dan evaluasi terkait penerapan Manajemen Risiko di Pelindo Group; raw_total=15.0; output_total=15.0; cause=Raw Data Issue."
warning,Officer Pengelolaan Pelaporan,,weight_audit,Officer Pengelolaan Pelaporan,Weight total not 100: level=output; kpi_type=KAI; parent=Pengembangan Aplikasi PRIMA; raw_total=10.0; output_total=10.0; cause=Raw Data Issue.
warning,Officer Pengelolaan Pelaporan,,weight_audit,Officer Pengelolaan Pelaporan,Weight total not 100: level=output; kpi_type=KAI; parent=Penyusunan Laporan Manajemen Bab Manajemen Risiko termasuk kertas kerja dan paparan; raw_total=20.0; output_total=20.0; cause=Raw Data Issue.
info,Manager Perencanaan dan Pengemb,9,IMPACT,Total Productivity,enum_issue category=normalized; field=Polarity; raw=Positif; normalized=POSITIVE; Polarity normalized to POSITIVE.
info,Manager Perencanaan dan Pengemb,9,IMPACT,Total Productivity,enum_issue category=normalized; field=Period; raw=Triwulanan; normalized=TRIWULANAN; Period normalized to TRIWULANAN.
info,Manager Perencanaan dan Pengemb,10,IMPACT,Traffic Volume,enum_issue category=normalized; field=Polarity; raw=Positif; normalized=POSITIVE; Polarity normalized to POSITIVE.
info,Manager Perencanaan dan Pengemb,10,IMPACT,Traffic Volume,enum_issue category=normalized; field=Period; raw=Triwulanan; normalized=TRIWULANAN; Period normalized to TRIWULANAN.
info,Manager Perencanaan dan Pengemb,11,IMPACT,(ROIC > WACC) x Inv.Capital,enum_issue category=normalized; field=Polarity; raw=Positif; normalized=POSITIVE; Polarity normalized to POSITIVE.
info,Manager Perencanaan dan Pengemb,11,IMPACT,(ROIC > WACC) x Inv.Capital,enum_issue category=normalized; field=Period; raw=Triwulanan; normalized=TRIWULANAN; Period normalized to TRIWULANAN.
info,Manager Perencanaan dan Pengemb,12,IMPACT,Net Income,enum_issue category=normalized; field=Polarity; raw=Positif; normalized=POSITIVE; Polarity normalized to POSITIVE.
info,Manager Perencanaan dan Pengemb,12,IMPACT,Net Income,enum_issue category=normalized; field=Period; raw=Triwulanan; normalized=TRIWULANAN; Period normalized to TRIWULANAN.
info,Manager Perencanaan dan Pengemb,13,IMPACT,ESG Rating,enum_issue category=normalized; field=Polarity; raw=Positif; normalized=POSITIVE; Polarity normalized to POSITIVE.
info,Manager Perencanaan dan Pengemb,13,IMPACT,ESG Rating,enum_issue category=normalized; field=Period; raw=Tahunan; normalized=TAHUNAN; Period normalized to TAHUNAN.
info,Manager Perencanaan dan Pengemb,14,IMPACT,Lost Time Injury Frequency Rate (LTIFR),enum_issue category=normalized; field=Polarity; raw=Positif; normalized=POSITIVE; Polarity normalized to POSITIVE.
info,Manager Perencanaan dan Pengemb,14,IMPACT,Lost Time Injury Frequency Rate (LTIFR),enum_issue category=normalized; field=Period; raw=Triwulanan; normalized=TRIWULANAN; Period normalized to TRIWULANAN.
info,Manager Perencanaan dan Pengemb,15,IMPACT,Number of KRI exceeding its risk tolerance limit,enum_issue category=normalized; field=Polarity; raw=Negatif; normalized=NEGATIVE; Polarity normalized to NEGATIVE.
info,Manager Perencanaan dan Pengemb,15,IMPACT,Number of KRI exceeding its risk tolerance limit,enum_issue category=normalized; field=Period; raw=Triwulanan; normalized=TRIWULANAN; Period normalized to TRIWULANAN.
info,Manager Perencanaan dan Pengemb,23,IMPACT,Pengembangan Ekosistem Bali Maritime Tourism Hub (BMTH),enum_issue category=normalized; field=Polarity; raw=Positif; normalized=POSITIVE; Polarity normalized to POSITIVE.
info,Manager Perencanaan dan Pengemb,23,IMPACT,Pengembangan Ekosistem Bali Maritime Tourism Hub (BMTH),enum_issue category=normalized; field=Period; raw=Triwulanan; normalized=TRIWULANAN; Period normalized to TRIWULANAN.
info,Manager Perencanaan dan Pengemb,24,IMPACT,Strategic Project Delivery,enum_issue category=normalized; field=Polarity; raw=Positif; normalized=POSITIVE; Polarity normalized to POSITIVE.
info,Manager Perencanaan dan Pengemb,24,IMPACT,Strategic Project Delivery,enum_issue category=normalized; field=Period; raw=Triwulanan; normalized=TRIWULANAN; Period normalized to TRIWULANAN.
info,Manager Perencanaan dan Pengemb,25,IMPACT,Manpower productivity (Revenue per total manpower),enum_issue category=normalized; field=Polarity; raw=Positif; normalized=POSITIVE; Polarity normalized to POSITIVE.
info,Manager Perencanaan dan Pengemb,25,IMPACT,Manpower productivity (Revenue per total manpower),enum_issue category=normalized; field=Period; raw=Triwulanan; normalized=TRIWULANAN; Period normalized to TRIWULANAN.
info,Manager Perencanaan dan Pengemb,12,OUTPUT,Analisa Penyerapan Anggaran Dept MRIO,enum_issue category=normalized; field=Period; raw=Bulanan; normalized=BULANAN; Period normalized to BULANAN.
info,Manager Perencanaan dan Pengemb,12,OUTPUT,Analisa Penyerapan Anggaran Dept MRIO,enum_issue category=normalized; field=Polarity; raw=Negatif; normalized=NEGATIVE; Polarity normalized to NEGATIVE.
info,Manager Perencanaan dan Pengemb,15,OUTPUT,Monitoring Pembaruan kebijakan Manajemen Risiko,enum_issue category=normalized; field=Period; raw=Triwulanan; normalized=TRIWULANAN; Period normalized to TRIWULANAN.
info,Manager Perencanaan dan Pengemb,15,OUTPUT,Monitoring Pembaruan kebijakan Manajemen Risiko,enum_issue category=normalized; field=Polarity; raw=Positif; normalized=POSITIVE; Polarity normalized to POSITIVE.
info,Manager Perencanaan dan Pengemb,16,OUTPUT,Persiapan dan Pelaksanaan ICOFR Lini 2,enum_issue category=normalized; field=Period; raw=Triwulanan; normalized=TRIWULANAN; Period normalized to TRIWULANAN.
info,Manager Perencanaan dan Pengemb,16,OUTPUT,Persiapan dan Pelaksanaan ICOFR Lini 2,enum_issue category=normalized; field=Polarity; raw=Positif; normalized=POSITIVE; Polarity normalized to POSITIVE.
info,Manager Perencanaan dan Pengemb,17,OUTPUT,"Pelaksanaan komunikasi, sosialisasi dan evaluasi terkait penerapan Manajemen Risiko di Pelindo Group",enum_issue category=normalized; field=Period; raw=Triwulanan; normalized=TRIWULANAN; Period normalized to TRIWULANAN.
info,Manager Perencanaan dan Pengemb,17,OUTPUT,"Pelaksanaan komunikasi, sosialisasi dan evaluasi terkait penerapan Manajemen Risiko di Pelindo Group",enum_issue category=normalized; field=Polarity; raw=Positif; normalized=POSITIVE; Polarity normalized to POSITIVE.
info,Manager Perencanaan dan Pengemb,18,OUTPUT,"Penyusunan kertas kerja, paparan, dan wording draft RKAP Bab Manajemen Risiko",enum_issue category=normalized; field=Period; raw=Tahunan; normalized=TAHUNAN; Period normalized to TAHUNAN.
info,Manager Perencanaan dan Pengemb,18,OUTPUT,"Penyusunan kertas kerja, paparan, dan wording draft RKAP Bab Manajemen Risiko",enum_issue category=normalized; field=Polarity; raw=Positif; normalized=POSITIVE; Polarity normalized to POSITIVE.
info,Manager Perencanaan dan Pengemb,19,OUTPUT,Monitoring Penyelesaian Temuan Audit terkait Manajemen Risiko,enum_issue category=normalized; field=Period; raw=Triwulanan; normalized=TRIWULANAN; Period normalized to TRIWULANAN.
info,Manager Perencanaan dan Pengemb,19,OUTPUT,Monitoring Penyelesaian Temuan Audit terkait Manajemen Risiko,enum_issue category=normalized; field=Polarity; raw=Positif; normalized=POSITIVE; Polarity normalized to POSITIVE.
info,Manager Perencanaan dan Pengemb,20,OUTPUT,Melaksanakan Penilaian Tingkat Maturitas Manajemen Risiko di Unit Pelaksanaan,enum_issue category=normalized; field=Period; raw=Tahunan; normalized=TAHUNAN; Period normalized to TAHUNAN.
info,Manager Perencanaan dan Pengemb,20,OUTPUT,Melaksanakan Penilaian Tingkat Maturitas Manajemen Risiko di Unit Pelaksanaan,enum_issue category=normalized; field=Polarity; raw=Positif; normalized=POSITIVE; Polarity normalized to POSITIVE.
info,Manager Perencanaan dan Pengemb,21,OUTPUT,Pengembangan Aplikasi PRIMA,enum_issue category=normalized; field=Period; raw=Triwulanan; normalized=TRIWULANAN; Period normalized to TRIWULANAN.
info,Manager Perencanaan dan Pengemb,21,OUTPUT,Pengembangan Aplikasi PRIMA,enum_issue category=normalized; field=Polarity; raw=Positif; normalized=POSITIVE; Polarity normalized to POSITIVE.
info,Manager Perencanaan dan Pengemb,22,OUTPUT,Pelaksanaan dan Monitoring Program Budaya Risiko,enum_issue category=normalized; field=Period; raw=Triwulanan; normalized=TRIWULANAN; Period normalized to TRIWULANAN.
info,Manager Perencanaan dan Pengemb,22,OUTPUT,Pelaksanaan dan Monitoring Program Budaya Risiko,enum_issue category=normalized; field=Polarity; raw=Positif; normalized=POSITIVE; Polarity normalized to POSITIVE.
warning,Manager Perencanaan dan Pengemb,,weight_audit,Manager Perencanaan dan Pengemb,Weight total not 100: level=impact; kpi_type=OUTPUT; parent=Net Income; raw_total=5.0; output_total=5.0; cause=Raw Data Issue.
warning,Manager Perencanaan dan Pengemb,,weight_audit,Manager Perencanaan dan Pengemb,Weight total not 100: level=impact; kpi_type=OUTPUT; parent=Number of KRI exceeding its risk tolerance limit; raw_total=95.0; output_total=95.0; cause=Raw Data Issue.
warning,Manager Perencanaan dan Pengemb,,weight_audit,Manager Perencanaan dan Pengemb,Weight total not 100: level=output; kpi_type=KAI; parent=Analisa Penyerapan Anggaran Dept MRIO; raw_total=5.0; output_total=5.0; cause=Raw Data Issue.
warning,Manager Perencanaan dan Pengemb,,weight_audit,Manager Perencanaan dan Pengemb,Weight total not 100: level=output; kpi_type=KAI; parent=Melaksanakan Penilaian Tingkat Maturitas Manajemen Risiko di Unit Pelaksanaan; raw_total=15.0; output_total=15.0; cause=Raw Data Issue.
warning,Manager Perencanaan dan Pengemb,,weight_audit,Manager Perencanaan dan Pengemb,Weight total not 100: level=output; kpi_type=KAI; parent=Monitoring Pembaruan kebijakan Manajemen Risiko; raw_total=10.0; output_total=10.0; cause=Raw Data Issue.
warning,Manager Perencanaan dan Pengemb,,weight_audit,Manager Perencanaan dan Pengemb,Weight total not 100: level=output; kpi_type=KAI; parent=Monitoring Penyelesaian Temuan Audit terkait Manajemen Risiko; raw_total=10.0; output_total=10.0; cause=Raw Data Issue.
warning,Manager Perencanaan dan Pengemb,,weight_audit,Manager Perencanaan dan Pengemb,Weight total not 100: level=output; kpi_type=KAI; parent=Pelaksanaan dan Monitoring Program Budaya Risiko; raw_total=10.0; output_total=10.0; cause=Raw Data Issue.
warning,Manager Perencanaan dan Pengemb,,weight_audit,Manager Perencanaan dan Pengemb,"Weight total not 100: level=output; kpi_type=KAI; parent=Pelaksanaan komunikasi, sosialisasi dan evaluasi terkait penerapan Manajemen Risiko di Pelindo Group; raw_total=10.0; output_total=10.0; cause=Raw Data Issue."
warning,Manager Perencanaan dan Pengemb,,weight_audit,Manager Perencanaan dan Pengemb,Weight total not 100: level=output; kpi_type=KAI; parent=Pengembangan Aplikasi PRIMA; raw_total=15.0; output_total=15.0; cause=Raw Data Issue.
warning,Manager Perencanaan dan Pengemb,,weight_audit,Manager Perencanaan dan Pengemb,"Weight total not 100: level=output; kpi_type=KAI; parent=Penyusunan kertas kerja, paparan, dan wording draft RKAP Bab Manajemen Risiko; raw_total=15.0; output_total=15.0; cause=Raw Data Issue."
warning,Manager Perencanaan dan Pengemb,,weight_audit,Manager Perencanaan dan Pengemb,Weight total not 100: level=output; kpi_type=KAI; parent=Persiapan dan Pelaksanaan ICOFR Lini 2; raw_total=10.0; output_total=10.0; cause=Raw Data Issue.
info,Manager Pengelolaan Pelaporan,9,IMPACT,Total Productivity,enum_issue category=normalized; field=Polarity; raw=Positif; normalized=POSITIVE; Polarity normalized to POSITIVE.
info,Manager Pengelolaan Pelaporan,9,IMPACT,Total Productivity,enum_issue category=normalized; field=Period; raw=Triwulanan; normalized=TRIWULANAN; Period normalized to TRIWULANAN.
info,Manager Pengelolaan Pelaporan,10,IMPACT,Traffic Volume,enum_issue category=normalized; field=Polarity; raw=Positif; normalized=POSITIVE; Polarity normalized to POSITIVE.
info,Manager Pengelolaan Pelaporan,10,IMPACT,Traffic Volume,enum_issue category=normalized; field=Period; raw=Triwulanan; normalized=TRIWULANAN; Period normalized to TRIWULANAN.
info,Manager Pengelolaan Pelaporan,11,IMPACT,(ROIC > WACC) x Inv.Capital,enum_issue category=normalized; field=Polarity; raw=Positif; normalized=POSITIVE; Polarity normalized to POSITIVE.
info,Manager Pengelolaan Pelaporan,11,IMPACT,(ROIC > WACC) x Inv.Capital,enum_issue category=normalized; field=Period; raw=Triwulanan; normalized=TRIWULANAN; Period normalized to TRIWULANAN.
info,Manager Pengelolaan Pelaporan,12,IMPACT,Net Income,enum_issue category=normalized; field=Polarity; raw=Positif; normalized=POSITIVE; Polarity normalized to POSITIVE.
info,Manager Pengelolaan Pelaporan,12,IMPACT,Net Income,enum_issue category=normalized; field=Period; raw=Triwulanan; normalized=TRIWULANAN; Period normalized to TRIWULANAN.
info,Manager Pengelolaan Pelaporan,13,IMPACT,ESG Rating,enum_issue category=normalized; field=Polarity; raw=Positif; normalized=POSITIVE; Polarity normalized to POSITIVE.
info,Manager Pengelolaan Pelaporan,13,IMPACT,ESG Rating,enum_issue category=normalized; field=Period; raw=Tahunan; normalized=TAHUNAN; Period normalized to TAHUNAN.
info,Manager Pengelolaan Pelaporan,14,IMPACT,Lost Time Injury Frequency Rate (LTIFR),enum_issue category=normalized; field=Polarity; raw=Positif; normalized=POSITIVE; Polarity normalized to POSITIVE.
info,Manager Pengelolaan Pelaporan,14,IMPACT,Lost Time Injury Frequency Rate (LTIFR),enum_issue category=normalized; field=Period; raw=Triwulanan; normalized=TRIWULANAN; Period normalized to TRIWULANAN.
info,Manager Pengelolaan Pelaporan,15,IMPACT,Number of KRI exceeding its risk tolerance limit,enum_issue category=normalized; field=Polarity; raw=Negatif; normalized=NEGATIVE; Polarity normalized to NEGATIVE.
info,Manager Pengelolaan Pelaporan,15,IMPACT,Number of KRI exceeding its risk tolerance limit,enum_issue category=normalized; field=Period; raw=Triwulanan; normalized=TRIWULANAN; Period normalized to TRIWULANAN.
info,Manager Pengelolaan Pelaporan,22,IMPACT,Pengembangan Ekosistem Bali Maritime Tourism Hub (BMTH),enum_issue category=normalized; field=Polarity; raw=Positif; normalized=POSITIVE; Polarity normalized to POSITIVE.
info,Manager Pengelolaan Pelaporan,22,IMPACT,Pengembangan Ekosistem Bali Maritime Tourism Hub (BMTH),enum_issue category=normalized; field=Period; raw=Triwulanan; normalized=TRIWULANAN; Period normalized to TRIWULANAN.
info,Manager Pengelolaan Pelaporan,23,IMPACT,Strategic Project Delivery,enum_issue category=normalized; field=Polarity; raw=Positif; normalized=POSITIVE; Polarity normalized to POSITIVE.
info,Manager Pengelolaan Pelaporan,23,IMPACT,Strategic Project Delivery,enum_issue category=normalized; field=Period; raw=Triwulanan; normalized=TRIWULANAN; Period normalized to TRIWULANAN.
info,Manager Pengelolaan Pelaporan,24,IMPACT,Manpower productivity (Revenue per total manpower),enum_issue category=normalized; field=Polarity; raw=Positif; normalized=POSITIVE; Polarity normalized to POSITIVE.
info,Manager Pengelolaan Pelaporan,24,IMPACT,Manpower productivity (Revenue per total manpower),enum_issue category=normalized; field=Period; raw=Triwulanan; normalized=TRIWULANAN; Period normalized to TRIWULANAN.
info,Manager Pengelolaan Pelaporan,12,OUTPUT,Monitoring Penyerapan Anggaran Dept MRIO,enum_issue category=normalized; field=Period; raw=Bulanan; normalized=BULANAN; Period normalized to BULANAN.
info,Manager Pengelolaan Pelaporan,12,OUTPUT,Monitoring Penyerapan Anggaran Dept MRIO,enum_issue category=normalized; field=Polarity; raw=Negatif; normalized=NEGATIVE; Polarity normalized to NEGATIVE.
info,Manager Pengelolaan Pelaporan,15,OUTPUT,Monitoring Number of KRI exceeding its risk tolerance limit,enum_issue category=normalized; field=Period; raw=Bulanan; normalized=BULANAN; Period normalized to BULANAN.
info,Manager Pengelolaan Pelaporan,15,OUTPUT,Monitoring Number of KRI exceeding its risk tolerance limit,enum_issue category=normalized; field=Polarity; raw=Negatif; normalized=NEGATIVE; Polarity normalized to NEGATIVE.
info,Manager Pengelolaan Pelaporan,16,OUTPUT,"Pelaksanaan komunikasi, sosialisasi dan evaluasi terkait penerapan Manajemen Risiko di Pelindo Group",enum_issue category=normalized; field=Period; raw=Triwulanan; normalized=TRIWULANAN; Period normalized to TRIWULANAN.
info,Manager Pengelolaan Pelaporan,16,OUTPUT,"Pelaksanaan komunikasi, sosialisasi dan evaluasi terkait penerapan Manajemen Risiko di Pelindo Group",enum_issue category=normalized; field=Polarity; raw=Positif; normalized=POSITIVE; Polarity normalized to POSITIVE.
info,Manager Pengelolaan Pelaporan,17,OUTPUT,Penyusunan Laporan Manajemen Bab Manajemen Risiko termasuk kertas kerja dan paparan,enum_issue category=normalized; field=Period; raw=Tahunan; normalized=TAHUNAN; Period normalized to TAHUNAN.
info,Manager Pengelolaan Pelaporan,17,OUTPUT,Penyusunan Laporan Manajemen Bab Manajemen Risiko termasuk kertas kerja dan paparan,enum_issue category=normalized; field=Polarity; raw=Positif; normalized=POSITIVE; Polarity normalized to POSITIVE.
info,Manager Pengelolaan Pelaporan,18,OUTPUT,Pengembangan Aplikasi PRIMA,enum_issue category=normalized; field=Period; raw=Triwulanan; normalized=TRIWULANAN; Period normalized to TRIWULANAN.
info,Manager Pengelolaan Pelaporan,18,OUTPUT,Pengembangan Aplikasi PRIMA,enum_issue category=normalized; field=Polarity; raw=Positif; normalized=POSITIVE; Polarity normalized to POSITIVE.
info,Manager Pengelolaan Pelaporan,19,OUTPUT,Monitoring Penyelesaian Temuan Audit terkait Manajemen Risiko,enum_issue category=normalized; field=Period; raw=Triwulanan; normalized=TRIWULANAN; Period normalized to TRIWULANAN.
info,Manager Pengelolaan Pelaporan,19,OUTPUT,Monitoring Penyelesaian Temuan Audit terkait Manajemen Risiko,enum_issue category=normalized; field=Polarity; raw=Positif; normalized=POSITIVE; Polarity normalized to POSITIVE.
info,Manager Pengelolaan Pelaporan,20,OUTPUT,Melaksanakan Penilaian Tingkat Maturitas Penerapan Manajemen Risiko,enum_issue category=normalized; field=Period; raw=Tahunan; normalized=TAHUNAN; Period normalized to TAHUNAN.
info,Manager Pengelolaan Pelaporan,20,OUTPUT,Melaksanakan Penilaian Tingkat Maturitas Penerapan Manajemen Risiko,enum_issue category=normalized; field=Polarity; raw=Positif; normalized=POSITIVE; Polarity normalized to POSITIVE.
info,Manager Pengelolaan Pelaporan,21,OUTPUT,Pelaksanaan dan Monitoring Program Budaya Risiko,enum_issue category=normalized; field=Period; raw=Triwulanan; normalized=TRIWULANAN; Period normalized to TRIWULANAN.
info,Manager Pengelolaan Pelaporan,21,OUTPUT,Pelaksanaan dan Monitoring Program Budaya Risiko,enum_issue category=normalized; field=Polarity; raw=Positif; normalized=POSITIVE; Polarity normalized to POSITIVE.
warning,Manager Pengelolaan Pelaporan,,weight_audit,Manager Pengelolaan Pelaporan,Weight total not 100: level=impact; kpi_type=OUTPUT; parent=Net Income; raw_total=5.0; output_total=5.0; cause=Raw Data Issue.
warning,Manager Pengelolaan Pelaporan,,weight_audit,Manager Pengelolaan Pelaporan,Weight total not 100: level=impact; kpi_type=OUTPUT; parent=Number of KRI exceeding its risk tolerance limit; raw_total=95.0; output_total=95.0; cause=Raw Data Issue.
warning,Manager Pengelolaan Pelaporan,,weight_audit,Manager Pengelolaan Pelaporan,Weight total not 100: level=output; kpi_type=KAI; parent=Melaksanakan Penilaian Tingkat Maturitas Penerapan Manajemen Risiko; raw_total=10.0; output_total=10.0; cause=Raw Data Issue.
warning,Manager Pengelolaan Pelaporan,,weight_audit,Manager Pengelolaan Pelaporan,Weight total not 100: level=output; kpi_type=KAI; parent=Monitoring Number of KRI exceeding its risk tolerance limit; raw_total=15.0; output_total=15.0; cause=Raw Data Issue.
warning,Manager Pengelolaan Pelaporan,,weight_audit,Manager Pengelolaan Pelaporan,Weight total not 100: level=output; kpi_type=KAI; parent=Monitoring Penyelesaian Temuan Audit terkait Manajemen Risiko; raw_total=10.0; output_total=10.0; cause=Raw Data Issue.
warning,Manager Pengelolaan Pelaporan,,weight_audit,Manager Pengelolaan Pelaporan,Weight total not 100: level=output; kpi_type=KAI; parent=Monitoring Penyerapan Anggaran Dept MRIO; raw_total=5.0; output_total=5.0; cause=Raw Data Issue.
warning,Manager Pengelolaan Pelaporan,,weight_audit,Manager Pengelolaan Pelaporan,Weight total not 100: level=output; kpi_type=KAI; parent=Pelaksanaan dan Monitoring Program Budaya Risiko; raw_total=15.0; output_total=15.0; cause=Raw Data Issue.
warning,Manager Pengelolaan Pelaporan,,weight_audit,Manager Pengelolaan Pelaporan,"Weight total not 100: level=output; kpi_type=KAI; parent=Pelaksanaan komunikasi, sosialisasi dan evaluasi terkait penerapan Manajemen Risiko di Pelindo Group; raw_total=15.0; output_total=15.0; cause=Raw Data Issue."
warning,Manager Pengelolaan Pelaporan,,weight_audit,Manager Pengelolaan Pelaporan,Weight total not 100: level=output; kpi_type=KAI; parent=Pengembangan Aplikasi PRIMA; raw_total=10.0; output_total=10.0; cause=Raw Data Issue.
warning,Manager Pengelolaan Pelaporan,,weight_audit,Manager Pengelolaan Pelaporan,Weight total not 100: level=output; kpi_type=KAI; parent=Penyusunan Laporan Manajemen Bab Manajemen Risiko termasuk kertas kerja dan paparan; raw_total=20.0; output_total=20.0; cause=Raw Data Issue.
info,DH Tata Kelola-Kepatuhan,9,IMPACT,Total Productivity,enum_issue category=normalized; field=Polarity; raw=Positif; normalized=POSITIVE; Polarity normalized to POSITIVE.
info,DH Tata Kelola-Kepatuhan,9,IMPACT,Total Productivity,enum_issue category=normalized; field=Period; raw=Triwulanan; normalized=TRIWULANAN; Period normalized to TRIWULANAN.
info,DH Tata Kelola-Kepatuhan,10,IMPACT,Traffic Volume,enum_issue category=normalized; field=Polarity; raw=Positif; normalized=POSITIVE; Polarity normalized to POSITIVE.
info,DH Tata Kelola-Kepatuhan,10,IMPACT,Traffic Volume,enum_issue category=normalized; field=Period; raw=Triwulanan; normalized=TRIWULANAN; Period normalized to TRIWULANAN.
info,DH Tata Kelola-Kepatuhan,11,IMPACT,(ROIC > WACC) x Inv.Capital,enum_issue category=normalized; field=Polarity; raw=Positif; normalized=POSITIVE; Polarity normalized to POSITIVE.
info,DH Tata Kelola-Kepatuhan,11,IMPACT,(ROIC > WACC) x Inv.Capital,enum_issue category=normalized; field=Period; raw=Triwulanan; normalized=TRIWULANAN; Period normalized to TRIWULANAN.
info,DH Tata Kelola-Kepatuhan,12,IMPACT,Net Income,enum_issue category=normalized; field=Polarity; raw=Positif; normalized=POSITIVE; Polarity normalized to POSITIVE.
info,DH Tata Kelola-Kepatuhan,12,IMPACT,Net Income,enum_issue category=normalized; field=Period; raw=Triwulanan; normalized=TRIWULANAN; Period normalized to TRIWULANAN.
info,DH Tata Kelola-Kepatuhan,14,IMPACT,ESG Rating,enum_issue category=normalized; field=Polarity; raw=Positif; normalized=POSITIVE; Polarity normalized to POSITIVE.
info,DH Tata Kelola-Kepatuhan,14,IMPACT,ESG Rating,enum_issue category=normalized; field=Period; raw=Tahunan; normalized=TAHUNAN; Period normalized to TAHUNAN.
info,DH Tata Kelola-Kepatuhan,15,IMPACT,Lost Time Injury Frequency Rate (LTIFR),enum_issue category=normalized; field=Polarity; raw=Positif; normalized=POSITIVE; Polarity normalized to POSITIVE.
info,DH Tata Kelola-Kepatuhan,15,IMPACT,Lost Time Injury Frequency Rate (LTIFR),enum_issue category=normalized; field=Period; raw=Triwulanan; normalized=TRIWULANAN; Period normalized to TRIWULANAN.
info,DH Tata Kelola-Kepatuhan,16,IMPACT,Number of KRI exceeding its risk tolerance limit,enum_issue category=normalized; field=Polarity; raw=Negatif; normalized=NEGATIVE; Polarity normalized to NEGATIVE.
info,DH Tata Kelola-Kepatuhan,16,IMPACT,Number of KRI exceeding its risk tolerance limit,enum_issue category=normalized; field=Period; raw=Triwulanan; normalized=TRIWULANAN; Period normalized to TRIWULANAN.
info,DH Tata Kelola-Kepatuhan,23,IMPACT,Pengembangan Ekosistem Bali Maritime Tourism Hub (BMTH),enum_issue category=normalized; field=Polarity; raw=Positif; normalized=POSITIVE; Polarity normalized to POSITIVE.
info,DH Tata Kelola-Kepatuhan,23,IMPACT,Pengembangan Ekosistem Bali Maritime Tourism Hub (BMTH),enum_issue category=normalized; field=Period; raw=Triwulanan; normalized=TRIWULANAN; Period normalized to TRIWULANAN.
info,DH Tata Kelola-Kepatuhan,24,IMPACT,Strategic Project Delivery,enum_issue category=normalized; field=Polarity; raw=Positif; normalized=POSITIVE; Polarity normalized to POSITIVE.
info,DH Tata Kelola-Kepatuhan,24,IMPACT,Strategic Project Delivery,enum_issue category=normalized; field=Period; raw=Triwulanan; normalized=TRIWULANAN; Period normalized to TRIWULANAN.
info,DH Tata Kelola-Kepatuhan,25,IMPACT,Manpower productivity (Revenue per total manpower),enum_issue category=normalized; field=Polarity; raw=Negatif; normalized=NEGATIVE; Polarity normalized to NEGATIVE.
info,DH Tata Kelola-Kepatuhan,25,IMPACT,Manpower productivity (Revenue per total manpower),enum_issue category=normalized; field=Period; raw=Triwulanan; normalized=TRIWULANAN; Period normalized to TRIWULANAN.
info,DH Tata Kelola-Kepatuhan,12,OUTPUT,BOPO,enum_issue category=normalized; field=Period; raw=Triwulanan; normalized=TRIWULANAN; Period normalized to TRIWULANAN.
info,DH Tata Kelola-Kepatuhan,12,OUTPUT,BOPO,enum_issue category=normalized; field=Polarity; raw=Negatif; normalized=NEGATIVE; Polarity normalized to NEGATIVE.
info,DH Tata Kelola-Kepatuhan,13,OUTPUT,EBITDA,enum_issue category=normalized; field=Period; raw=Triwulanan; normalized=TRIWULANAN; Period normalized to TRIWULANAN.
info,DH Tata Kelola-Kepatuhan,13,OUTPUT,EBITDA,enum_issue category=normalized; field=Polarity; raw=Positif; normalized=POSITIVE; Polarity normalized to POSITIVE.
info,DH Tata Kelola-Kepatuhan,16,OUTPUT,Pemenuhan Pakta Integritas Pekerja Pelindo dan LHKPN untuk Wajib Lapor LHKPN,enum_issue category=normalized; field=Period; raw=Tahunan; normalized=TAHUNAN; Period normalized to TAHUNAN.
info,DH Tata Kelola-Kepatuhan,16,OUTPUT,Pemenuhan Pakta Integritas Pekerja Pelindo dan LHKPN untuk Wajib Lapor LHKPN,enum_issue category=normalized; field=Polarity; raw=Positif; normalized=POSITIVE; Polarity normalized to POSITIVE.
info,DH Tata Kelola-Kepatuhan,17,OUTPUT,Tindaklanjut laporan yang dihasilkan WBS,enum_issue category=normalized; field=Period; raw=Semester; normalized=SEMESTER; Period normalized to SEMESTER.
info,DH Tata Kelola-Kepatuhan,17,OUTPUT,Tindaklanjut laporan yang dihasilkan WBS,enum_issue category=normalized; field=Polarity; raw=Positif; normalized=POSITIVE; Polarity normalized to POSITIVE.
info,DH Tata Kelola-Kepatuhan,18,OUTPUT,Sosialisasi Perangkat Budaya GCG,enum_issue category=normalized; field=Period; raw=Triwulanan; normalized=TRIWULANAN; Period normalized to TRIWULANAN.
info,DH Tata Kelola-Kepatuhan,18,OUTPUT,Sosialisasi Perangkat Budaya GCG,enum_issue category=normalized; field=Polarity; raw=Positif; normalized=POSITIVE; Polarity normalized to POSITIVE.
info,DH Tata Kelola-Kepatuhan,19,OUTPUT,Penilaian penerapan tata kelola perusahaan,enum_issue category=normalized; field=Period; raw=Tahunan; normalized=TAHUNAN; Period normalized to TAHUNAN.
info,DH Tata Kelola-Kepatuhan,19,OUTPUT,Penilaian penerapan tata kelola perusahaan,enum_issue category=normalized; field=Polarity; raw=Positif; normalized=POSITIVE; Polarity normalized to POSITIVE.
info,DH Tata Kelola-Kepatuhan,20,OUTPUT,Review Pedoman Perangkat GCG PT PELINDO,enum_issue category=normalized; field=Period; raw=Triwulanan; normalized=TRIWULANAN; Period normalized to TRIWULANAN.
info,DH Tata Kelola-Kepatuhan,20,OUTPUT,Review Pedoman Perangkat GCG PT PELINDO,enum_issue category=normalized; field=Polarity; raw=Positif; normalized=POSITIVE; Polarity normalized to POSITIVE.
info,DH Tata Kelola-Kepatuhan,21,OUTPUT,"Penyusunan Laporan Internal control testing,  tata kelola terintegrasi",enum_issue category=normalized; field=Period; raw=Bulanan; normalized=BULANAN; Period normalized to BULANAN.
info,DH Tata Kelola-Kepatuhan,21,OUTPUT,"Penyusunan Laporan Internal control testing,  tata kelola terintegrasi",enum_issue category=normalized; field=Polarity; raw=Positif; normalized=POSITIVE; Polarity normalized to POSITIVE.
info,DH Tata Kelola-Kepatuhan,22,OUTPUT,Pengelolaan SMAP,enum_issue category=normalized; field=Period; raw=Triwulanan; normalized=TRIWULANAN; Period normalized to TRIWULANAN.
info,DH Tata Kelola-Kepatuhan,22,OUTPUT,Pengelolaan SMAP,enum_issue category=normalized; field=Polarity; raw=Positif; normalized=POSITIVE; Polarity normalized to POSITIVE.
info,DH Tata Kelola-Kepatuhan,25,OUTPUT,"Tingkat pemenuhan tata kelola, manajemen risiko, dan kepatuhan internal (Penyelesaian Temuan Audit)",enum_issue category=normalized; field=Period; raw=Triwulanan; normalized=TRIWULANAN; Period normalized to TRIWULANAN.
info,DH Tata Kelola-Kepatuhan,25,OUTPUT,"Tingkat pemenuhan tata kelola, manajemen risiko, dan kepatuhan internal (Penyelesaian Temuan Audit)",enum_issue category=normalized; field=Polarity; raw=Positif; normalized=POSITIVE; Polarity normalized to POSITIVE.
info,DH Tata Kelola-Kepatuhan,16,KAI,Persentase Penyelesaian Penandatanganan Pakta Integritas oleh Pegawai organik dan Pelaporan LHKPN oleh Wajib Lapor LHKPN di lingkungan Pelindo,enum_issue category=normalized; field=Nature Of Work; raw=Non-Routine; normalized=Non Routine; KAI Nature normalized to Non Routine.
info,DH Tata Kelola-Kepatuhan,17,KAI,Persentase  Tindaklanjut laporan yang dihasilkan WBS,enum_issue category=normalized; field=Nature Of Work; raw=Non-Routine; normalized=Non Routine; KAI Nature normalized to Non Routine.
warning,DH Tata Kelola-Kepatuhan,19,KAI,Persentase kepatuhan pelaksanaan audit tata kelola perusahaan,KAI formula may not be percentage-based or is blank.
warning,DH Tata Kelola-Kepatuhan,20,KAI,Persentase Pedoman Tata Kelola yang Telah Dipantau dan Diverifikasi,KAI formula may not be percentage-based or is blank.
warning,DH Tata Kelola-Kepatuhan,,weight_audit,DH Tata Kelola-Kepatuhan,Weight total not 100: level=impact; kpi_type=OUTPUT; parent=Manpower productivity (Revenue per total manpower); raw_total=5.0; output_total=5.0; cause=Raw Data Issue.
warning,DH Tata Kelola-Kepatuhan,,weight_audit,DH Tata Kelola-Kepatuhan,Weight total not 100: level=impact; kpi_type=OUTPUT; parent=Net Income; raw_total=10.0; output_total=10.0; cause=Raw Data Issue.
warning,DH Tata Kelola-Kepatuhan,,weight_audit,DH Tata Kelola-Kepatuhan,Weight total not 100: level=impact; kpi_type=OUTPUT; parent=Number of KRI exceeding its risk tolerance limit; raw_total=85.0; output_total=85.0; cause=Raw Data Issue.
warning,DH Tata Kelola-Kepatuhan,,weight_audit,DH Tata Kelola-Kepatuhan,Weight total not 100: level=output; kpi_type=KAI; parent=BOPO; raw_total=5.0; output_total=5.0; cause=Raw Data Issue.
warning,DH Tata Kelola-Kepatuhan,,weight_audit,DH Tata Kelola-Kepatuhan,Weight total not 100: level=output; kpi_type=KAI; parent=EBITDA; raw_total=5.0; output_total=5.0; cause=Raw Data Issue.
warning,DH Tata Kelola-Kepatuhan,,weight_audit,DH Tata Kelola-Kepatuhan,Weight total not 100: level=output; kpi_type=KAI; parent=Pemenuhan Pakta Integritas Pekerja Pelindo dan LHKPN untuk Wajib Lapor LHKPN; raw_total=10.0; output_total=10.0; cause=Raw Data Issue.
warning,DH Tata Kelola-Kepatuhan,,weight_audit,DH Tata Kelola-Kepatuhan,Weight total not 100: level=output; kpi_type=KAI; parent=Pengelolaan SMAP; raw_total=10.0; output_total=10.0; cause=Raw Data Issue.
warning,DH Tata Kelola-Kepatuhan,,weight_audit,DH Tata Kelola-Kepatuhan,Weight total not 100: level=output; kpi_type=KAI; parent=Penilaian penerapan tata kelola perusahaan; raw_total=10.0; output_total=10.0; cause=Raw Data Issue.
warning,DH Tata Kelola-Kepatuhan,,weight_audit,DH Tata Kelola-Kepatuhan,"Weight total not 100: level=output; kpi_type=KAI; parent=Penyusunan Laporan Internal control testing,  tata kelola terintegrasi; raw_total=10.0; output_total=10.0; cause=Raw Data Issue."
warning,DH Tata Kelola-Kepatuhan,,weight_audit,DH Tata Kelola-Kepatuhan,Weight total not 100: level=output; kpi_type=KAI; parent=Review Pedoman Perangkat GCG PT PELINDO; raw_total=15.0; output_total=15.0; cause=Raw Data Issue.
warning,DH Tata Kelola-Kepatuhan,,weight_audit,DH Tata Kelola-Kepatuhan,Weight total not 100: level=output; kpi_type=KAI; parent=Sosialisasi Perangkat Budaya GCG; raw_total=20.0; output_total=20.0; cause=Raw Data Issue.
warning,DH Tata Kelola-Kepatuhan,,weight_audit,DH Tata Kelola-Kepatuhan,Weight total not 100: level=output; kpi_type=KAI; parent=Tindaklanjut laporan yang dihasilkan WBS; raw_total=10.0; output_total=10.0; cause=Raw Data Issue.
warning,DH Tata Kelola-Kepatuhan,,weight_audit,DH Tata Kelola-Kepatuhan,"Weight total not 100: level=output; kpi_type=KAI; parent=Tingkat pemenuhan tata kelola, manajemen risiko, dan kepatuhan internal (Penyelesaian Temuan Audit); raw_total=5.0; output_total=5.0; cause=Raw Data Issue."
info,DH ManRisk Non Operasional,9,IMPACT,Total Productivity,enum_issue category=normalized; field=Polarity; raw=Positif; normalized=POSITIVE; Polarity normalized to POSITIVE.
info,DH ManRisk Non Operasional,9,IMPACT,Total Productivity,enum_issue category=normalized; field=Period; raw=Triwulanan; normalized=TRIWULANAN; Period normalized to TRIWULANAN.
info,DH ManRisk Non Operasional,10,IMPACT,Traffic Volume,enum_issue category=normalized; field=Polarity; raw=Positif; normalized=POSITIVE; Polarity normalized to POSITIVE.
info,DH ManRisk Non Operasional,10,IMPACT,Traffic Volume,enum_issue category=normalized; field=Period; raw=Triwulanan; normalized=TRIWULANAN; Period normalized to TRIWULANAN.
info,DH ManRisk Non Operasional,11,IMPACT,(ROIC > WACC) x Inv.Capital,enum_issue category=normalized; field=Polarity; raw=Positif; normalized=POSITIVE; Polarity normalized to POSITIVE.
info,DH ManRisk Non Operasional,11,IMPACT,(ROIC > WACC) x Inv.Capital,enum_issue category=normalized; field=Period; raw=Triwulanan; normalized=TRIWULANAN; Period normalized to TRIWULANAN.
info,DH ManRisk Non Operasional,12,IMPACT,Net Income,enum_issue category=normalized; field=Polarity; raw=Positif; normalized=POSITIVE; Polarity normalized to POSITIVE.
info,DH ManRisk Non Operasional,12,IMPACT,Net Income,enum_issue category=normalized; field=Period; raw=Triwulanan; normalized=TRIWULANAN; Period normalized to TRIWULANAN.
info,DH ManRisk Non Operasional,13,IMPACT,ESG Rating,enum_issue category=normalized; field=Polarity; raw=Positif; normalized=POSITIVE; Polarity normalized to POSITIVE.
info,DH ManRisk Non Operasional,13,IMPACT,ESG Rating,enum_issue category=normalized; field=Period; raw=Tahunan; normalized=TAHUNAN; Period normalized to TAHUNAN.
info,DH ManRisk Non Operasional,14,IMPACT,Lost Time Injury Frequency Rate (LTIFR),enum_issue category=normalized; field=Polarity; raw=Positif; normalized=POSITIVE; Polarity normalized to POSITIVE.
info,DH ManRisk Non Operasional,14,IMPACT,Lost Time Injury Frequency Rate (LTIFR),enum_issue category=normalized; field=Period; raw=Triwulanan; normalized=TRIWULANAN; Period normalized to TRIWULANAN.
info,DH ManRisk Non Operasional,15,IMPACT,Number of KRI exceeding its risk tolerance limit,enum_issue category=normalized; field=Polarity; raw=Negatif; normalized=NEGATIVE; Polarity normalized to NEGATIVE.
info,DH ManRisk Non Operasional,15,IMPACT,Number of KRI exceeding its risk tolerance limit,enum_issue category=normalized; field=Period; raw=Triwulanan; normalized=TRIWULANAN; Period normalized to TRIWULANAN.
info,DH ManRisk Non Operasional,20,IMPACT,Pengembangan Ekosistem Bali Maritime Tourism Hub (BMTH),enum_issue category=normalized; field=Polarity; raw=Positif; normalized=POSITIVE; Polarity normalized to POSITIVE.
info,DH ManRisk Non Operasional,20,IMPACT,Pengembangan Ekosistem Bali Maritime Tourism Hub (BMTH),enum_issue category=normalized; field=Period; raw=Triwulanan; normalized=TRIWULANAN; Period normalized to TRIWULANAN.
info,DH ManRisk Non Operasional,21,IMPACT,Strategic Project Delivery,enum_issue category=normalized; field=Polarity; raw=Positif; normalized=POSITIVE; Polarity normalized to POSITIVE.
info,DH ManRisk Non Operasional,21,IMPACT,Strategic Project Delivery,enum_issue category=normalized; field=Period; raw=Triwulanan; normalized=TRIWULANAN; Period normalized to TRIWULANAN.
info,DH ManRisk Non Operasional,22,IMPACT,Manpower productivity (Revenue per total manpower),enum_issue category=normalized; field=Polarity; raw=Negatif; normalized=NEGATIVE; Polarity normalized to NEGATIVE.
info,DH ManRisk Non Operasional,22,IMPACT,Manpower productivity (Revenue per total manpower),enum_issue category=normalized; field=Period; raw=Triwulanan; normalized=TRIWULANAN; Period normalized to TRIWULANAN.
info,DH ManRisk Non Operasional,12,OUTPUT,Penyerapan Anggaran Dinas Dept,enum_issue category=normalized; field=Period; raw=Triwulanan; normalized=TRIWULANAN; Period normalized to TRIWULANAN.
info,DH ManRisk Non Operasional,12,OUTPUT,Penyerapan Anggaran Dinas Dept,enum_issue category=normalized; field=Polarity; raw=Negatif; normalized=NEGATIVE; Polarity normalized to NEGATIVE.
info,DH ManRisk Non Operasional,15,OUTPUT,"Evaluasi Hasil Reviu Kajian Risiko atas Kerjasama Usaha, Investasi dan Aksi Korporasi",enum_issue category=normalized; field=Period; raw=Triwulanan; normalized=TRIWULANAN; Period normalized to TRIWULANAN.
info,DH ManRisk Non Operasional,15,OUTPUT,"Evaluasi Hasil Reviu Kajian Risiko atas Kerjasama Usaha, Investasi dan Aksi Korporasi",enum_issue category=normalized; field=Polarity; raw=Positif; normalized=POSITIVE; Polarity normalized to POSITIVE.
info,DH ManRisk Non Operasional,16,OUTPUT,Evaluasi Peningkatan fungsi manajemen risiko dalam perencanaan strategis dan operasional,enum_issue category=normalized; field=Period; raw=Tahunan; normalized=TAHUNAN; Period normalized to TAHUNAN.
info,DH ManRisk Non Operasional,16,OUTPUT,Evaluasi Peningkatan fungsi manajemen risiko dalam perencanaan strategis dan operasional,enum_issue category=normalized; field=Polarity; raw=Positif; normalized=POSITIVE; Polarity normalized to POSITIVE.
info,DH ManRisk Non Operasional,17,OUTPUT,Evaluasi Pelaksanaan Implementasi Business Continuity Management,enum_issue category=normalized; field=Period; raw=Tahunan; normalized=TAHUNAN; Period normalized to TAHUNAN.
info,DH ManRisk Non Operasional,17,OUTPUT,Evaluasi Pelaksanaan Implementasi Business Continuity Management,enum_issue category=normalized; field=Polarity; raw=Positif; normalized=POSITIVE; Polarity normalized to POSITIVE.
info,DH ManRisk Non Operasional,18,OUTPUT,"Evaluasi draft kajian perubahan iklim yang berdampak atas BCM

Rekomendasi modifikasi dari group K3: identifikasi risiko atas perubahan iklim yang berdampak pada bisnis PELINDO",enum_issue category=normalized; field=Period; raw=Tahunan; normalized=TAHUNAN; Period normalized to TAHUNAN.
info,DH ManRisk Non Operasional,18,OUTPUT,"Evaluasi draft kajian perubahan iklim yang berdampak atas BCM

Rekomendasi modifikasi dari group K3: identifikasi risiko atas perubahan iklim yang berdampak pada bisnis PELINDO",enum_issue category=normalized; field=Polarity; raw=Positif; normalized=POSITIVE; Polarity normalized to POSITIVE.
info,DH ManRisk Non Operasional,19,OUTPUT,Evaluasi Draft Contingency Report,enum_issue category=normalized; field=Period; raw=Tahunan; normalized=TAHUNAN; Period normalized to TAHUNAN.
info,DH ManRisk Non Operasional,19,OUTPUT,Evaluasi Draft Contingency Report,enum_issue category=normalized; field=Polarity; raw=Positif; normalized=POSITIVE; Polarity normalized to POSITIVE.
info,DH ManRisk Non Operasional,22,OUTPUT,"Tingkat pemenuhan tata kelola, manajemen risiko, dan kepatuhan internal (Penyelesaian Temuan Audit)",enum_issue category=normalized; field=Period; raw=Triwulanan; normalized=TRIWULANAN; Period normalized to TRIWULANAN.
info,DH ManRisk Non Operasional,22,OUTPUT,"Tingkat pemenuhan tata kelola, manajemen risiko, dan kepatuhan internal (Penyelesaian Temuan Audit)",enum_issue category=normalized; field=Polarity; raw=Positif; normalized=POSITIVE; Polarity normalized to POSITIVE.
info,DH ManRisk Non Operasional,16,KAI,Persentase Implementasi Rencana Aksi Manajemen Risiko Non Operasional,enum_issue category=normalized; field=Nature Of Work; raw=Non-Routine; normalized=Non Routine; KAI Nature normalized to Non Routine.
info,DH ManRisk Non Operasional,17,KAI,Persentase Pelaksanaan Business Continuity Management,enum_issue category=normalized; field=Nature Of Work; raw=Non-Routine; normalized=Non Routine; KAI Nature normalized to Non Routine.
info,DH ManRisk Non Operasional,18,KAI,Persentase Kepatuhan Penyusunan Draft Laporan kajian perubahan,enum_issue category=normalized; field=Nature Of Work; raw=Non-Routine; normalized=Non Routine; KAI Nature normalized to Non Routine.
info,DH ManRisk Non Operasional,19,KAI,Persentase Kepatuhan Penyusunan Draft Laporan Kontinjensi,enum_issue category=normalized; field=Nature Of Work; raw=Non-Routine; normalized=Non Routine; KAI Nature normalized to Non Routine.
warning,DH ManRisk Non Operasional,,weight_audit,DH ManRisk Non Operasional,Weight total not 100: level=impact; kpi_type=OUTPUT; parent=Manpower productivity (Revenue per total manpower); raw_total=5.0; output_total=5.0; cause=Raw Data Issue.
warning,DH ManRisk Non Operasional,,weight_audit,DH ManRisk Non Operasional,Weight total not 100: level=impact; kpi_type=OUTPUT; parent=Net Income; raw_total=5.0; output_total=5.0; cause=Raw Data Issue.
warning,DH ManRisk Non Operasional,,weight_audit,DH ManRisk Non Operasional,Weight total not 100: level=impact; kpi_type=OUTPUT; parent=Number of KRI exceeding its risk tolerance limit; raw_total=90.0; output_total=90.0; cause=Raw Data Issue.
warning,DH ManRisk Non Operasional,,weight_audit,DH ManRisk Non Operasional,Weight total not 100: level=output; kpi_type=KAI; parent=Evaluasi Draft Contingency Report; raw_total=15.0; output_total=15.0; cause=Raw Data Issue.
warning,DH ManRisk Non Operasional,,weight_audit,DH ManRisk Non Operasional,"Weight total not 100: level=output; kpi_type=KAI; parent=Evaluasi Hasil Reviu Kajian Risiko atas Kerjasama Usaha, Investasi dan Aksi Korporasi; raw_total=20.0; output_total=20.0; cause=Raw Data Issue."
warning,DH ManRisk Non Operasional,,weight_audit,DH ManRisk Non Operasional,Weight total not 100: level=output; kpi_type=KAI; parent=Evaluasi Pelaksanaan Implementasi Business Continuity Management; raw_total=25.0; output_total=25.0; cause=Raw Data Issue.
warning,DH ManRisk Non Operasional,,weight_audit,DH ManRisk Non Operasional,Weight total not 100: level=output; kpi_type=KAI; parent=Evaluasi Peningkatan fungsi manajemen risiko dalam perencanaan strategis dan operasional; raw_total=15.0; output_total=15.0; cause=Raw Data Issue.
warning,DH ManRisk Non Operasional,,weight_audit,DH ManRisk Non Operasional,"Weight total not 100: level=output; kpi_type=KAI; parent=Evaluasi draft kajian perubahan iklim yang berdampak atas BCM

Rekomendasi modifikasi dari group K3: identifikasi risiko atas perubahan iklim yang berdampak pada bisnis PELINDO; raw_total=15.0; output_total=15.0; cause=Raw Data Issue."
warning,DH ManRisk Non Operasional,,weight_audit,DH ManRisk Non Operasional,Weight total not 100: level=output; kpi_type=KAI; parent=Penyerapan Anggaran Dinas Dept; raw_total=5.0; output_total=5.0; cause=Raw Data Issue.
warning,DH ManRisk Non Operasional,,weight_audit,DH ManRisk Non Operasional,"Weight total not 100: level=output; kpi_type=KAI; parent=Tingkat pemenuhan tata kelola, manajemen risiko, dan kepatuhan internal (Penyelesaian Temuan Audit); raw_total=5.0; output_total=5.0; cause=Raw Data Issue."
info,DH ManRisk Operasional,9,IMPACT,Total Productivity,enum_issue category=normalized; field=Polarity; raw=Positif; normalized=POSITIVE; Polarity normalized to POSITIVE.
info,DH ManRisk Operasional,9,IMPACT,Total Productivity,enum_issue category=normalized; field=Period; raw=Triwulanan; normalized=TRIWULANAN; Period normalized to TRIWULANAN.
info,DH ManRisk Operasional,10,IMPACT,Traffic Volume,enum_issue category=normalized; field=Polarity; raw=Positif; normalized=POSITIVE; Polarity normalized to POSITIVE.
info,DH ManRisk Operasional,10,IMPACT,Traffic Volume,enum_issue category=normalized; field=Period; raw=Triwulanan; normalized=TRIWULANAN; Period normalized to TRIWULANAN.
info,DH ManRisk Operasional,11,IMPACT,(ROIC > WACC) x Inv.Capital,enum_issue category=normalized; field=Polarity; raw=Positif; normalized=POSITIVE; Polarity normalized to POSITIVE.
info,DH ManRisk Operasional,11,IMPACT,(ROIC > WACC) x Inv.Capital,enum_issue category=normalized; field=Period; raw=Triwulanan; normalized=TRIWULANAN; Period normalized to TRIWULANAN.
info,DH ManRisk Operasional,12,IMPACT,Net Income,enum_issue category=normalized; field=Polarity; raw=Positif; normalized=POSITIVE; Polarity normalized to POSITIVE.
info,DH ManRisk Operasional,12,IMPACT,Net Income,enum_issue category=normalized; field=Period; raw=Triwulanan; normalized=TRIWULANAN; Period normalized to TRIWULANAN.
info,DH ManRisk Operasional,13,IMPACT,ESG Rating,enum_issue category=normalized; field=Polarity; raw=Positif; normalized=POSITIVE; Polarity normalized to POSITIVE.
info,DH ManRisk Operasional,13,IMPACT,ESG Rating,enum_issue category=normalized; field=Period; raw=Tahunan; normalized=TAHUNAN; Period normalized to TAHUNAN.
info,DH ManRisk Operasional,14,IMPACT,Lost Time Injury Frequency Rate (LTIFR),enum_issue category=normalized; field=Polarity; raw=Positif; normalized=POSITIVE; Polarity normalized to POSITIVE.
info,DH ManRisk Operasional,14,IMPACT,Lost Time Injury Frequency Rate (LTIFR),enum_issue category=normalized; field=Period; raw=Triwulanan; normalized=TRIWULANAN; Period normalized to TRIWULANAN.
info,DH ManRisk Operasional,15,IMPACT,Number of KRI exceeding its risk tolerance limit,enum_issue category=normalized; field=Polarity; raw=Negatif; normalized=NEGATIVE; Polarity normalized to NEGATIVE.
info,DH ManRisk Operasional,15,IMPACT,Number of KRI exceeding its risk tolerance limit,enum_issue category=normalized; field=Period; raw=Triwulanan; normalized=TRIWULANAN; Period normalized to TRIWULANAN.
info,DH ManRisk Operasional,21,IMPACT,Pengembangan Ekosistem Bali Maritime Tourism Hub (BMTH),enum_issue category=normalized; field=Polarity; raw=Positif; normalized=POSITIVE; Polarity normalized to POSITIVE.
info,DH ManRisk Operasional,21,IMPACT,Pengembangan Ekosistem Bali Maritime Tourism Hub (BMTH),enum_issue category=normalized; field=Period; raw=Triwulanan; normalized=TRIWULANAN; Period normalized to TRIWULANAN.
info,DH ManRisk Operasional,22,IMPACT,Strategic Project Delivery,enum_issue category=normalized; field=Polarity; raw=Positif; normalized=POSITIVE; Polarity normalized to POSITIVE.
info,DH ManRisk Operasional,22,IMPACT,Strategic Project Delivery,enum_issue category=normalized; field=Period; raw=Triwulanan; normalized=TRIWULANAN; Period normalized to TRIWULANAN.
info,DH ManRisk Operasional,23,IMPACT,Manpower productivity (Revenue per total manpower),enum_issue category=normalized; field=Polarity; raw=Negatif; normalized=NEGATIVE; Polarity normalized to NEGATIVE.
info,DH ManRisk Operasional,23,IMPACT,Manpower productivity (Revenue per total manpower),enum_issue category=normalized; field=Period; raw=Triwulanan; normalized=TRIWULANAN; Period normalized to TRIWULANAN.
info,DH ManRisk Operasional,12,OUTPUT,Analisa Penyerapan Anggaran Dept MRIO,enum_issue category=normalized; field=Period; raw=Bulanan; normalized=BULANAN; Period normalized to BULANAN.
info,DH ManRisk Operasional,12,OUTPUT,Analisa Penyerapan Anggaran Dept MRIO,enum_issue category=normalized; field=Polarity; raw=Negatif; normalized=NEGATIVE; Polarity normalized to NEGATIVE.
info,DH ManRisk Operasional,15,OUTPUT,Evaluasi Number of KRI exceeding its risk tolerance limit,enum_issue category=normalized; field=Period; raw=Bulanan; normalized=BULANAN; Period normalized to BULANAN.
info,DH ManRisk Operasional,15,OUTPUT,Evaluasi Number of KRI exceeding its risk tolerance limit,enum_issue category=normalized; field=Polarity; raw=Negatif; normalized=NEGATIVE; Polarity normalized to NEGATIVE.
info,DH ManRisk Operasional,16,OUTPUT,Pelaksanaan ICOFR,enum_issue category=normalized; field=Period; raw=Tahunan; normalized=TAHUNAN; Period normalized to TAHUNAN.
info,DH ManRisk Operasional,16,OUTPUT,Pelaksanaan ICOFR,enum_issue category=normalized; field=Polarity; raw=Positif; normalized=POSITIVE; Polarity normalized to POSITIVE.
info,DH ManRisk Operasional,17,OUTPUT,Evaluasi Draft RKAP dan Draft Laporan Manajemen Bab  Manajemen Risiko,enum_issue category=normalized; field=Period; raw=Bulanan; normalized=BULANAN; Period normalized to BULANAN.
info,DH ManRisk Operasional,17,OUTPUT,Evaluasi Draft RKAP dan Draft Laporan Manajemen Bab  Manajemen Risiko,enum_issue category=normalized; field=Polarity; raw=Positif; normalized=POSITIVE; Polarity normalized to POSITIVE.
info,DH ManRisk Operasional,18,OUTPUT,Pengembangan Aplikasi PRIMA,enum_issue category=normalized; field=Period; raw=Triwulanan; normalized=TRIWULANAN; Period normalized to TRIWULANAN.
info,DH ManRisk Operasional,18,OUTPUT,Pengembangan Aplikasi PRIMA,enum_issue category=normalized; field=Polarity; raw=Positif; normalized=POSITIVE; Polarity normalized to POSITIVE.
info,DH ManRisk Operasional,19,OUTPUT,Pendampingan Assessment Tingkat Maturitas Penerapan Manajemen Risiko,enum_issue category=normalized; field=Period; raw=Tahunan; normalized=TAHUNAN; Period normalized to TAHUNAN.
info,DH ManRisk Operasional,19,OUTPUT,Pendampingan Assessment Tingkat Maturitas Penerapan Manajemen Risiko,enum_issue category=normalized; field=Polarity; raw=Positif; normalized=POSITIVE; Polarity normalized to POSITIVE.
info,DH ManRisk Operasional,20,OUTPUT,Pendampingan Program Budaya Risiko,enum_issue category=normalized; field=Period; raw=Triwulanan; normalized=TRIWULANAN; Period normalized to TRIWULANAN.
info,DH ManRisk Operasional,20,OUTPUT,Pendampingan Program Budaya Risiko,enum_issue category=normalized; field=Polarity; raw=Positif; normalized=POSITIVE; Polarity normalized to POSITIVE.
info,DH ManRisk Operasional,23,OUTPUT,Tingkat pemenuhan manajemen risiko (Penyelesaian Temuan Audit),enum_issue category=normalized; field=Period; raw=Triwulanan; normalized=TRIWULANAN; Period normalized to TRIWULANAN.
info,DH ManRisk Operasional,23,OUTPUT,Tingkat pemenuhan manajemen risiko (Penyelesaian Temuan Audit),enum_issue category=normalized; field=Polarity; raw=Positif; normalized=POSITIVE; Polarity normalized to POSITIVE.
info,DH ManRisk Operasional,16,KAI,Persentase Penyelesaian Diagnostic ICOFR Tepat Waktu,enum_issue category=normalized; field=Nature Of Work; raw=Non-Routine; normalized=Non Routine; KAI Nature normalized to Non Routine.
info,DH ManRisk Operasional,19,KAI,Persentase Penyelesaian Sesi Pendampingan Assessment Tingkat Maturitas Manajemen Risiko,enum_issue category=normalized; field=Nature Of Work; raw=Non-Routine; normalized=Non Routine; KAI Nature normalized to Non Routine.
warning,DH ManRisk Operasional,,weight_audit,DH ManRisk Operasional,Weight total not 100: level=impact; kpi_type=OUTPUT; parent=Manpower productivity (Revenue per total manpower); raw_total=15.0; output_total=15.0; cause=Raw Data Issue.
warning,DH ManRisk Operasional,,weight_audit,DH ManRisk Operasional,Weight total not 100: level=impact; kpi_type=OUTPUT; parent=Net Income; raw_total=5.0; output_total=5.0; cause=Raw Data Issue.
warning,DH ManRisk Operasional,,weight_audit,DH ManRisk Operasional,Weight total not 100: level=impact; kpi_type=OUTPUT; parent=Number of KRI exceeding its risk tolerance limit; raw_total=80.0; output_total=80.0; cause=Raw Data Issue.
warning,DH ManRisk Operasional,,weight_audit,DH ManRisk Operasional,Weight total not 100: level=output; kpi_type=KAI; parent=Analisa Penyerapan Anggaran Dept MRIO; raw_total=5.0; output_total=5.0; cause=Raw Data Issue.
warning,DH ManRisk Operasional,,weight_audit,DH ManRisk Operasional,Weight total not 100: level=output; kpi_type=KAI; parent=Evaluasi Draft RKAP dan Draft Laporan Manajemen Bab  Manajemen Risiko; raw_total=20.0; output_total=20.0; cause=Raw Data Issue.
warning,DH ManRisk Operasional,,weight_audit,DH ManRisk Operasional,Weight total not 100: level=output; kpi_type=KAI; parent=Evaluasi Number of KRI exceeding its risk tolerance limit; raw_total=10.0; output_total=10.0; cause=Raw Data Issue.
warning,DH ManRisk Operasional,,weight_audit,DH ManRisk Operasional,Weight total not 100: level=output; kpi_type=KAI; parent=Pelaksanaan ICOFR; raw_total=10.0; output_total=10.0; cause=Raw Data Issue.
warning,DH ManRisk Operasional,,weight_audit,DH ManRisk Operasional,Weight total not 100: level=output; kpi_type=KAI; parent=Pendampingan Assessment Tingkat Maturitas Penerapan Manajemen Risiko; raw_total=15.0; output_total=15.0; cause=Raw Data Issue.
warning,DH ManRisk Operasional,,weight_audit,DH ManRisk Operasional,Weight total not 100: level=output; kpi_type=KAI; parent=Pendampingan Program Budaya Risiko; raw_total=15.0; output_total=15.0; cause=Raw Data Issue.
warning,DH ManRisk Operasional,,weight_audit,DH ManRisk Operasional,Weight total not 100: level=output; kpi_type=KAI; parent=Pengembangan Aplikasi PRIMA; raw_total=10.0; output_total=10.0; cause=Raw Data Issue.
warning,DH ManRisk Operasional,,weight_audit,DH ManRisk Operasional,Weight total not 100: level=output; kpi_type=KAI; parent=Tingkat pemenuhan manajemen risiko (Penyelesaian Temuan Audit); raw_total=15.0; output_total=15.0; cause=Raw Data Issue.
info,Group Head,9,IMPACT,Total Productivity,enum_issue category=normalized; field=Polarity; raw=Positif; normalized=POSITIVE; Polarity normalized to POSITIVE.
info,Group Head,9,IMPACT,Total Productivity,enum_issue category=normalized; field=Period; raw=Triwulanan; normalized=TRIWULANAN; Period normalized to TRIWULANAN.
info,Group Head,10,IMPACT,Traffic Volume,enum_issue category=normalized; field=Polarity; raw=Positif; normalized=POSITIVE; Polarity normalized to POSITIVE.
info,Group Head,10,IMPACT,Traffic Volume,enum_issue category=normalized; field=Period; raw=Triwulanan; normalized=TRIWULANAN; Period normalized to TRIWULANAN.
info,Group Head,11,IMPACT,(ROIC > WACC) x Inv.Capital,enum_issue category=normalized; field=Polarity; raw=Positif; normalized=POSITIVE; Polarity normalized to POSITIVE.
info,Group Head,11,IMPACT,(ROIC > WACC) x Inv.Capital,enum_issue category=normalized; field=Period; raw=Triwulanan; normalized=TRIWULANAN; Period normalized to TRIWULANAN.
info,Group Head,12,IMPACT,Net Income,enum_issue category=normalized; field=Polarity; raw=Positif; normalized=POSITIVE; Polarity normalized to POSITIVE.
info,Group Head,12,IMPACT,Net Income,enum_issue category=normalized; field=Period; raw=Triwulanan; normalized=TRIWULANAN; Period normalized to TRIWULANAN.
info,Group Head,14,IMPACT,ESG Rating,enum_issue category=normalized; field=Polarity; raw=Positif; normalized=POSITIVE; Polarity normalized to POSITIVE.
info,Group Head,14,IMPACT,ESG Rating,enum_issue category=normalized; field=Period; raw=Tahunan; normalized=TAHUNAN; Period normalized to TAHUNAN.
info,Group Head,15,IMPACT,Lost Time Injury Frequency Rate (LTIFR),enum_issue category=normalized; field=Polarity; raw=Positif; normalized=POSITIVE; Polarity normalized to POSITIVE.
info,Group Head,15,IMPACT,Lost Time Injury Frequency Rate (LTIFR),enum_issue category=normalized; field=Period; raw=Triwulanan; normalized=TRIWULANAN; Period normalized to TRIWULANAN.
info,Group Head,16,IMPACT,Number of KRI exceeding its risk tolerance limit,enum_issue category=normalized; field=Polarity; raw=Negatif; normalized=NEGATIVE; Polarity normalized to NEGATIVE.
info,Group Head,16,IMPACT,Number of KRI exceeding its risk tolerance limit,enum_issue category=normalized; field=Period; raw=Triwulanan; normalized=TRIWULANAN; Period normalized to TRIWULANAN.
info,Group Head,20,IMPACT,Pengembangan Ekosistem Bali Maritime Tourism Hub (BMTH),enum_issue category=normalized; field=Polarity; raw=Positif; normalized=POSITIVE; Polarity normalized to POSITIVE.
info,Group Head,20,IMPACT,Pengembangan Ekosistem Bali Maritime Tourism Hub (BMTH),enum_issue category=normalized; field=Period; raw=Triwulanan; normalized=TRIWULANAN; Period normalized to TRIWULANAN.
info,Group Head,21,IMPACT,Strategic Project Delivery,enum_issue category=normalized; field=Polarity; raw=Positif; normalized=POSITIVE; Polarity normalized to POSITIVE.
info,Group Head,21,IMPACT,Strategic Project Delivery,enum_issue category=normalized; field=Period; raw=Triwulanan; normalized=TRIWULANAN; Period normalized to TRIWULANAN.
info,Group Head,22,IMPACT,Manpower productivity (Revenue per total manpower),enum_issue category=normalized; field=Polarity; raw=Negatif; normalized=NEGATIVE; Polarity normalized to NEGATIVE.
info,Group Head,22,IMPACT,Manpower productivity (Revenue per total manpower),enum_issue category=normalized; field=Period; raw=Triwulanan; normalized=TRIWULANAN; Period normalized to TRIWULANAN.
info,Group Head,9,OUTPUT,Implementasi Business Continuity Management,enum_issue category=normalized; field=Period; raw=Triwulanan; normalized=TRIWULANAN; Period normalized to TRIWULANAN.
info,Group Head,9,OUTPUT,Implementasi Business Continuity Management,enum_issue category=normalized; field=Polarity; raw=Positif; normalized=POSITIVE; Polarity normalized to POSITIVE.
info,Group Head,12,OUTPUT,BOPO,enum_issue category=normalized; field=Period; raw=Triwulanan; normalized=TRIWULANAN; Period normalized to TRIWULANAN.
info,Group Head,12,OUTPUT,BOPO,enum_issue category=normalized; field=Polarity; raw=Negatif; normalized=NEGATIVE; Polarity normalized to NEGATIVE.
info,Group Head,13,OUTPUT,EBITDA,enum_issue category=normalized; field=Period; raw=Triwulanan; normalized=TRIWULANAN; Period normalized to TRIWULANAN.
info,Group Head,13,OUTPUT,EBITDA,enum_issue category=normalized; field=Polarity; raw=Positif; normalized=POSITIVE; Polarity normalized to POSITIVE.
info,Group Head,16,OUTPUT,Pemenuhan Pakta Integritas Pekerja Pelindo dan LHKPN untuk Wajib Lapor LHKPN,enum_issue category=normalized; field=Period; raw=Tahunan; normalized=TAHUNAN; Period normalized to TAHUNAN.
info,Group Head,16,OUTPUT,Pemenuhan Pakta Integritas Pekerja Pelindo dan LHKPN untuk Wajib Lapor LHKPN,enum_issue category=normalized; field=Polarity; raw=Positif; normalized=POSITIVE; Polarity normalized to POSITIVE.
info,Group Head,17,OUTPUT,Tindaklanjut laporan yang dihasilkan WBS,enum_issue category=normalized; field=Period; raw=Semester; normalized=SEMESTER; Period normalized to SEMESTER.
info,Group Head,17,OUTPUT,Tindaklanjut laporan yang dihasilkan WBS,enum_issue category=normalized; field=Polarity; raw=Positif; normalized=POSITIVE; Polarity normalized to POSITIVE.
info,Group Head,18,OUTPUT,Tingkat Maturitas Penerapan Manajemen Risiko,enum_issue category=normalized; field=Period; raw=Tahunan; normalized=TAHUNAN; Period normalized to TAHUNAN.
info,Group Head,18,OUTPUT,Tingkat Maturitas Penerapan Manajemen Risiko,enum_issue category=normalized; field=Polarity; raw=Positif; normalized=POSITIVE; Polarity normalized to POSITIVE.
info,Group Head,19,OUTPUT,Implementasi Manajemen Risiko,enum_issue category=normalized; field=Period; raw=Triwulanan; normalized=TRIWULANAN; Period normalized to TRIWULANAN.
info,Group Head,19,OUTPUT,Implementasi Manajemen Risiko,enum_issue category=normalized; field=Polarity; raw=Positif; normalized=POSITIVE; Polarity normalized to POSITIVE.
info,Group Head,22,OUTPUT,"Tingkat pemenuhan tata kelola, manajemen risiko, dan kepatuhan internal (Penyelesaian Temuan Audit)",enum_issue category=normalized; field=Period; raw=Triwulanan; normalized=TRIWULANAN; Period normalized to TRIWULANAN.
info,Group Head,22,OUTPUT,"Tingkat pemenuhan tata kelola, manajemen risiko, dan kepatuhan internal (Penyelesaian Temuan Audit)",enum_issue category=normalized; field=Polarity; raw=Positif; normalized=POSITIVE; Polarity normalized to POSITIVE.
info,Group Head,16,KAI,Persentase Penyelesaian Penandatanganan Pakta Integritas oleh Pegawai organik dan Pelaporan LHKPN oleh Wajib Lapor LHKPN di lingkungan Pelindo,enum_issue category=normalized; field=Nature Of Work; raw=Non-Routine; normalized=Non Routine; KAI Nature normalized to Non Routine.
info,Group Head,17,KAI,Persentase  Tindaklanjut laporan yang dihasilkan WBS,enum_issue category=normalized; field=Nature Of Work; raw=Non-Routine; normalized=Non Routine; KAI Nature normalized to Non Routine.
info,Group Head,18,KAI,Persentase Penyelesaian Audit Internal Manajemen Risiko,enum_issue category=normalized; field=Nature Of Work; raw=Non-Routine; normalized=Non Routine; KAI Nature normalized to Non Routine.
warning,Group Head,,weight_audit,Group Head,Weight total not 100: level=impact; kpi_type=OUTPUT; parent=Manpower productivity (Revenue per total manpower); raw_total=15.0; output_total=15.0; cause=Raw Data Issue.
warning,Group Head,,weight_audit,Group Head,Weight total not 100: level=impact; kpi_type=OUTPUT; parent=Net Income; raw_total=10.0; output_total=10.0; cause=Raw Data Issue.
warning,Group Head,,weight_audit,Group Head,Weight total not 100: level=impact; kpi_type=OUTPUT; parent=Number of KRI exceeding its risk tolerance limit; raw_total=55.0; output_total=55.0; cause=Raw Data Issue.
warning,Group Head,,weight_audit,Group Head,Weight total not 100: level=impact; kpi_type=OUTPUT; parent=Total Productivity; raw_total=20.0; output_total=20.0; cause=Raw Data Issue.
warning,Group Head,,weight_audit,Group Head,Weight total not 100: level=output; kpi_type=KAI; parent=BOPO; raw_total=5.0; output_total=5.0; cause=Raw Data Issue.
warning,Group Head,,weight_audit,Group Head,Weight total not 100: level=output; kpi_type=KAI; parent=EBITDA; raw_total=5.0; output_total=5.0; cause=Raw Data Issue.
warning,Group Head,,weight_audit,Group Head,Weight total not 100: level=output; kpi_type=KAI; parent=Implementasi Business Continuity Management; raw_total=20.0; output_total=20.0; cause=Raw Data Issue.
warning,Group Head,,weight_audit,Group Head,Weight total not 100: level=output; kpi_type=KAI; parent=Implementasi Manajemen Risiko; raw_total=15.0; output_total=15.0; cause=Raw Data Issue.
warning,Group Head,,weight_audit,Group Head,Weight total not 100: level=output; kpi_type=KAI; parent=Pemenuhan Pakta Integritas Pekerja Pelindo dan LHKPN untuk Wajib Lapor LHKPN; raw_total=15.0; output_total=15.0; cause=Raw Data Issue.
warning,Group Head,,weight_audit,Group Head,Weight total not 100: level=output; kpi_type=KAI; parent=Tindaklanjut laporan yang dihasilkan WBS; raw_total=15.0; output_total=15.0; cause=Raw Data Issue.
warning,Group Head,,weight_audit,Group Head,Weight total not 100: level=output; kpi_type=KAI; parent=Tingkat Maturitas Penerapan Manajemen Risiko; raw_total=10.0; output_total=10.0; cause=Raw Data Issue.
warning,Group Head,,weight_audit,Group Head,"Weight total not 100: level=output; kpi_type=KAI; parent=Tingkat pemenuhan tata kelola, manajemen risiko, dan kepatuhan internal (Penyelesaian Temuan Audit); raw_total=15.0; output_total=15.0; cause=Raw Data Issue."
